timestamp,symbol,qty,current_price,market_value,unrealized_pl,imv,combined_market_value,pnl_pct
2026-08-31T09:36:51.308630-04:00,NONE,,,,,,,
2026-08-31T09:37:51.448978-04:00,NONE,,,,,,,
2026-08-31T09:38:51.331343-04:00,NONE,,,,,,,
2026-08-31T09:39:51.330467-04:00,NONE,,,,,,,
2026-08-31T09:40:51.376183-04:00,NONE,,,,,,,
2026-08-31T09:41:51.361588-04:00,NONE,,,,,,,
2026-08-31T09:42:51.392090-04:00,NONE,,,,,,,
2026-08-31T09:43:51.409531-04:00,NONE,,,,,,,
2026-08-31T09:44:51.438268-04:00,NONE,,,,,,,
2026-08-31T09:45:51.452846-04:00,NONE,,,,,,,
2026-08-31T09:46:51.589759-04:00,NONE,,,,,,,
2026-08-31T09:47:51.526870-04:00,NONE,,,,,,,
2026-08-31T09:48:51.527560-04:00,NONE,,,,,,,
2026-08-31T09:49:51.549082-04:00,NONE,,,,,,,
2026-08-31T09:50:51.666623-04:00,NONE,,,,,,,
2026-08-31T09:51:51.661508-04:00,NONE,,,,,,,
2026-08-31T09:52:51.599979-04:00,NONE,,,,,,,
2026-08-31T09:53:51.590920-04:00,NONE,,,,,,,
2026-08-31T09:54:19.956336-04:00,NONE,,,,,,,
2026-08-31T09:55:20.000824-04:00,SPY260904C00766000,-100,4.39,-43900.0,-700.0,,,
2026-08-31T09:55:20.000824-04:00,SPY260904C00776000,100,0.66,6600.0,0.0,,,
2026-08-31T09:55:20.000824-04:00,SPY260904P00756000,100,1.02,10200.0,-300.0,,,
2026-08-31T09:55:20.000824-04:00,SPY260904P00766000,-100,3.49,-34900.0,500.0,,,
2026-08-31T09:55:20.000824-04:00,TOTAL,,,-62000.0,,61500.0,-500.0,-0.81
2026-08-31T09:56:20.003198-04:00,SPY260904C00766000,-100,4.44,-44400.0,-1200.0,,,
2026-08-31T09:56:20.003198-04:00,SPY260904C00776000,100,0.67,6700.0,100.0,,,
2026-08-31T09:56:20.003198-04:00,SPY260904P00756000,100,0.99,9900.0,-600.0,,,
2026-08-31T09:56:20.003198-04:00,SPY260904P00766000,-100,3.43,-34300.0,1100.0,,,
2026-08-31T09:56:20.003198-04:00,TOTAL,,,-62100.0,,61500.0,-600.0,-0.98
2026-08-31T09:57:20.042258-04:00,SPY260904C00766000,-100,4.38,-43800.0,-600.0,,,
2026-08-31T09:57:20.042258-04:00,SPY260904C00776000,100,0.66,6600.0,0.0,,,
2026-08-31T09:57:20.042258-04:00,SPY260904P00756000,100,1.0,10000.0,-500.0,,,
2026-08-31T09:57:20.042258-04:00,SPY260904P00766000,-100,3.46,-34600.0,800.0,,,
2026-08-31T09:57:20.042258-04:00,TOTAL,,,-61800.0,,61500.0,-300.0,-0.49
2026-08-31T09:58:20.049141-04:00,SPY260904C00766000,-100,4.25,-42500.0,700.0,,,
2026-08-31T09:58:20.049141-04:00,SPY260904C00776000,100,0.62,6200.0,-400.0,,,
2026-08-31T09:58:20.049141-04:00,SPY260904P00756000,100,1.04,10400.0,-100.0,,,
2026-08-31T09:58:20.049141-04:00,SPY260904P00766000,-100,3.57,-35700.0,-300.0,,,
2026-08-31T09:58:20.049141-04:00,TOTAL,,,-61600.0,,61500.0,-100.0,-0.16
2026-08-31T09:59:20.061717-04:00,SPY260904C00766000,-100,4.25,-42500.0,700.0,,,
2026-08-31T09:59:20.061717-04:00,SPY260904C00776000,100,0.63,6300.0,-300.0,,,
2026-08-31T09:59:20.061717-04:00,SPY260904P00756000,100,1.05,10500.0,0.0,,,
2026-08-31T09:59:20.061717-04:00,SPY260904P00766000,-100,3.6,-36000.0,-600.0,,,
2026-08-31T09:59:20.061717-04:00,TOTAL,,,-61700.0,,61500.0,-200.0,-0.33
2026-08-31T10:00:20.128635-04:00,SPY260904C00766000,-100,4.2,-42000.0,1200.0,,,
2026-08-31T10:00:20.128635-04:00,SPY260904C00776000,100,0.61,6100.0,-500.0,,,
2026-08-31T10:00:20.128635-04:00,SPY260904P00756000,100,1.05,10500.0,0.0,,,
2026-08-31T10:00:20.128635-04:00,SPY260904P00766000,-100,3.62,-36200.0,-800.0,,,
2026-08-31T10:00:20.128635-04:00,TOTAL,,,-61600.0,,61500.0,-100.0,-0.16
2026-08-31T10:01:20.147131-04:00,SPY260904C00766000,-100,4.22,-42200.0,1000.0,,,
2026-08-31T10:01:20.147131-04:00,SPY260904C00776000,100,0.62,6200.0,-400.0,,,
2026-08-31T10:01:20.147131-04:00,SPY260904P00756000,100,1.05,10500.0,0.0,,,
2026-08-31T10:01:20.147131-04:00,SPY260904P00766000,-100,3.6,-36000.0,-600.0,,,
2026-08-31T10:01:20.147131-04:00,TOTAL,,,-61500.0,,61500.0,0.0,0.0
2026-08-31T10:02:20.144037-04:00,SPY260904C00766000,-100,4.17,-41700.0,1500.0,,,
2026-08-31T10:02:20.144037-04:00,SPY260904C00776000,100,0.61,6100.0,-500.0,,,
2026-08-31T10:02:20.144037-04:00,SPY260904P00756000,100,1.08,10800.0,300.0,,,
2026-08-31T10:02:20.144037-04:00,SPY260904P00766000,-100,3.66,-36600.0,-1200.0,,,
2026-08-31T10:02:20.144037-04:00,TOTAL,,,-61400.0,,61500.0,100.0,0.16
2026-08-31T10:03:20.144774-04:00,SPY260904C00766000,-100,4.12,-41200.0,2000.0,,,
2026-08-31T10:03:20.144774-04:00,SPY260904C00776000,100,0.6,6000.0,-600.0,,,
2026-08-31T10:03:20.144774-04:00,SPY260904P00756000,100,1.11,11100.0,600.0,,,
2026-08-31T10:03:20.144774-04:00,SPY260904P00766000,-100,3.74,-37400.0,-2000.0,,,
2026-08-31T10:03:20.144774-04:00,TOTAL,,,-61500.0,,61500.0,0.0,0.0
2026-08-31T10:04:20.183701-04:00,SPY260904C00766000,-100,4.12,-41200.0,2000.0,,,
2026-08-31T10:04:20.183701-04:00,SPY260904C00776000,100,0.6,6000.0,-600.0,,,
2026-08-31T10:04:20.183701-04:00,SPY260904P00756000,100,1.11,11100.0,600.0,,,
2026-08-31T10:04:20.183701-04:00,SPY260904P00766000,-100,3.75,-37500.0,-2100.0,,,
2026-08-31T10:04:20.183701-04:00,TOTAL,,,-61600.0,,61500.0,-100.0,-0.16
2026-08-31T10:05:20.241580-04:00,SPY260904C00766000,-100,4.09,-40900.0,2300.0,,,
2026-08-31T10:05:20.241580-04:00,SPY260904C00776000,100,0.59,5900.0,-700.0,,,
2026-08-31T10:05:20.241580-04:00,SPY260904P00756000,100,1.12,11200.0,700.0,,,
2026-08-31T10:05:20.241580-04:00,SPY260904P00766000,-100,3.77,-37700.0,-2300.0,,,
2026-08-31T10:05:20.241580-04:00,TOTAL,,,-61500.0,,61500.0,0.0,0.0
2026-08-31T10:06:20.277322-04:00,SPY260904C00766000,-100,4.15,-41500.0,1700.0,,,
2026-08-31T10:06:20.277322-04:00,SPY260904C00776000,100,0.6,6000.0,-600.0,,,
2026-08-31T10:06:20.277322-04:00,SPY260904P00756000,100,1.08,10800.0,300.0,,,
2026-08-31T10:06:20.277322-04:00,SPY260904P00766000,-100,3.69,-36900.0,-1500.0,,,
2026-08-31T10:06:20.277322-04:00,TOTAL,,,-61600.0,,61500.0,-100.0,-0.16
2026-08-31T10:07:20.369079-04:00,SPY260904C00766000,-100,4.03,-40300.0,2900.0,,,
2026-08-31T10:07:20.369079-04:00,SPY260904C00776000,100,0.57,5700.0,-900.0,,,
2026-08-31T10:07:20.369079-04:00,SPY260904P00756000,100,1.13,11300.0,800.0,,,
2026-08-31T10:07:20.369079-04:00,SPY260904P00766000,-100,3.83,-38300.0,-2900.0,,,
2026-08-31T10:07:20.369079-04:00,TOTAL,,,-61600.0,,61500.0,-100.0,-0.16
2026-08-31T10:08:20.282947-04:00,SPY260904C00766000,-100,3.95,-39500.0,3700.0,,,
2026-08-31T10:08:20.282947-04:00,SPY260904C00776000,100,0.56,5600.0,-1000.0,,,
2026-08-31T10:08:20.282947-04:00,SPY260904P00756000,100,1.17,11700.0,1200.0,,,
2026-08-31T10:08:20.282947-04:00,SPY260904P00766000,-100,3.92,-39200.0,-3800.0,,,
2026-08-31T10:08:20.282947-04:00,TOTAL,,,-61400.0,,61500.0,100.0,0.16
2026-08-31T10:09:20.303361-04:00,SPY260904C00766000,-100,3.99,-39900.0,3300.0,,,
2026-08-31T10:09:20.303361-04:00,SPY260904C00776000,100,0.57,5700.0,-900.0,,,
2026-08-31T10:09:20.303361-04:00,SPY260904P00756000,100,1.15,11500.0,1000.0,,,
2026-08-31T10:09:20.303361-04:00,SPY260904P00766000,-100,3.88,-38800.0,-3400.0,,,
2026-08-31T10:09:20.303361-04:00,TOTAL,,,-61500.0,,61500.0,0.0,0.0
2026-08-31T10:10:20.366547-04:00,SPY260904C00766000,-100,3.9,-39000.0,4200.0,,,
2026-08-31T10:10:20.366547-04:00,SPY260904C00776000,100,0.54,5400.0,-1200.0,,,
2026-08-31T10:10:20.366547-04:00,SPY260904P00756000,100,1.19,11900.0,1400.0,,,
2026-08-31T10:10:20.366547-04:00,SPY260904P00766000,-100,3.96,-39600.0,-4200.0,,,
2026-08-31T10:10:20.366547-04:00,TOTAL,,,-61300.0,,61500.0,200.0,0.33
2026-08-31T10:11:20.338687-04:00,SPY260904C00766000,-100,3.97,-39700.0,3500.0,,,
2026-08-31T10:11:20.338687-04:00,SPY260904C00776000,100,0.56,5600.0,-1000.0,,,
2026-08-31T10:11:20.338687-04:00,SPY260904P00756000,100,1.16,11600.0,1100.0,,,
2026-08-31T10:11:20.338687-04:00,SPY260904P00766000,-100,3.89,-38900.0,-3500.0,,,
2026-08-31T10:11:20.338687-04:00,TOTAL,,,-61400.0,,61500.0,100.0,0.16
2026-08-31T10:12:20.356752-04:00,SPY260904C00766000,-100,3.94,-39400.0,3800.0,,,
2026-08-31T10:12:20.356752-04:00,SPY260904C00776000,100,0.55,5500.0,-1100.0,,,
2026-08-31T10:12:20.356752-04:00,SPY260904P00756000,100,1.16,11600.0,1100.0,,,
2026-08-31T10:12:20.356752-04:00,SPY260904P00766000,-100,3.9,-39000.0,-3600.0,,,
2026-08-31T10:12:20.356752-04:00,TOTAL,,,-61300.0,,61500.0,200.0,0.33
2026-08-31T10:13:20.377397-04:00,SPY260904C00766000,-100,3.96,-39600.0,3600.0,,,
2026-08-31T10:13:20.377397-04:00,SPY260904C00776000,100,0.55,5500.0,-1100.0,,,
2026-08-31T10:13:20.377397-04:00,SPY260904P00756000,100,1.14,11400.0,900.0,,,
2026-08-31T10:13:20.377397-04:00,SPY260904P00766000,-100,3.85,-38500.0,-3100.0,,,
2026-08-31T10:13:20.377397-04:00,TOTAL,,,-61200.0,,61500.0,300.0,0.49
2026-08-31T10:14:20.412887-04:00,SPY260904C00766000,-100,3.99,-39900.0,3300.0,,,
2026-08-31T10:14:20.412887-04:00,SPY260904C00776000,100,0.56,5600.0,-1000.0,,,
2026-08-31T10:14:20.412887-04:00,SPY260904P00756000,100,1.12,11200.0,700.0,,,
2026-08-31T10:14:20.412887-04:00,SPY260904P00766000,-100,3.8,-38000.0,-2600.0,,,
2026-08-31T10:14:20.412887-04:00,TOTAL,,,-61100.0,,61500.0,400.0,0.65
2026-08-31T10:15:20.453780-04:00,SPY260904C00766000,-100,4.03,-40300.0,2900.0,,,
2026-08-31T10:15:20.453780-04:00,SPY260904C00776000,100,0.57,5700.0,-900.0,,,
2026-08-31T10:15:20.453780-04:00,SPY260904P00756000,100,1.1,11000.0,500.0,,,
2026-08-31T10:15:20.453780-04:00,SPY260904P00766000,-100,3.75,-37500.0,-2100.0,,,
2026-08-31T10:15:20.453780-04:00,TOTAL,,,-61100.0,,61500.0,400.0,0.65
2026-08-31T10:16:20.469589-04:00,SPY260904C00766000,-100,4.02,-40200.0,3000.0,,,
2026-08-31T10:16:20.469589-04:00,SPY260904C00776000,100,0.56,5600.0,-1000.0,,,
2026-08-31T10:16:20.469589-04:00,SPY260904P00756000,100,1.09,10900.0,400.0,,,
2026-08-31T10:16:20.469589-04:00,SPY260904P00766000,-100,3.75,-37500.0,-2100.0,,,
2026-08-31T10:16:20.469589-04:00,TOTAL,,,-61200.0,,61500.0,300.0,0.49
2026-08-31T10:17:20.448422-04:00,SPY260904C00766000,-100,4.05,-40500.0,2700.0,,,
2026-08-31T10:17:20.448422-04:00,SPY260904C00776000,100,0.57,5700.0,-900.0,,,
2026-08-31T10:17:20.448422-04:00,SPY260904P00756000,100,1.09,10900.0,400.0,,,
2026-08-31T10:17:20.448422-04:00,SPY260904P00766000,-100,3.73,-37300.0,-1900.0,,,
2026-08-31T10:17:20.448422-04:00,TOTAL,,,-61200.0,,61500.0,300.0,0.49
2026-08-31T10:18:35.578041-04:00,SPY260904C00766000,-100,4.13,-41300.0,1900.0,,,
2026-08-31T10:18:35.578041-04:00,SPY260904C00776000,100,0.59,5900.0,-700.0,,,
2026-08-31T10:18:35.578041-04:00,SPY260904P00756000,100,1.05,10500.0,0.0,,,
2026-08-31T10:18:35.578041-04:00,SPY260904P00766000,-100,3.63,-36300.0,-900.0,,,
2026-08-31T10:18:35.578041-04:00,TOTAL,,,-61200.0,,61500.0,300.0,0.49
2026-08-31T10:19:35.540482-04:00,SPY260904C00766000,-100,4.08,-40800.0,2400.0,,,
2026-08-31T10:19:35.540482-04:00,SPY260904C00776000,100,0.57,5700.0,-900.0,,,
2026-08-31T10:19:35.540482-04:00,SPY260904P00756000,100,1.07,10700.0,200.0,,,
2026-08-31T10:19:35.540482-04:00,SPY260904P00766000,-100,3.68,-36800.0,-1400.0,,,
2026-08-31T10:19:35.540482-04:00,TOTAL,,,-61200.0,,61500.0,300.0,0.49
2026-08-31T10:20:35.517327-04:00,SPY260904C00766000,-100,4.01,-40100.0,3100.0,,,
2026-08-31T10:20:35.517327-04:00,SPY260904C00776000,100,0.56,5600.0,-1000.0,,,
2026-08-31T10:20:35.517327-04:00,SPY260904P00756000,100,1.09,10900.0,400.0,,,
2026-08-31T10:20:35.517327-04:00,SPY260904P00766000,-100,3.73,-37300.0,-1900.0,,,
2026-08-31T10:20:35.517327-04:00,TOTAL,,,-60900.0,,61500.0,600.0,0.98
2026-08-31T10:21:35.576319-04:00,SPY260904C00766000,-100,4.04,-40400.0,2800.0,,,
2026-08-31T10:21:35.576319-04:00,SPY260904C00776000,100,0.56,5600.0,-1000.0,,,
2026-08-31T10:21:35.576319-04:00,SPY260904P00756000,100,1.06,10600.0,100.0,,,
2026-08-31T10:21:35.576319-04:00,SPY260904P00766000,-100,3.68,-36800.0,-1400.0,,,
2026-08-31T10:21:35.576319-04:00,TOTAL,,,-61000.0,,61500.0,500.0,0.81
2026-08-31T10:22:35.601067-04:00,SPY260904C00766000,-100,4.02,-40200.0,3000.0,,,
2026-08-31T10:22:35.601067-04:00,SPY260904C00776000,100,0.56,5600.0,-1000.0,,,
2026-08-31T10:22:35.601067-04:00,SPY260904P00756000,100,1.06,10600.0,100.0,,,
2026-08-31T10:22:35.601067-04:00,SPY260904P00766000,-100,3.68,-36800.0,-1400.0,,,
2026-08-31T10:22:35.601067-04:00,TOTAL,,,-60800.0,,61500.0,700.0,1.14
2026-08-31T10:23:35.622316-04:00,SPY260904C00766000,-100,3.77,-37700.0,5500.0,,,
2026-08-31T10:23:35.622316-04:00,SPY260904C00776000,100,0.51,5100.0,-1500.0,,,
2026-08-31T10:23:35.622316-04:00,SPY260904P00756000,100,1.19,11900.0,1400.0,,,
2026-08-31T10:23:35.622316-04:00,SPY260904P00766000,-100,4.03,-40300.0,-4900.0,,,
2026-08-31T10:23:35.622316-04:00,TOTAL,,,-61000.0,,61500.0,500.0,0.81
2026-08-31T10:24:35.669907-04:00,SPY260904C00766000,-100,3.76,-37600.0,5600.0,,,
2026-08-31T10:24:35.669907-04:00,SPY260904C00776000,100,0.5,5000.0,-1600.0,,,
2026-08-31T10:24:35.669907-04:00,SPY260904P00756000,100,1.19,11900.0,1400.0,,,
2026-08-31T10:24:35.669907-04:00,SPY260904P00766000,-100,4.05,-40500.0,-5100.0,,,
2026-08-31T10:24:35.669907-04:00,TOTAL,,,-61200.0,,61500.0,300.0,0.49
2026-08-31T10:25:35.703663-04:00,SPY260904C00766000,-100,3.6,-36000.0,7200.0,,,
2026-08-31T10:25:35.703663-04:00,SPY260904C00776000,100,0.48,4800.0,-1800.0,,,
2026-08-31T10:25:35.703663-04:00,SPY260904P00756000,100,1.27,12700.0,2200.0,,,
2026-08-31T10:25:35.703663-04:00,SPY260904P00766000,-100,4.25,-42500.0,-7100.0,,,
2026-08-31T10:25:35.703663-04:00,TOTAL,,,-61000.0,,61500.0,500.0,0.81
2026-08-31T10:26:35.724809-04:00,SPY260904C00766000,-100,3.58,-35800.0,7400.0,,,
2026-08-31T10:26:35.724809-04:00,SPY260904C00776000,100,0.47,4700.0,-1900.0,,,
2026-08-31T10:26:35.724809-04:00,SPY260904P00756000,100,1.28,12800.0,2300.0,,,
2026-08-31T10:26:35.724809-04:00,SPY260904P00766000,-100,4.27,-42700.0,-7300.0,,,
2026-08-31T10:26:35.724809-04:00,TOTAL,,,-61000.0,,61500.0,500.0,0.81
2026-08-31T10:27:35.777830-04:00,SPY260904C00766000,-100,3.59,-35900.0,7300.0,,,
2026-08-31T10:27:35.777830-04:00,SPY260904C00776000,100,0.47,4700.0,-1900.0,,,
2026-08-31T10:27:35.777830-04:00,SPY260904P00756000,100,1.27,12700.0,2200.0,,,
2026-08-31T10:27:35.777830-04:00,SPY260904P00766000,-100,4.26,-42600.0,-7200.0,,,
2026-08-31T10:27:35.777830-04:00,TOTAL,,,-61100.0,,61500.0,400.0,0.65
2026-08-31T10:28:35.774637-04:00,SPY260904C00766000,-100,3.64,-36400.0,6800.0,,,
2026-08-31T10:28:35.774637-04:00,SPY260904C00776000,100,0.48,4800.0,-1800.0,,,
2026-08-31T10:28:35.774637-04:00,SPY260904P00756000,100,1.23,12300.0,1800.0,,,
2026-08-31T10:28:35.774637-04:00,SPY260904P00766000,-100,4.16,-41600.0,-6200.0,,,
2026-08-31T10:28:35.774637-04:00,TOTAL,,,-60900.0,,61500.0,600.0,0.98
2026-08-31T10:29:35.801158-04:00,SPY260904C00766000,-100,3.62,-36200.0,7000.0,,,
2026-08-31T10:29:35.801158-04:00,SPY260904C00776000,100,0.48,4800.0,-1800.0,,,
2026-08-31T10:29:35.801158-04:00,SPY260904P00756000,100,1.25,12500.0,2000.0,,,
2026-08-31T10:29:35.801158-04:00,SPY260904P00766000,-100,4.19,-41900.0,-6500.0,,,
2026-08-31T10:29:35.801158-04:00,TOTAL,,,-60800.0,,61500.0,700.0,1.14
2026-08-31T10:30:35.809888-04:00,SPY260904C00766000,-100,3.67,-36700.0,6500.0,,,
2026-08-31T10:30:35.809888-04:00,SPY260904C00776000,100,0.49,4900.0,-1700.0,,,
2026-08-31T10:30:35.809888-04:00,SPY260904P00756000,100,1.22,12200.0,1700.0,,,
2026-08-31T10:30:35.809888-04:00,SPY260904P00766000,-100,4.12,-41200.0,-5800.0,,,
2026-08-31T10:30:35.809888-04:00,TOTAL,,,-60800.0,,61500.0,700.0,1.14
2026-08-31T10:31:35.859770-04:00,SPY260904C00766000,-100,3.63,-36300.0,6900.0,,,
2026-08-31T10:31:35.859770-04:00,SPY260904C00776000,100,0.48,4800.0,-1800.0,,,
2026-08-31T10:31:35.859770-04:00,SPY260904P00756000,100,1.24,12400.0,1900.0,,,
2026-08-31T10:31:35.859770-04:00,SPY260904P00766000,-100,4.15,-41500.0,-6100.0,,,
2026-08-31T10:31:35.859770-04:00,TOTAL,,,-60600.0,,61500.0,900.0,1.46
2026-08-31T10:32:35.859803-04:00,SPY260904C00766000,-100,3.6,-36000.0,7200.0,,,
2026-08-31T10:32:35.859803-04:00,SPY260904C00776000,100,0.48,4800.0,-1800.0,,,
2026-08-31T10:32:35.859803-04:00,SPY260904P00756000,100,1.26,12600.0,2100.0,,,
2026-08-31T10:32:35.859803-04:00,SPY260904P00766000,-100,4.21,-42100.0,-6700.0,,,
2026-08-31T10:32:35.859803-04:00,TOTAL,,,-60700.0,,61500.0,800.0,1.3
2026-08-31T10:33:35.858119-04:00,SPY260904C00766000,-100,3.64,-36400.0,6800.0,,,
2026-08-31T10:33:35.858119-04:00,SPY260904C00776000,100,0.48,4800.0,-1800.0,,,
2026-08-31T10:33:35.858119-04:00,SPY260904P00756000,100,1.24,12400.0,1900.0,,,
2026-08-31T10:33:35.858119-04:00,SPY260904P00766000,-100,4.15,-41500.0,-6100.0,,,
2026-08-31T10:33:35.858119-04:00,TOTAL,,,-60700.0,,61500.0,800.0,1.3
2026-08-31T10:34:35.911091-04:00,SPY260904C00766000,-100,3.6,-36000.0,7200.0,,,
2026-08-31T10:34:35.911091-04:00,SPY260904C00776000,100,0.47,4700.0,-1900.0,,,
2026-08-31T10:34:35.911091-04:00,SPY260904P00756000,100,1.25,12500.0,2000.0,,,
2026-08-31T10:34:35.911091-04:00,SPY260904P00766000,-100,4.19,-41900.0,-6500.0,,,
2026-08-31T10:34:35.911091-04:00,TOTAL,,,-60700.0,,61500.0,800.0,1.3
2026-08-31T10:35:35.984500-04:00,SPY260904C00766000,-100,3.65,-36500.0,6700.0,,,
2026-08-31T10:35:35.984500-04:00,SPY260904C00776000,100,0.48,4800.0,-1800.0,,,
2026-08-31T10:35:35.984500-04:00,SPY260904P00756000,100,1.23,12300.0,1800.0,,,
2026-08-31T10:35:35.984500-04:00,SPY260904P00766000,-100,4.13,-41300.0,-5900.0,,,
2026-08-31T10:35:35.984500-04:00,TOTAL,,,-60700.0,,61500.0,800.0,1.3
2026-08-31T10:36:35.986639-04:00,SPY260904C00766000,-100,3.9,-39000.0,4200.0,,,
2026-08-31T10:36:35.986639-04:00,SPY260904C00776000,100,0.53,5300.0,-1300.0,,,
2026-08-31T10:36:35.986639-04:00,SPY260904P00756000,100,1.13,11300.0,800.0,,,
2026-08-31T10:36:35.986639-04:00,SPY260904P00766000,-100,3.84,-38400.0,-3000.0,,,
2026-08-31T10:36:35.986639-04:00,TOTAL,,,-60800.0,,61500.0,700.0,1.14
2026-08-31T10:37:36.042753-04:00,SPY260904C00766000,-100,3.99,-39900.0,3300.0,,,
2026-08-31T10:37:36.042753-04:00,SPY260904C00776000,100,0.55,5500.0,-1100.0,,,
2026-08-31T10:37:36.042753-04:00,SPY260904P00756000,100,1.09,10900.0,400.0,,,
2026-08-31T10:37:36.042753-04:00,SPY260904P00766000,-100,3.74,-37400.0,-2000.0,,,
2026-08-31T10:37:36.042753-04:00,TOTAL,,,-60900.0,,61500.0,600.0,0.98
2026-08-31T10:38:36.010372-04:00,SPY260904C00766000,-100,3.95,-39500.0,3700.0,,,
2026-08-31T10:38:36.010372-04:00,SPY260904C00776000,100,0.54,5400.0,-1200.0,,,
2026-08-31T10:38:36.010372-04:00,SPY260904P00756000,100,1.1,11000.0,500.0,,,
2026-08-31T10:38:36.010372-04:00,SPY260904P00766000,-100,3.78,-37800.0,-2400.0,,,
2026-08-31T10:38:36.010372-04:00,TOTAL,,,-60900.0,,61500.0,600.0,0.98
2026-08-31T10:39:36.067331-04:00,SPY260904C00766000,-100,3.93,-39300.0,3900.0,,,
2026-08-31T10:39:36.067331-04:00,SPY260904C00776000,100,0.53,5300.0,-1300.0,,,
2026-08-31T10:39:36.067331-04:00,SPY260904P00756000,100,1.11,11100.0,600.0,,,
2026-08-31T10:39:36.067331-04:00,SPY260904P00766000,-100,3.8,-38000.0,-2600.0,,,
2026-08-31T10:39:36.067331-04:00,TOTAL,,,-60900.0,,61500.0,600.0,0.98
2026-08-31T10:40:36.077283-04:00,SPY260904C00766000,-100,4.03,-40300.0,2900.0,,,
2026-08-31T10:40:36.077283-04:00,SPY260904C00776000,100,0.56,5600.0,-1000.0,,,
2026-08-31T10:40:36.077283-04:00,SPY260904P00756000,100,1.07,10700.0,200.0,,,
2026-08-31T10:40:36.077283-04:00,SPY260904P00766000,-100,3.7,-37000.0,-1600.0,,,
2026-08-31T10:40:36.077283-04:00,TOTAL,,,-61000.0,,61500.0,500.0,0.81
2026-08-31T10:41:36.095267-04:00,SPY260904C00766000,-100,4.07,-40700.0,2500.0,,,
2026-08-31T10:41:36.095267-04:00,SPY260904C00776000,100,0.57,5700.0,-900.0,,,
2026-08-31T10:41:36.095267-04:00,SPY260904P00756000,100,1.06,10600.0,100.0,,,
2026-08-31T10:41:36.095267-04:00,SPY260904P00766000,-100,3.65,-36500.0,-1100.0,,,
2026-08-31T10:41:36.095267-04:00,TOTAL,,,-60900.0,,61500.0,600.0,0.98
2026-08-31T10:42:36.120890-04:00,SPY260904C00766000,-100,4.11,-41100.0,2100.0,,,
2026-08-31T10:42:36.120890-04:00,SPY260904C00776000,100,0.58,5800.0,-800.0,,,
2026-08-31T10:42:36.120890-04:00,SPY260904P00756000,100,1.05,10500.0,0.0,,,
2026-08-31T10:42:36.120890-04:00,SPY260904P00766000,-100,3.62,-36200.0,-800.0,,,
2026-08-31T10:42:36.120890-04:00,TOTAL,,,-61000.0,,61500.0,500.0,0.81
2026-08-31T10:43:36.243363-04:00,SPY260904C00766000,-100,4.05,-40500.0,2700.0,,,
2026-08-31T10:43:36.243363-04:00,SPY260904C00776000,100,0.56,5600.0,-1000.0,,,
2026-08-31T10:43:36.243363-04:00,SPY260904P00756000,100,1.06,10600.0,100.0,,,
2026-08-31T10:43:36.243363-04:00,SPY260904P00766000,-100,3.66,-36600.0,-1200.0,,,
2026-08-31T10:43:36.243363-04:00,TOTAL,,,-60900.0,,61500.0,600.0,0.98
2026-08-31T10:44:36.206077-04:00,SPY260904C00766000,-100,4.0,-40000.0,3200.0,,,
2026-08-31T10:44:36.206077-04:00,SPY260904C00776000,100,0.55,5500.0,-1100.0,,,
2026-08-31T10:44:36.206077-04:00,SPY260904P00756000,100,1.07,10700.0,200.0,,,
2026-08-31T10:44:36.206077-04:00,SPY260904P00766000,-100,3.7,-37000.0,-1600.0,,,
2026-08-31T10:44:36.206077-04:00,TOTAL,,,-60800.0,,61500.0,700.0,1.14
2026-08-31T10:45:36.298741-04:00,SPY260904C00766000,-100,3.91,-39100.0,4100.0,,,
2026-08-31T10:45:36.298741-04:00,SPY260904C00776000,100,0.53,5300.0,-1300.0,,,
2026-08-31T10:45:36.298741-04:00,SPY260904P00756000,100,1.1,11000.0,500.0,,,
2026-08-31T10:45:36.298741-04:00,SPY260904P00766000,-100,3.77,-37700.0,-2300.0,,,
2026-08-31T10:45:36.298741-04:00,TOTAL,,,-60500.0,,61500.0,1000.0,1.63
2026-08-31T10:46:36.260461-04:00,SPY260904C00766000,-100,3.91,-39100.0,4100.0,,,
2026-08-31T10:46:36.260461-04:00,SPY260904C00776000,100,0.52,5200.0,-1400.0,,,
2026-08-31T10:46:36.260461-04:00,SPY260904P00756000,100,1.09,10900.0,400.0,,,
2026-08-31T10:46:36.260461-04:00,SPY260904P00766000,-100,3.77,-37700.0,-2300.0,,,
2026-08-31T10:46:36.260461-04:00,TOTAL,,,-60700.0,,61500.0,800.0,1.3
2026-08-31T10:47:36.315724-04:00,SPY260904C00766000,-100,3.83,-38300.0,4900.0,,,
2026-08-31T10:47:36.315724-04:00,SPY260904C00776000,100,0.51,5100.0,-1500.0,,,
2026-08-31T10:47:36.315724-04:00,SPY260904P00756000,100,1.12,11200.0,700.0,,,
2026-08-31T10:47:36.315724-04:00,SPY260904P00766000,-100,3.85,-38500.0,-3100.0,,,
2026-08-31T10:47:36.315724-04:00,TOTAL,,,-60500.0,,61500.0,1000.0,1.63
2026-08-31T10:48:36.310064-04:00,SPY260904C00766000,-100,3.95,-39500.0,3700.0,,,
2026-08-31T10:48:36.310064-04:00,SPY260904C00776000,100,0.53,5300.0,-1300.0,,,
2026-08-31T10:48:36.310064-04:00,SPY260904P00756000,100,1.09,10900.0,400.0,,,
2026-08-31T10:48:36.310064-04:00,SPY260904P00766000,-100,3.75,-37500.0,-2100.0,,,
2026-08-31T10:48:36.310064-04:00,TOTAL,,,-60800.0,,61500.0,700.0,1.14
2026-08-31T10:49:36.331703-04:00,SPY260904C00766000,-100,3.84,-38400.0,4800.0,,,
2026-08-31T10:49:36.331703-04:00,SPY260904C00776000,100,0.51,5100.0,-1500.0,,,
2026-08-31T10:49:36.331703-04:00,SPY260904P00756000,100,1.13,11300.0,800.0,,,
2026-08-31T10:49:36.331703-04:00,SPY260904P00766000,-100,3.87,-38700.0,-3300.0,,,
2026-08-31T10:49:36.331703-04:00,TOTAL,,,-60700.0,,61500.0,800.0,1.3
2026-08-31T10:50:36.378728-04:00,SPY260904C00766000,-100,3.79,-37900.0,5300.0,,,
2026-08-31T10:50:36.378728-04:00,SPY260904C00776000,100,0.5,5000.0,-1600.0,,,
2026-08-31T10:50:36.378728-04:00,SPY260904P00756000,100,1.14,11400.0,900.0,,,
2026-08-31T10:50:36.378728-04:00,SPY260904P00766000,-100,3.9,-39000.0,-3600.0,,,
2026-08-31T10:50:36.378728-04:00,TOTAL,,,-60500.0,,61500.0,1000.0,1.63
2026-08-31T10:51:36.366164-04:00,SPY260904C00766000,-100,3.88,-38800.0,4400.0,,,
2026-08-31T10:51:36.366164-04:00,SPY260904C00776000,100,0.52,5200.0,-1400.0,,,
2026-08-31T10:51:36.366164-04:00,SPY260904P00756000,100,1.11,11100.0,600.0,,,
2026-08-31T10:51:36.366164-04:00,SPY260904P00766000,-100,3.82,-38200.0,-2800.0,,,
2026-08-31T10:51:36.366164-04:00,TOTAL,,,-60700.0,,61500.0,800.0,1.3
2026-08-31T10:52:36.432037-04:00,SPY260904C00766000,-100,3.89,-38900.0,4300.0,,,
2026-08-31T10:52:36.432037-04:00,SPY260904C00776000,100,0.53,5300.0,-1300.0,,,
2026-08-31T10:52:36.432037-04:00,SPY260904P00756000,100,1.11,11100.0,600.0,,,
2026-08-31T10:52:36.432037-04:00,SPY260904P00766000,-100,3.81,-38100.0,-2700.0,,,
2026-08-31T10:52:36.432037-04:00,TOTAL,,,-60600.0,,61500.0,900.0,1.46
2026-08-31T10:53:36.441074-04:00,SPY260904C00766000,-100,3.8,-38000.0,5200.0,,,
2026-08-31T10:53:36.441074-04:00,SPY260904C00776000,100,0.51,5100.0,-1500.0,,,
2026-08-31T10:53:36.441074-04:00,SPY260904P00756000,100,1.14,11400.0,900.0,,,
2026-08-31T10:53:36.441074-04:00,SPY260904P00766000,-100,3.89,-38900.0,-3500.0,,,
2026-08-31T10:53:36.441074-04:00,TOTAL,,,-60400.0,,61500.0,1100.0,1.79
2026-08-31T10:54:36.472637-04:00,SPY260904C00766000,-100,3.9,-39000.0,4200.0,,,
2026-08-31T10:54:36.472637-04:00,SPY260904C00776000,100,0.52,5200.0,-1400.0,,,
2026-08-31T10:54:36.472637-04:00,SPY260904P00756000,100,1.09,10900.0,400.0,,,
2026-08-31T10:54:36.472637-04:00,SPY260904P00766000,-100,3.76,-37600.0,-2200.0,,,
2026-08-31T10:54:36.472637-04:00,TOTAL,,,-60500.0,,61500.0,1000.0,1.63
2026-08-31T10:55:36.503310-04:00,SPY260904C00766000,-100,3.98,-39800.0,3400.0,,,
2026-08-31T10:55:36.503310-04:00,SPY260904C00776000,100,0.54,5400.0,-1200.0,,,
2026-08-31T10:55:36.503310-04:00,SPY260904P00756000,100,1.06,10600.0,100.0,,,
2026-08-31T10:55:36.503310-04:00,SPY260904P00766000,-100,3.68,-36800.0,-1400.0,,,
2026-08-31T10:55:36.503310-04:00,TOTAL,,,-60600.0,,61500.0,900.0,1.46
2026-08-31T10:56:36.509168-04:00,SPY260904C00766000,-100,4.1,-41000.0,2200.0,,,
2026-08-31T10:56:36.509168-04:00,SPY260904C00776000,100,0.57,5700.0,-900.0,,,
2026-08-31T10:56:36.509168-04:00,SPY260904P00756000,100,1.02,10200.0,-300.0,,,
2026-08-31T10:56:36.509168-04:00,SPY260904P00766000,-100,3.56,-35600.0,-200.0,,,
2026-08-31T10:56:36.509168-04:00,TOTAL,,,-60700.0,,61500.0,800.0,1.3
2026-08-31T10:57:36.579793-04:00,SPY260904C00766000,-100,4.19,-41900.0,1300.0,,,
2026-08-31T10:57:36.579793-04:00,SPY260904C00776000,100,0.58,5800.0,-800.0,,,
2026-08-31T10:57:36.579793-04:00,SPY260904P00756000,100,0.98,9800.0,-700.0,,,
2026-08-31T10:57:36.579793-04:00,SPY260904P00766000,-100,3.46,-34600.0,800.0,,,
2026-08-31T10:57:36.579793-04:00,TOTAL,,,-60900.0,,61500.0,600.0,0.98
2026-08-31T10:58:36.576585-04:00,SPY260904C00766000,-100,4.21,-42100.0,1100.0,,,
2026-08-31T10:58:36.576585-04:00,SPY260904C00776000,100,0.59,5900.0,-700.0,,,
2026-08-31T10:58:36.576585-04:00,SPY260904P00756000,100,0.97,9700.0,-800.0,,,
2026-08-31T10:58:36.576585-04:00,SPY260904P00766000,-100,3.44,-34400.0,1000.0,,,
2026-08-31T10:58:36.576585-04:00,TOTAL,,,-60900.0,,61500.0,600.0,0.98
2026-08-31T10:59:36.693589-04:00,SPY260904C00766000,-100,4.09,-40900.0,2300.0,,,
2026-08-31T10:59:36.693589-04:00,SPY260904C00776000,100,0.56,5600.0,-1000.0,,,
2026-08-31T10:59:36.693589-04:00,SPY260904P00756000,100,1.01,10100.0,-400.0,,,
2026-08-31T10:59:36.693589-04:00,SPY260904P00766000,-100,3.54,-35400.0,0.0,,,
2026-08-31T10:59:36.693589-04:00,TOTAL,,,-60600.0,,61500.0,900.0,1.46
2026-08-31T11:00:36.619520-04:00,SPY260904C00766000,-100,4.21,-42100.0,1100.0,,,
2026-08-31T11:00:36.619520-04:00,SPY260904C00776000,100,0.58,5800.0,-800.0,,,
2026-08-31T11:00:36.619520-04:00,SPY260904P00756000,100,0.97,9700.0,-800.0,,,
2026-08-31T11:00:36.619520-04:00,SPY260904P00766000,-100,3.44,-34400.0,1000.0,,,
2026-08-31T11:00:36.619520-04:00,TOTAL,,,-61000.0,,61500.0,500.0,0.81
2026-08-31T11:01:36.633213-04:00,SPY260904C00766000,-100,4.08,-40800.0,2400.0,,,
2026-08-31T11:01:36.633213-04:00,SPY260904C00776000,100,0.56,5600.0,-1000.0,,,
2026-08-31T11:01:36.633213-04:00,SPY260904P00756000,100,1.0,10000.0,-500.0,,,
2026-08-31T11:01:36.633213-04:00,SPY260904P00766000,-100,3.53,-35300.0,100.0,,,
2026-08-31T11:01:36.633213-04:00,TOTAL,,,-60500.0,,61500.0,1000.0,1.63
2026-08-31T11:02:36.740276-04:00,SPY260904C00766000,-100,4.03,-40300.0,2900.0,,,
2026-08-31T11:02:36.740276-04:00,SPY260904C00776000,100,0.55,5500.0,-1100.0,,,
2026-08-31T11:02:36.740276-04:00,SPY260904P00756000,100,1.02,10200.0,-300.0,,,
2026-08-31T11:02:36.740276-04:00,SPY260904P00766000,-100,3.58,-35800.0,-400.0,,,
2026-08-31T11:02:36.740276-04:00,TOTAL,,,-60400.0,,61500.0,1100.0,1.79
2026-08-31T11:03:36.675925-04:00,SPY260904C00766000,-100,3.94,-39400.0,3800.0,,,
2026-08-31T11:03:36.675925-04:00,SPY260904C00776000,100,0.52,5200.0,-1400.0,,,
2026-08-31T11:03:36.675925-04:00,SPY260904P00756000,100,1.05,10500.0,0.0,,,
2026-08-31T11:03:36.675925-04:00,SPY260904P00766000,-100,3.66,-36600.0,-1200.0,,,
2026-08-31T11:03:36.675925-04:00,TOTAL,,,-60300.0,,61500.0,1200.0,1.95
2026-08-31T11:04:36.741743-04:00,SPY260904C00766000,-100,3.9,-39000.0,4200.0,,,
2026-08-31T11:04:36.741743-04:00,SPY260904C00776000,100,0.52,5200.0,-1400.0,,,
2026-08-31T11:04:36.741743-04:00,SPY260904P00756000,100,1.06,10600.0,100.0,,,
2026-08-31T11:04:36.741743-04:00,SPY260904P00766000,-100,3.7,-37000.0,-1600.0,,,
2026-08-31T11:04:36.741743-04:00,TOTAL,,,-60200.0,,61500.0,1300.0,2.11
2026-08-31T11:05:36.795389-04:00,SPY260904C00766000,-100,3.95,-39500.0,3700.0,,,
2026-08-31T11:05:36.795389-04:00,SPY260904C00776000,100,0.52,5200.0,-1400.0,,,
2026-08-31T11:05:36.795389-04:00,SPY260904P00756000,100,1.04,10400.0,-100.0,,,
2026-08-31T11:05:36.795389-04:00,SPY260904P00766000,-100,3.64,-36400.0,-1000.0,,,
2026-08-31T11:05:36.795389-04:00,TOTAL,,,-60300.0,,61500.0,1200.0,1.95
2026-08-31T11:06:36.881125-04:00,SPY260904C00766000,-100,4.04,-40400.0,2800.0,,,
2026-08-31T11:06:36.881125-04:00,SPY260904C00776000,100,0.54,5400.0,-1200.0,,,
2026-08-31T11:06:36.881125-04:00,SPY260904P00756000,100,1.0,10000.0,-500.0,,,
2026-08-31T11:06:36.881125-04:00,SPY260904P00766000,-100,3.55,-35500.0,-100.0,,,
2026-08-31T11:06:36.881125-04:00,TOTAL,,,-60500.0,,61500.0,1000.0,1.63
2026-08-31T11:07:36.796833-04:00,SPY260904C00766000,-100,4.0,-40000.0,3200.0,,,
2026-08-31T11:07:36.796833-04:00,SPY260904C00776000,100,0.54,5400.0,-1200.0,,,
2026-08-31T11:07:36.796833-04:00,SPY260904P00756000,100,1.01,10100.0,-400.0,,,
2026-08-31T11:07:36.796833-04:00,SPY260904P00766000,-100,3.58,-35800.0,-400.0,,,
2026-08-31T11:07:36.796833-04:00,TOTAL,,,-60300.0,,61500.0,1200.0,1.95
2026-08-31T11:08:36.815764-04:00,SPY260904C00766000,-100,3.87,-38700.0,4500.0,,,
2026-08-31T11:08:36.815764-04:00,SPY260904C00776000,100,0.5,5000.0,-1600.0,,,
2026-08-31T11:08:36.815764-04:00,SPY260904P00756000,100,1.05,10500.0,0.0,,,
2026-08-31T11:08:36.815764-04:00,SPY260904P00766000,-100,3.7,-37000.0,-1600.0,,,
2026-08-31T11:08:36.815764-04:00,TOTAL,,,-60200.0,,61500.0,1300.0,2.11
2026-08-31T11:09:36.842917-04:00,SPY260904C00766000,-100,3.88,-38800.0,4400.0,,,
2026-08-31T11:09:36.842917-04:00,SPY260904C00776000,100,0.51,5100.0,-1500.0,,,
2026-08-31T11:09:36.842917-04:00,SPY260904P00756000,100,1.05,10500.0,0.0,,,
2026-08-31T11:09:36.842917-04:00,SPY260904P00766000,-100,3.69,-36900.0,-1500.0,,,
2026-08-31T11:09:36.842917-04:00,TOTAL,,,-60100.0,,61500.0,1400.0,2.28
2026-08-31T11:10:36.879359-04:00,SPY260904C00766000,-100,3.97,-39700.0,3500.0,,,
2026-08-31T11:10:36.879359-04:00,SPY260904C00776000,100,0.53,5300.0,-1300.0,,,
2026-08-31T11:10:36.879359-04:00,SPY260904P00756000,100,1.02,10200.0,-300.0,,,
2026-08-31T11:10:36.879359-04:00,SPY260904P00766000,-100,3.6,-36000.0,-600.0,,,
2026-08-31T11:10:36.879359-04:00,TOTAL,,,-60200.0,,61500.0,1300.0,2.11
2026-08-31T11:11:36.934792-04:00,SPY260904C00766000,-100,3.9,-39000.0,4200.0,,,
2026-08-31T11:11:36.934792-04:00,SPY260904C00776000,100,0.51,5100.0,-1500.0,,,
2026-08-31T11:11:36.934792-04:00,SPY260904P00756000,100,1.03,10300.0,-200.0,,,
2026-08-31T11:11:36.934792-04:00,SPY260904P00766000,-100,3.65,-36500.0,-1100.0,,,
2026-08-31T11:11:36.934792-04:00,TOTAL,,,-60100.0,,61500.0,1400.0,2.28
2026-08-31T11:12:36.915700-04:00,SPY260904C00766000,-100,3.93,-39300.0,3900.0,,,
2026-08-31T11:12:36.915700-04:00,SPY260904C00776000,100,0.51,5100.0,-1500.0,,,
2026-08-31T11:12:36.915700-04:00,SPY260904P00756000,100,1.02,10200.0,-300.0,,,
2026-08-31T11:12:36.915700-04:00,SPY260904P00766000,-100,3.63,-36300.0,-900.0,,,
2026-08-31T11:12:36.915700-04:00,TOTAL,,,-60300.0,,61500.0,1200.0,1.95
2026-08-31T11:13:36.959538-04:00,SPY260904C00766000,-100,3.94,-39400.0,3800.0,,,
2026-08-31T11:13:36.959538-04:00,SPY260904C00776000,100,0.52,5200.0,-1400.0,,,
2026-08-31T11:13:36.959538-04:00,SPY260904P00756000,100,1.01,10100.0,-400.0,,,
2026-08-31T11:13:36.959538-04:00,SPY260904P00766000,-100,3.61,-36100.0,-700.0,,,
2026-08-31T11:13:36.959538-04:00,TOTAL,,,-60200.0,,61500.0,1300.0,2.11
2026-08-31T11:14:37.009433-04:00,SPY260904C00766000,-100,3.83,-38300.0,4900.0,,,
2026-08-31T11:14:37.009433-04:00,SPY260904C00776000,100,0.49,4900.0,-1700.0,,,
2026-08-31T11:14:37.009433-04:00,SPY260904P00756000,100,1.05,10500.0,0.0,,,
2026-08-31T11:14:37.009433-04:00,SPY260904P00766000,-100,3.71,-37100.0,-1700.0,,,
2026-08-31T11:14:37.009433-04:00,TOTAL,,,-60000.0,,61500.0,1500.0,2.44
2026-08-31T11:15:37.007337-04:00,SPY260904C00766000,-100,3.86,-38600.0,4600.0,,,
2026-08-31T11:15:37.007337-04:00,SPY260904C00776000,100,0.5,5000.0,-1600.0,,,
2026-08-31T11:15:37.007337-04:00,SPY260904P00756000,100,1.04,10400.0,-100.0,,,
2026-08-31T11:15:37.007337-04:00,SPY260904P00766000,-100,3.68,-36800.0,-1400.0,,,
2026-08-31T11:15:37.007337-04:00,TOTAL,,,-60000.0,,61500.0,1500.0,2.44
2026-08-31T11:16:37.095038-04:00,SPY260904C00766000,-100,3.86,-38600.0,4600.0,,,
2026-08-31T11:16:37.095038-04:00,SPY260904C00776000,100,0.5,5000.0,-1600.0,,,
2026-08-31T11:16:37.095038-04:00,SPY260904P00756000,100,1.03,10300.0,-200.0,,,
2026-08-31T11:16:37.095038-04:00,SPY260904P00766000,-100,3.68,-36800.0,-1400.0,,,
2026-08-31T11:16:37.095038-04:00,TOTAL,,,-60100.0,,61500.0,1400.0,2.28
2026-08-31T11:17:37.087106-04:00,SPY260904C00766000,-100,3.74,-37400.0,5800.0,,,
2026-08-31T11:17:37.087106-04:00,SPY260904C00776000,100,0.47,4700.0,-1900.0,,,
2026-08-31T11:17:37.087106-04:00,SPY260904P00756000,100,1.1,11000.0,500.0,,,
2026-08-31T11:17:37.087106-04:00,SPY260904P00766000,-100,3.84,-38400.0,-3000.0,,,
2026-08-31T11:17:37.087106-04:00,TOTAL,,,-60100.0,,61500.0,1400.0,2.28
2026-08-31T11:18:37.100770-04:00,SPY260904C00766000,-100,3.76,-37600.0,5600.0,,,
2026-08-31T11:18:37.100770-04:00,SPY260904C00776000,100,0.48,4800.0,-1800.0,,,
2026-08-31T11:18:37.100770-04:00,SPY260904P00756000,100,1.09,10900.0,400.0,,,
2026-08-31T11:18:37.100770-04:00,SPY260904P00766000,-100,3.81,-38100.0,-2700.0,,,
2026-08-31T11:18:37.100770-04:00,TOTAL,,,-60000.0,,61500.0,1500.0,2.44
2026-08-31T11:19:37.121373-04:00,SPY260904C00766000,-100,3.84,-38400.0,4800.0,,,
2026-08-31T11:19:37.121373-04:00,SPY260904C00776000,100,0.5,5000.0,-1600.0,,,
2026-08-31T11:19:37.121373-04:00,SPY260904P00756000,100,1.06,10600.0,100.0,,,
2026-08-31T11:19:37.121373-04:00,SPY260904P00766000,-100,3.74,-37400.0,-2000.0,,,
2026-08-31T11:19:37.121373-04:00,TOTAL,,,-60200.0,,61500.0,1300.0,2.11
2026-08-31T11:20:37.144964-04:00,SPY260904C00766000,-100,3.84,-38400.0,4800.0,,,
2026-08-31T11:20:37.144964-04:00,SPY260904C00776000,100,0.5,5000.0,-1600.0,,,
2026-08-31T11:20:37.144964-04:00,SPY260904P00756000,100,1.06,10600.0,100.0,,,
2026-08-31T11:20:37.144964-04:00,SPY260904P00766000,-100,3.74,-37400.0,-2000.0,,,
2026-08-31T11:20:37.144964-04:00,TOTAL,,,-60200.0,,61500.0,1300.0,2.11
2026-08-31T11:21:37.181066-04:00,SPY260904C00766000,-100,3.97,-39700.0,3500.0,,,
2026-08-31T11:21:37.181066-04:00,SPY260904C00776000,100,0.52,5200.0,-1400.0,,,
2026-08-31T11:21:37.181066-04:00,SPY260904P00756000,100,1.02,10200.0,-300.0,,,
2026-08-31T11:21:37.181066-04:00,SPY260904P00766000,-100,3.6,-36000.0,-600.0,,,
2026-08-31T11:21:37.181066-04:00,TOTAL,,,-60300.0,,61500.0,1200.0,1.95
2026-08-31T11:22:37.237598-04:00,SPY260904C00766000,-100,4.01,-40100.0,3100.0,,,
2026-08-31T11:22:37.237598-04:00,SPY260904C00776000,100,0.53,5300.0,-1300.0,,,
2026-08-31T11:22:37.237598-04:00,SPY260904P00756000,100,1.0,10000.0,-500.0,,,
2026-08-31T11:22:37.237598-04:00,SPY260904P00766000,-100,3.56,-35600.0,-200.0,,,
2026-08-31T11:22:37.237598-04:00,TOTAL,,,-60400.0,,61500.0,1100.0,1.79
2026-08-31T11:23:37.254779-04:00,SPY260904C00766000,-100,4.01,-40100.0,3100.0,,,
2026-08-31T11:23:37.254779-04:00,SPY260904C00776000,100,0.53,5300.0,-1300.0,,,
2026-08-31T11:23:37.254779-04:00,SPY260904P00756000,100,1.0,10000.0,-500.0,,,
2026-08-31T11:23:37.254779-04:00,SPY260904P00766000,-100,3.55,-35500.0,-100.0,,,
2026-08-31T11:23:37.254779-04:00,TOTAL,,,-60300.0,,61500.0,1200.0,1.95
2026-08-31T11:24:37.283966-04:00,SPY260904C00766000,-100,3.95,-39500.0,3700.0,,,
2026-08-31T11:24:37.283966-04:00,SPY260904C00776000,100,0.51,5100.0,-1500.0,,,
2026-08-31T11:24:37.283966-04:00,SPY260904P00756000,100,1.01,10100.0,-400.0,,,
2026-08-31T11:24:37.283966-04:00,SPY260904P00766000,-100,3.59,-35900.0,-500.0,,,
2026-08-31T11:24:37.283966-04:00,TOTAL,,,-60200.0,,61500.0,1300.0,2.11
2026-08-31T11:25:37.285860-04:00,SPY260904C00766000,-100,4.06,-40600.0,2600.0,,,
2026-08-31T11:25:37.285860-04:00,SPY260904C00776000,100,0.54,5400.0,-1200.0,,,
2026-08-31T11:25:37.285860-04:00,SPY260904P00756000,100,0.97,9700.0,-800.0,,,
2026-08-31T11:25:37.285860-04:00,SPY260904P00766000,-100,3.49,-34900.0,500.0,,,
2026-08-31T11:25:37.285860-04:00,TOTAL,,,-60400.0,,61500.0,1100.0,1.79
2026-08-31T11:26:37.311089-04:00,SPY260904C00766000,-100,3.97,-39700.0,3500.0,,,
2026-08-31T11:26:37.311089-04:00,SPY260904C00776000,100,0.52,5200.0,-1400.0,,,
2026-08-31T11:26:37.311089-04:00,SPY260904P00756000,100,1.0,10000.0,-500.0,,,
2026-08-31T11:26:37.311089-04:00,SPY260904P00766000,-100,3.57,-35700.0,-300.0,,,
2026-08-31T11:26:37.311089-04:00,TOTAL,,,-60200.0,,61500.0,1300.0,2.11
2026-08-31T11:27:37.319857-04:00,SPY260904C00766000,-100,3.98,-39800.0,3400.0,,,
2026-08-31T11:27:37.319857-04:00,SPY260904C00776000,100,0.52,5200.0,-1400.0,,,
2026-08-31T11:27:37.319857-04:00,SPY260904P00756000,100,1.0,10000.0,-500.0,,,
2026-08-31T11:27:37.319857-04:00,SPY260904P00766000,-100,3.56,-35600.0,-200.0,,,
2026-08-31T11:27:37.319857-04:00,TOTAL,,,-60200.0,,61500.0,1300.0,2.11
2026-08-31T11:28:37.381143-04:00,SPY260904C00766000,-100,4.05,-40500.0,2700.0,,,
2026-08-31T11:28:37.381143-04:00,SPY260904C00776000,100,0.53,5300.0,-1300.0,,,
2026-08-31T11:28:37.381143-04:00,SPY260904P00756000,100,0.97,9700.0,-800.0,,,
2026-08-31T11:28:37.381143-04:00,SPY260904P00766000,-100,3.5,-35000.0,400.0,,,
2026-08-31T11:28:37.381143-04:00,TOTAL,,,-60500.0,,61500.0,1000.0,1.63
2026-08-31T11:29:37.458123-04:00,SPY260904C00766000,-100,4.0,-40000.0,3200.0,,,
2026-08-31T11:29:37.458123-04:00,SPY260904C00776000,100,0.53,5300.0,-1300.0,,,
2026-08-31T11:29:37.458123-04:00,SPY260904P00756000,100,0.99,9900.0,-600.0,,,
2026-08-31T11:29:37.458123-04:00,SPY260904P00766000,-100,3.53,-35300.0,100.0,,,
2026-08-31T11:29:37.458123-04:00,TOTAL,,,-60100.0,,61500.0,1400.0,2.28
2026-08-31T11:30:52.418701-04:00,SPY260904C00766000,-100,3.83,-38300.0,4900.0,,,
2026-08-31T11:30:52.418701-04:00,SPY260904C00776000,100,0.49,4900.0,-1700.0,,,
2026-08-31T11:30:52.418701-04:00,SPY260904P00756000,100,1.05,10500.0,0.0,,,
2026-08-31T11:30:52.418701-04:00,SPY260904P00766000,-100,3.71,-37100.0,-1700.0,,,
2026-08-31T11:30:52.418701-04:00,TOTAL,,,-60000.0,,61500.0,1500.0,2.44
2026-08-31T11:31:52.449434-04:00,SPY260904C00766000,-100,3.75,-37500.0,5700.0,,,
2026-08-31T11:31:52.449434-04:00,SPY260904C00776000,100,0.47,4700.0,-1900.0,,,
2026-08-31T11:31:52.449434-04:00,SPY260904P00756000,100,1.08,10800.0,300.0,,,
2026-08-31T11:31:52.449434-04:00,SPY260904P00766000,-100,3.8,-38000.0,-2600.0,,,
2026-08-31T11:31:52.449434-04:00,TOTAL,,,-60000.0,,61500.0,1500.0,2.44
2026-08-31T11:32:52.522947-04:00,SPY260904C00766000,-100,3.86,-38600.0,4600.0,,,
2026-08-31T11:32:52.522947-04:00,SPY260904C00776000,100,0.5,5000.0,-1600.0,,,
2026-08-31T11:32:52.522947-04:00,SPY260904P00756000,100,1.03,10300.0,-200.0,,,
2026-08-31T11:32:52.522947-04:00,SPY260904P00766000,-100,3.68,-36800.0,-1400.0,,,
2026-08-31T11:32:52.522947-04:00,TOTAL,,,-60100.0,,61500.0,1400.0,2.28
2026-08-31T11:33:52.481634-04:00,SPY260904C00766000,-100,3.84,-38400.0,4800.0,,,
2026-08-31T11:33:52.481634-04:00,SPY260904C00776000,100,0.49,4900.0,-1700.0,,,
2026-08-31T11:33:52.481634-04:00,SPY260904P00756000,100,1.04,10400.0,-100.0,,,
2026-08-31T11:33:52.481634-04:00,SPY260904P00766000,-100,3.69,-36900.0,-1500.0,,,
2026-08-31T11:33:52.481634-04:00,TOTAL,,,-60000.0,,61500.0,1500.0,2.44
2026-08-31T11:34:52.487589-04:00,SPY260904C00766000,-100,3.9,-39000.0,4200.0,,,
2026-08-31T11:34:52.487589-04:00,SPY260904C00776000,100,0.5,5000.0,-1600.0,,,
2026-08-31T11:34:52.487589-04:00,SPY260904P00756000,100,1.02,10200.0,-300.0,,,
2026-08-31T11:34:52.487589-04:00,SPY260904P00766000,-100,3.63,-36300.0,-900.0,,,
2026-08-31T11:34:52.487589-04:00,TOTAL,,,-60100.0,,61500.0,1400.0,2.28
2026-08-31T11:35:52.530894-04:00,SPY260904C00766000,-100,3.88,-38800.0,4400.0,,,
2026-08-31T11:35:52.530894-04:00,SPY260904C00776000,100,0.5,5000.0,-1600.0,,,
2026-08-31T11:35:52.530894-04:00,SPY260904P00756000,100,1.02,10200.0,-300.0,,,
2026-08-31T11:35:52.530894-04:00,SPY260904P00766000,-100,3.64,-36400.0,-1000.0,,,
2026-08-31T11:35:52.530894-04:00,TOTAL,,,-60000.0,,61500.0,1500.0,2.44
2026-08-31T11:36:52.602478-04:00,SPY260904C00766000,-100,3.89,-38900.0,4300.0,,,
2026-08-31T11:36:52.602478-04:00,SPY260904C00776000,100,0.5,5000.0,-1600.0,,,
2026-08-31T11:36:52.602478-04:00,SPY260904P00756000,100,1.01,10100.0,-400.0,,,
2026-08-31T11:36:52.602478-04:00,SPY260904P00766000,-100,3.62,-36200.0,-800.0,,,
2026-08-31T11:36:52.602478-04:00,TOTAL,,,-60000.0,,61500.0,1500.0,2.44
2026-08-31T11:37:52.580032-04:00,SPY260904C00766000,-100,3.88,-38800.0,4400.0,,,
2026-08-31T11:37:52.580032-04:00,SPY260904C00776000,100,0.5,5000.0,-1600.0,,,
2026-08-31T11:37:52.580032-04:00,SPY260904P00756000,100,1.01,10100.0,-400.0,,,
2026-08-31T11:37:52.580032-04:00,SPY260904P00766000,-100,3.62,-36200.0,-800.0,,,
2026-08-31T11:37:52.580032-04:00,TOTAL,,,-59900.0,,61500.0,1600.0,2.6
2026-08-31T11:38:52.673594-04:00,SPY260904C00766000,-100,3.75,-37500.0,5700.0,,,
2026-08-31T11:38:52.673594-04:00,SPY260904C00776000,100,0.47,4700.0,-1900.0,,,
2026-08-31T11:38:52.673594-04:00,SPY260904P00756000,100,1.05,10500.0,0.0,,,
2026-08-31T11:38:52.673594-04:00,SPY260904P00766000,-100,3.73,-37300.0,-1900.0,,,
2026-08-31T11:38:52.673594-04:00,TOTAL,,,-59600.0,,61500.0,1900.0,3.09
2026-08-31T11:39:52.629299-04:00,SPY260904C00766000,-100,3.77,-37700.0,5500.0,,,
2026-08-31T11:39:52.629299-04:00,SPY260904C00776000,100,0.47,4700.0,-1900.0,,,
2026-08-31T11:39:52.629299-04:00,SPY260904P00756000,100,1.04,10400.0,-100.0,,,
2026-08-31T11:39:52.629299-04:00,SPY260904P00766000,-100,3.74,-37400.0,-2000.0,,,
2026-08-31T11:39:52.629299-04:00,TOTAL,,,-60000.0,,61500.0,1500.0,2.44
2026-08-31T11:40:52.654585-04:00,SPY260904C00766000,-100,3.76,-37600.0,5600.0,,,
2026-08-31T11:40:52.654585-04:00,SPY260904C00776000,100,0.47,4700.0,-1900.0,,,
2026-08-31T11:40:52.654585-04:00,SPY260904P00756000,100,1.05,10500.0,0.0,,,
2026-08-31T11:40:52.654585-04:00,SPY260904P00766000,-100,3.74,-37400.0,-2000.0,,,
2026-08-31T11:40:52.654585-04:00,TOTAL,,,-59800.0,,61500.0,1700.0,2.76
2026-08-31T11:41:52.792596-04:00,SPY260904C00766000,-100,3.78,-37800.0,5400.0,,,
2026-08-31T11:41:52.792596-04:00,SPY260904C00776000,100,0.47,4700.0,-1900.0,,,
2026-08-31T11:41:52.792596-04:00,SPY260904P00756000,100,1.04,10400.0,-100.0,,,
2026-08-31T11:41:52.792596-04:00,SPY260904P00766000,-100,3.72,-37200.0,-1800.0,,,
2026-08-31T11:41:52.792596-04:00,TOTAL,,,-59900.0,,61500.0,1600.0,2.6
2026-08-31T11:42:52.730910-04:00,SPY260904C00766000,-100,3.85,-38500.0,4700.0,,,
2026-08-31T11:42:52.730910-04:00,SPY260904C00776000,100,0.49,4900.0,-1700.0,,,
2026-08-31T11:42:52.730910-04:00,SPY260904P00756000,100,1.03,10300.0,-200.0,,,
2026-08-31T11:42:52.730910-04:00,SPY260904P00766000,-100,3.67,-36700.0,-1300.0,,,
2026-08-31T11:42:52.730910-04:00,TOTAL,,,-60000.0,,61500.0,1500.0,2.44
2026-08-31T11:43:52.744804-04:00,SPY260904C00766000,-100,3.83,-38300.0,4900.0,,,
2026-08-31T11:43:52.744804-04:00,SPY260904C00776000,100,0.48,4800.0,-1800.0,,,
2026-08-31T11:43:52.744804-04:00,SPY260904P00756000,100,1.03,10300.0,-200.0,,,
2026-08-31T11:43:52.744804-04:00,SPY260904P00766000,-100,3.69,-36900.0,-1500.0,,,
2026-08-31T11:43:52.744804-04:00,TOTAL,,,-60100.0,,61500.0,1400.0,2.28
2026-08-31T11:44:52.830010-04:00,SPY260904C00766000,-100,3.92,-39200.0,4000.0,,,
2026-08-31T11:44:52.830010-04:00,SPY260904C00776000,100,0.5,5000.0,-1600.0,,,
2026-08-31T11:44:52.830010-04:00,SPY260904P00756000,100,1.0,10000.0,-500.0,,,
2026-08-31T11:44:52.830010-04:00,SPY260904P00766000,-100,3.61,-36100.0,-700.0,,,
2026-08-31T11:44:52.830010-04:00,TOTAL,,,-60300.0,,61500.0,1200.0,1.95
2026-08-31T11:45:52.800175-04:00,SPY260904C00766000,-100,3.88,-38800.0,4400.0,,,
2026-08-31T11:45:52.800175-04:00,SPY260904C00776000,100,0.49,4900.0,-1700.0,,,
2026-08-31T11:45:52.800175-04:00,SPY260904P00756000,100,1.02,10200.0,-300.0,,,
2026-08-31T11:45:52.800175-04:00,SPY260904P00766000,-100,3.65,-36500.0,-1100.0,,,
2026-08-31T11:45:52.800175-04:00,TOTAL,,,-60200.0,,61500.0,1300.0,2.11
2026-08-31T11:46:52.849192-04:00,SPY260904C00766000,-100,3.98,-39800.0,3400.0,,,
2026-08-31T11:46:52.849192-04:00,SPY260904C00776000,100,0.51,5100.0,-1500.0,,,
2026-08-31T11:46:52.849192-04:00,SPY260904P00756000,100,0.98,9800.0,-700.0,,,
2026-08-31T11:46:52.849192-04:00,SPY260904P00766000,-100,3.55,-35500.0,-100.0,,,
2026-08-31T11:46:52.849192-04:00,TOTAL,,,-60400.0,,61500.0,1100.0,1.79
2026-08-31T11:47:52.823222-04:00,SPY260904C00766000,-100,3.89,-38900.0,4300.0,,,
2026-08-31T11:47:52.823222-04:00,SPY260904C00776000,100,0.49,4900.0,-1700.0,,,
2026-08-31T11:47:52.823222-04:00,SPY260904P00756000,100,1.01,10100.0,-400.0,,,
2026-08-31T11:47:52.823222-04:00,SPY260904P00766000,-100,3.62,-36200.0,-800.0,,,
2026-08-31T11:47:52.823222-04:00,TOTAL,,,-60100.0,,61500.0,1400.0,2.28
2026-08-31T11:48:52.835675-04:00,SPY260904C00766000,-100,3.92,-39200.0,4000.0,,,
2026-08-31T11:48:52.835675-04:00,SPY260904C00776000,100,0.5,5000.0,-1600.0,,,
2026-08-31T11:48:52.835675-04:00,SPY260904P00756000,100,1.0,10000.0,-500.0,,,
2026-08-31T11:48:52.835675-04:00,SPY260904P00766000,-100,3.6,-36000.0,-600.0,,,
2026-08-31T11:48:52.835675-04:00,TOTAL,,,-60200.0,,61500.0,1300.0,2.11
2026-08-31T11:49:52.856882-04:00,SPY260904C00766000,-100,3.93,-39300.0,3900.0,,,
2026-08-31T11:49:52.856882-04:00,SPY260904C00776000,100,0.5,5000.0,-1600.0,,,
2026-08-31T11:49:52.856882-04:00,SPY260904P00756000,100,1.0,10000.0,-500.0,,,
2026-08-31T11:49:52.856882-04:00,SPY260904P00766000,-100,3.59,-35900.0,-500.0,,,
2026-08-31T11:49:52.856882-04:00,TOTAL,,,-60200.0,,61500.0,1300.0,2.11
2026-08-31T11:50:52.902575-04:00,SPY260904C00766000,-100,4.02,-40200.0,3000.0,,,
2026-08-31T11:50:52.902575-04:00,SPY260904C00776000,100,0.52,5200.0,-1400.0,,,
2026-08-31T11:50:52.902575-04:00,SPY260904P00756000,100,0.97,9700.0,-800.0,,,
2026-08-31T11:50:52.902575-04:00,SPY260904P00766000,-100,3.5,-35000.0,400.0,,,
2026-08-31T11:50:52.902575-04:00,TOTAL,,,-60300.0,,61500.0,1200.0,1.95
2026-08-31T11:51:52.939341-04:00,SPY260904C00766000,-100,4.08,-40800.0,2400.0,,,
2026-08-31T11:51:52.939341-04:00,SPY260904C00776000,100,0.53,5300.0,-1300.0,,,
2026-08-31T11:51:52.939341-04:00,SPY260904P00756000,100,0.95,9500.0,-1000.0,,,
2026-08-31T11:51:52.939341-04:00,SPY260904P00766000,-100,3.46,-34600.0,800.0,,,
2026-08-31T11:51:52.939341-04:00,TOTAL,,,-60600.0,,61500.0,900.0,1.46
2026-08-31T11:52:52.955475-04:00,SPY260904C00766000,-100,4.05,-40500.0,2700.0,,,
2026-08-31T11:52:52.955475-04:00,SPY260904C00776000,100,0.53,5300.0,-1300.0,,,
2026-08-31T11:52:52.955475-04:00,SPY260904P00756000,100,0.95,9500.0,-1000.0,,,
2026-08-31T11:52:52.955475-04:00,SPY260904P00766000,-100,3.47,-34700.0,700.0,,,
2026-08-31T11:52:52.955475-04:00,TOTAL,,,-60400.0,,61500.0,1100.0,1.79
2026-08-31T11:53:52.999229-04:00,SPY260904C00766000,-100,4.17,-41700.0,1500.0,,,
2026-08-31T11:53:52.999229-04:00,SPY260904C00776000,100,0.56,5600.0,-1000.0,,,
2026-08-31T11:53:52.999229-04:00,SPY260904P00756000,100,0.93,9300.0,-1200.0,,,
2026-08-31T11:53:52.999229-04:00,SPY260904P00766000,-100,3.37,-33700.0,1700.0,,,
2026-08-31T11:53:52.999229-04:00,TOTAL,,,-60500.0,,61500.0,1000.0,1.63
2026-08-31T11:54:52.992428-04:00,SPY260904C00766000,-100,4.03,-40300.0,2900.0,,,
2026-08-31T11:54:52.992428-04:00,SPY260904C00776000,100,0.53,5300.0,-1300.0,,,
2026-08-31T11:54:52.992428-04:00,SPY260904P00756000,100,0.96,9600.0,-900.0,,,
2026-08-31T11:54:52.992428-04:00,SPY260904P00766000,-100,3.48,-34800.0,600.0,,,
2026-08-31T11:54:52.992428-04:00,TOTAL,,,-60200.0,,61500.0,1300.0,2.11
2026-08-31T11:55:53.052157-04:00,SPY260904C00766000,-100,3.94,-39400.0,3800.0,,,
2026-08-31T11:55:53.052157-04:00,SPY260904C00776000,100,0.51,5100.0,-1500.0,,,
2026-08-31T11:55:53.052157-04:00,SPY260904P00756000,100,1.0,10000.0,-500.0,,,
2026-08-31T11:55:53.052157-04:00,SPY260904P00766000,-100,3.61,-36100.0,-700.0,,,
2026-08-31T11:55:53.052157-04:00,TOTAL,,,-60400.0,,61500.0,1100.0,1.79
2026-08-31T11:56:53.055002-04:00,SPY260904C00766000,-100,3.89,-38900.0,4300.0,,,
2026-08-31T11:56:53.055002-04:00,SPY260904C00776000,100,0.51,5100.0,-1500.0,,,
2026-08-31T11:56:53.055002-04:00,SPY260904P00756000,100,1.02,10200.0,-300.0,,,
2026-08-31T11:56:53.055002-04:00,SPY260904P00766000,-100,3.66,-36600.0,-1200.0,,,
2026-08-31T11:56:53.055002-04:00,TOTAL,,,-60200.0,,61500.0,1300.0,2.11
2026-08-31T11:57:53.077333-04:00,SPY260904C00766000,-100,3.88,-38800.0,4400.0,,,
2026-08-31T11:57:53.077333-04:00,SPY260904C00776000,100,0.5,5000.0,-1600.0,,,
2026-08-31T11:57:53.077333-04:00,SPY260904P00756000,100,1.03,10300.0,-200.0,,,
2026-08-31T11:57:53.077333-04:00,SPY260904P00766000,-100,3.7,-37000.0,-1600.0,,,
2026-08-31T11:57:53.077333-04:00,TOTAL,,,-60500.0,,61500.0,1000.0,1.63
2026-08-31T11:58:53.100205-04:00,SPY260904C00766000,-100,3.82,-38200.0,5000.0,,,
2026-08-31T11:58:53.100205-04:00,SPY260904C00776000,100,0.49,4900.0,-1700.0,,,
2026-08-31T11:58:53.100205-04:00,SPY260904P00756000,100,1.06,10600.0,100.0,,,
2026-08-31T11:58:53.100205-04:00,SPY260904P00766000,-100,3.77,-37700.0,-2300.0,,,
2026-08-31T11:58:53.100205-04:00,TOTAL,,,-60400.0,,61500.0,1100.0,1.79
2026-08-31T11:59:53.112256-04:00,SPY260904C00766000,-100,3.73,-37300.0,5900.0,,,
2026-08-31T11:59:53.112256-04:00,SPY260904C00776000,100,0.47,4700.0,-1900.0,,,
2026-08-31T11:59:53.112256-04:00,SPY260904P00756000,100,1.09,10900.0,400.0,,,
2026-08-31T11:59:53.112256-04:00,SPY260904P00766000,-100,3.88,-38800.0,-3400.0,,,
2026-08-31T11:59:53.112256-04:00,TOTAL,,,-60500.0,,61500.0,1000.0,1.63
2026-08-31T12:00:53.182558-04:00,SPY260904C00766000,-100,3.73,-37300.0,5900.0,,,
2026-08-31T12:00:53.182558-04:00,SPY260904C00776000,100,0.47,4700.0,-1900.0,,,
2026-08-31T12:00:53.182558-04:00,SPY260904P00756000,100,1.11,11100.0,600.0,,,
2026-08-31T12:00:53.182558-04:00,SPY260904P00766000,-100,3.9,-39000.0,-3600.0,,,
2026-08-31T12:00:53.182558-04:00,TOTAL,,,-60500.0,,61500.0,1000.0,1.63
2026-08-31T12:01:53.182518-04:00,SPY260904C00766000,-100,3.69,-36900.0,6300.0,,,
2026-08-31T12:01:53.182518-04:00,SPY260904C00776000,100,0.47,4700.0,-1900.0,,,
2026-08-31T12:01:53.182518-04:00,SPY260904P00756000,100,1.12,11200.0,700.0,,,
2026-08-31T12:01:53.182518-04:00,SPY260904P00766000,-100,3.94,-39400.0,-4000.0,,,
2026-08-31T12:01:53.182518-04:00,TOTAL,,,-60400.0,,61500.0,1100.0,1.79
2026-08-31T12:02:53.200854-04:00,SPY260904C00766000,-100,3.67,-36700.0,6500.0,,,
2026-08-31T12:02:53.200854-04:00,SPY260904C00776000,100,0.46,4600.0,-2000.0,,,
2026-08-31T12:02:53.200854-04:00,SPY260904P00756000,100,1.14,11400.0,900.0,,,
2026-08-31T12:02:53.200854-04:00,SPY260904P00766000,-100,3.97,-39700.0,-4300.0,,,
2026-08-31T12:02:53.200854-04:00,TOTAL,,,-60400.0,,61500.0,1100.0,1.79
2026-08-31T12:03:53.233918-04:00,SPY260904C00766000,-100,3.7,-37000.0,6200.0,,,
2026-08-31T12:03:53.233918-04:00,SPY260904C00776000,100,0.47,4700.0,-1900.0,,,
2026-08-31T12:03:53.233918-04:00,SPY260904P00756000,100,1.11,11100.0,600.0,,,
2026-08-31T12:03:53.233918-04:00,SPY260904P00766000,-100,3.91,-39100.0,-3700.0,,,
2026-08-31T12:03:53.233918-04:00,TOTAL,,,-60300.0,,61500.0,1200.0,1.95
2026-08-31T12:04:53.235356-04:00,SPY260904C00766000,-100,3.62,-36200.0,7000.0,,,
2026-08-31T12:04:53.235356-04:00,SPY260904C00776000,100,0.45,4500.0,-2100.0,,,
2026-08-31T12:04:53.235356-04:00,SPY260904P00756000,100,1.13,11300.0,800.0,,,
2026-08-31T12:04:53.235356-04:00,SPY260904P00766000,-100,3.98,-39800.0,-4400.0,,,
2026-08-31T12:04:53.235356-04:00,TOTAL,,,-60200.0,,61500.0,1300.0,2.11
2026-08-31T12:05:53.231603-04:00,SPY260904C00766000,-100,3.57,-35700.0,7500.0,,,
2026-08-31T12:05:53.231603-04:00,SPY260904C00776000,100,0.44,4400.0,-2200.0,,,
2026-08-31T12:05:53.231603-04:00,SPY260904P00756000,100,1.15,11500.0,1000.0,,,
2026-08-31T12:05:53.231603-04:00,SPY260904P00766000,-100,4.03,-40300.0,-4900.0,,,
2026-08-31T12:05:53.231603-04:00,TOTAL,,,-60100.0,,61500.0,1400.0,2.28
2026-08-31T12:06:53.321996-04:00,SPY260904C00766000,-100,3.6,-36000.0,7200.0,,,
2026-08-31T12:06:53.321996-04:00,SPY260904C00776000,100,0.44,4400.0,-2200.0,,,
2026-08-31T12:06:53.321996-04:00,SPY260904P00756000,100,1.12,11200.0,700.0,,,
2026-08-31T12:06:53.321996-04:00,SPY260904P00766000,-100,3.98,-39800.0,-4400.0,,,
2026-08-31T12:06:53.321996-04:00,TOTAL,,,-60200.0,,61500.0,1300.0,2.11
2026-08-31T12:07:53.305741-04:00,SPY260904C00766000,-100,3.6,-36000.0,7200.0,,,
2026-08-31T12:07:53.305741-04:00,SPY260904C00776000,100,0.44,4400.0,-2200.0,,,
2026-08-31T12:07:53.305741-04:00,SPY260904P00756000,100,1.13,11300.0,800.0,,,
2026-08-31T12:07:53.305741-04:00,SPY260904P00766000,-100,3.98,-39800.0,-4400.0,,,
2026-08-31T12:07:53.305741-04:00,TOTAL,,,-60100.0,,61500.0,1400.0,2.28
2026-08-31T12:08:53.322941-04:00,SPY260904C00766000,-100,3.6,-36000.0,7200.0,,,
2026-08-31T12:08:53.322941-04:00,SPY260904C00776000,100,0.44,4400.0,-2200.0,,,
2026-08-31T12:08:53.322941-04:00,SPY260904P00756000,100,1.13,11300.0,800.0,,,
2026-08-31T12:08:53.322941-04:00,SPY260904P00766000,-100,3.99,-39900.0,-4500.0,,,
2026-08-31T12:08:53.322941-04:00,TOTAL,,,-60200.0,,61500.0,1300.0,2.11
2026-08-31T12:09:53.417789-04:00,SPY260904C00766000,-100,3.63,-36300.0,6900.0,,,
2026-08-31T12:09:53.417789-04:00,SPY260904C00776000,100,0.45,4500.0,-2100.0,,,
2026-08-31T12:09:53.417789-04:00,SPY260904P00756000,100,1.11,11100.0,600.0,,,
2026-08-31T12:09:53.417789-04:00,SPY260904P00766000,-100,3.95,-39500.0,-4100.0,,,
2026-08-31T12:09:53.417789-04:00,TOTAL,,,-60200.0,,61500.0,1300.0,2.11
2026-08-31T12:10:53.407986-04:00,SPY260904C00766000,-100,3.74,-37400.0,5800.0,,,
2026-08-31T12:10:53.407986-04:00,SPY260904C00776000,100,0.47,4700.0,-1900.0,,,
2026-08-31T12:10:53.407986-04:00,SPY260904P00756000,100,1.07,10700.0,200.0,,,
2026-08-31T12:10:53.407986-04:00,SPY260904P00766000,-100,3.82,-38200.0,-2800.0,,,
2026-08-31T12:10:53.407986-04:00,TOTAL,,,-60200.0,,61500.0,1300.0,2.11
2026-08-31T12:11:53.435002-04:00,SPY260904C00766000,-100,3.81,-38100.0,5100.0,,,
2026-08-31T12:11:53.435002-04:00,SPY260904C00776000,100,0.49,4900.0,-1700.0,,,
2026-08-31T12:11:53.435002-04:00,SPY260904P00756000,100,1.04,10400.0,-100.0,,,
2026-08-31T12:11:53.435002-04:00,SPY260904P00766000,-100,3.75,-37500.0,-2100.0,,,
2026-08-31T12:11:53.435002-04:00,TOTAL,,,-60300.0,,61500.0,1200.0,1.95
2026-08-31T12:12:53.436428-04:00,SPY260904C00766000,-100,3.84,-38400.0,4800.0,,,
2026-08-31T12:12:53.436428-04:00,SPY260904C00776000,100,0.5,5000.0,-1600.0,,,
2026-08-31T12:12:53.436428-04:00,SPY260904P00756000,100,1.04,10400.0,-100.0,,,
2026-08-31T12:12:53.436428-04:00,SPY260904P00766000,-100,3.72,-37200.0,-1800.0,,,
2026-08-31T12:12:53.436428-04:00,TOTAL,,,-60200.0,,61500.0,1300.0,2.11
2026-08-31T12:13:53.449381-04:00,SPY260904C00766000,-100,3.82,-38200.0,5000.0,,,
2026-08-31T12:13:53.449381-04:00,SPY260904C00776000,100,0.49,4900.0,-1700.0,,,
2026-08-31T12:13:53.449381-04:00,SPY260904P00756000,100,1.04,10400.0,-100.0,,,
2026-08-31T12:13:53.449381-04:00,SPY260904P00766000,-100,3.74,-37400.0,-2000.0,,,
2026-08-31T12:13:53.449381-04:00,TOTAL,,,-60300.0,,61500.0,1200.0,1.95
2026-08-31T12:14:53.540115-04:00,SPY260904C00766000,-100,3.93,-39300.0,3900.0,,,
2026-08-31T12:14:53.540115-04:00,SPY260904C00776000,100,0.52,5200.0,-1400.0,,,
2026-08-31T12:14:53.540115-04:00,SPY260904P00756000,100,1.01,10100.0,-400.0,,,
2026-08-31T12:14:53.540115-04:00,SPY260904P00766000,-100,3.64,-36400.0,-1000.0,,,
2026-08-31T12:14:53.540115-04:00,TOTAL,,,-60400.0,,61500.0,1100.0,1.79
2026-08-31T12:15:53.506505-04:00,SPY260904C00766000,-100,3.87,-38700.0,4500.0,,,
2026-08-31T12:15:53.506505-04:00,SPY260904C00776000,100,0.5,5000.0,-1600.0,,,
2026-08-31T12:15:53.506505-04:00,SPY260904P00756000,100,1.03,10300.0,-200.0,,,
2026-08-31T12:15:53.506505-04:00,SPY260904P00766000,-100,3.7,-37000.0,-1600.0,,,
2026-08-31T12:15:53.506505-04:00,TOTAL,,,-60400.0,,61500.0,1100.0,1.79
2026-08-31T12:16:53.533890-04:00,SPY260904C00766000,-100,3.79,-37900.0,5300.0,,,
2026-08-31T12:16:53.533890-04:00,SPY260904C00776000,100,0.48,4800.0,-1800.0,,,
2026-08-31T12:16:53.533890-04:00,SPY260904P00756000,100,1.06,10600.0,100.0,,,
2026-08-31T12:16:53.533890-04:00,SPY260904P00766000,-100,3.78,-37800.0,-2400.0,,,
2026-08-31T12:16:53.533890-04:00,TOTAL,,,-60300.0,,61500.0,1200.0,1.95
2026-08-31T12:17:53.566260-04:00,SPY260904C00766000,-100,3.69,-36900.0,6300.0,,,
2026-08-31T12:17:53.566260-04:00,SPY260904C00776000,100,0.46,4600.0,-2000.0,,,
2026-08-31T12:17:53.566260-04:00,SPY260904P00756000,100,1.1,11000.0,500.0,,,
2026-08-31T12:17:53.566260-04:00,SPY260904P00766000,-100,3.9,-39000.0,-3600.0,,,
2026-08-31T12:17:53.566260-04:00,TOTAL,,,-60300.0,,61500.0,1200.0,1.95
2026-08-31T12:18:53.586850-04:00,SPY260904C00766000,-100,3.7,-37000.0,6200.0,,,
2026-08-31T12:18:53.586850-04:00,SPY260904C00776000,100,0.46,4600.0,-2000.0,,,
2026-08-31T12:18:53.586850-04:00,SPY260904P00756000,100,1.09,10900.0,400.0,,,
2026-08-31T12:18:53.586850-04:00,SPY260904P00766000,-100,3.87,-38700.0,-3300.0,,,
2026-08-31T12:18:53.586850-04:00,TOTAL,,,-60200.0,,61500.0,1300.0,2.11
2026-08-31T12:19:53.611918-04:00,SPY260904C00766000,-100,3.81,-38100.0,5100.0,,,
2026-08-31T12:19:53.611918-04:00,SPY260904C00776000,100,0.49,4900.0,-1700.0,,,
2026-08-31T12:19:53.611918-04:00,SPY260904P00756000,100,1.05,10500.0,0.0,,,
2026-08-31T12:19:53.611918-04:00,SPY260904P00766000,-100,3.76,-37600.0,-2200.0,,,
2026-08-31T12:19:53.611918-04:00,TOTAL,,,-60300.0,,61500.0,1200.0,1.95
2026-08-31T12:20:53.606129-04:00,SPY260904C00766000,-100,3.83,-38300.0,4900.0,,,
2026-08-31T12:20:53.606129-04:00,SPY260904C00776000,100,0.49,4900.0,-1700.0,,,
2026-08-31T12:20:53.606129-04:00,SPY260904P00756000,100,1.04,10400.0,-100.0,,,
2026-08-31T12:20:53.606129-04:00,SPY260904P00766000,-100,3.74,-37400.0,-2000.0,,,
2026-08-31T12:20:53.606129-04:00,TOTAL,,,-60400.0,,61500.0,1100.0,1.79
2026-08-31T12:21:53.629252-04:00,SPY260904C00766000,-100,3.82,-38200.0,5000.0,,,
2026-08-31T12:21:53.629252-04:00,SPY260904C00776000,100,0.49,4900.0,-1700.0,,,
2026-08-31T12:21:53.629252-04:00,SPY260904P00756000,100,1.05,10500.0,0.0,,,
2026-08-31T12:21:53.629252-04:00,SPY260904P00766000,-100,3.75,-37500.0,-2100.0,,,
2026-08-31T12:21:53.629252-04:00,TOTAL,,,-60300.0,,61500.0,1200.0,1.95
2026-08-31T12:22:53.689915-04:00,SPY260904C00766000,-100,3.72,-37200.0,6000.0,,,
2026-08-31T12:22:53.689915-04:00,SPY260904C00776000,100,0.47,4700.0,-1900.0,,,
2026-08-31T12:22:53.689915-04:00,SPY260904P00756000,100,1.08,10800.0,300.0,,,
2026-08-31T12:22:53.689915-04:00,SPY260904P00766000,-100,3.85,-38500.0,-3100.0,,,
2026-08-31T12:22:53.689915-04:00,TOTAL,,,-60200.0,,61500.0,1300.0,2.11
2026-08-31T12:23:53.706486-04:00,SPY260904C00766000,-100,3.74,-37400.0,5800.0,,,
2026-08-31T12:23:53.706486-04:00,SPY260904C00776000,100,0.47,4700.0,-1900.0,,,
2026-08-31T12:23:53.706486-04:00,SPY260904P00756000,100,1.08,10800.0,300.0,,,
2026-08-31T12:23:53.706486-04:00,SPY260904P00766000,-100,3.84,-38400.0,-3000.0,,,
2026-08-31T12:23:53.706486-04:00,TOTAL,,,-60300.0,,61500.0,1200.0,1.95
2026-08-31T12:24:53.847633-04:00,SPY260904C00766000,-100,3.75,-37500.0,5700.0,,,
2026-08-31T12:24:53.847633-04:00,SPY260904C00776000,100,0.47,4700.0,-1900.0,,,
2026-08-31T12:24:53.847633-04:00,SPY260904P00756000,100,1.07,10700.0,200.0,,,
2026-08-31T12:24:53.847633-04:00,SPY260904P00766000,-100,3.83,-38300.0,-2900.0,,,
2026-08-31T12:24:53.847633-04:00,TOTAL,,,-60400.0,,61500.0,1100.0,1.79
2026-08-31T12:25:53.770908-04:00,SPY260904C00766000,-100,3.8,-38000.0,5200.0,,,
2026-08-31T12:25:53.770908-04:00,SPY260904C00776000,100,0.49,4900.0,-1700.0,,,
2026-08-31T12:25:53.770908-04:00,SPY260904P00756000,100,1.05,10500.0,0.0,,,
2026-08-31T12:25:53.770908-04:00,SPY260904P00766000,-100,3.77,-37700.0,-2300.0,,,
2026-08-31T12:25:53.770908-04:00,TOTAL,,,-60300.0,,61500.0,1200.0,1.95
2026-08-31T12:26:53.820476-04:00,SPY260904C00766000,-100,3.85,-38500.0,4700.0,,,
2026-08-31T12:26:53.820476-04:00,SPY260904C00776000,100,0.5,5000.0,-1600.0,,,
2026-08-31T12:26:53.820476-04:00,SPY260904P00756000,100,1.03,10300.0,-200.0,,,
2026-08-31T12:26:53.820476-04:00,SPY260904P00766000,-100,3.71,-37100.0,-1700.0,,,
2026-08-31T12:26:53.820476-04:00,TOTAL,,,-60300.0,,61500.0,1200.0,1.95
2026-08-31T12:27:53.798311-04:00,SPY260904C00766000,-100,3.94,-39400.0,3800.0,,,
2026-08-31T12:27:53.798311-04:00,SPY260904C00776000,100,0.51,5100.0,-1500.0,,,
2026-08-31T12:27:53.798311-04:00,SPY260904P00756000,100,1.01,10100.0,-400.0,,,
2026-08-31T12:27:53.798311-04:00,SPY260904P00766000,-100,3.63,-36300.0,-900.0,,,
2026-08-31T12:27:53.798311-04:00,TOTAL,,,-60500.0,,61500.0,1000.0,1.63
2026-08-31T12:28:53.829129-04:00,SPY260904C00766000,-100,3.91,-39100.0,4100.0,,,
2026-08-31T12:28:53.829129-04:00,SPY260904C00776000,100,0.5,5000.0,-1600.0,,,
2026-08-31T12:28:53.829129-04:00,SPY260904P00756000,100,1.01,10100.0,-400.0,,,
2026-08-31T12:28:53.829129-04:00,SPY260904P00766000,-100,3.65,-36500.0,-1100.0,,,
2026-08-31T12:28:53.829129-04:00,TOTAL,,,-60500.0,,61500.0,1000.0,1.63
2026-08-31T12:29:53.891503-04:00,SPY260904C00766000,-100,3.95,-39500.0,3700.0,,,
2026-08-31T12:29:53.891503-04:00,SPY260904C00776000,100,0.52,5200.0,-1400.0,,,
2026-08-31T12:29:53.891503-04:00,SPY260904P00756000,100,0.99,9900.0,-600.0,,,
2026-08-31T12:29:53.891503-04:00,SPY260904P00766000,-100,3.6,-36000.0,-600.0,,,
2026-08-31T12:29:53.891503-04:00,TOTAL,,,-60400.0,,61500.0,1100.0,1.79
2026-08-31T12:30:53.957383-04:00,SPY260904C00766000,-100,3.93,-39300.0,3900.0,,,
2026-08-31T12:30:53.957383-04:00,SPY260904C00776000,100,0.51,5100.0,-1500.0,,,
2026-08-31T12:30:53.957383-04:00,SPY260904P00756000,100,1.0,10000.0,-500.0,,,
2026-08-31T12:30:53.957383-04:00,SPY260904P00766000,-100,3.62,-36200.0,-800.0,,,
2026-08-31T12:30:53.957383-04:00,TOTAL,,,-60400.0,,61500.0,1100.0,1.79
2026-08-31T12:31:53.946300-04:00,SPY260904C00766000,-100,3.92,-39200.0,4000.0,,,
2026-08-31T12:31:53.946300-04:00,SPY260904C00776000,100,0.51,5100.0,-1500.0,,,
2026-08-31T12:31:53.946300-04:00,SPY260904P00756000,100,1.0,10000.0,-500.0,,,
2026-08-31T12:31:53.946300-04:00,SPY260904P00766000,-100,3.63,-36300.0,-900.0,,,
2026-08-31T12:31:53.946300-04:00,TOTAL,,,-60400.0,,61500.0,1100.0,1.79
2026-08-31T12:32:53.953200-04:00,SPY260904C00766000,-100,3.87,-38700.0,4500.0,,,
2026-08-31T12:32:53.953200-04:00,SPY260904C00776000,100,0.5,5000.0,-1600.0,,,
2026-08-31T12:32:53.953200-04:00,SPY260904P00756000,100,1.03,10300.0,-200.0,,,
2026-08-31T12:32:53.953200-04:00,SPY260904P00766000,-100,3.69,-36900.0,-1500.0,,,
2026-08-31T12:32:53.953200-04:00,TOTAL,,,-60300.0,,61500.0,1200.0,1.95
2026-08-31T12:33:53.973976-04:00,SPY260904C00766000,-100,3.89,-38900.0,4300.0,,,
2026-08-31T12:33:53.973976-04:00,SPY260904C00776000,100,0.5,5000.0,-1600.0,,,
2026-08-31T12:33:53.973976-04:00,SPY260904P00756000,100,1.02,10200.0,-300.0,,,
2026-08-31T12:33:53.973976-04:00,SPY260904P00766000,-100,3.67,-36700.0,-1300.0,,,
2026-08-31T12:33:53.973976-04:00,TOTAL,,,-60400.0,,61500.0,1100.0,1.79
2026-08-31T12:34:54.089240-04:00,SPY260904C00766000,-100,3.94,-39400.0,3800.0,,,
2026-08-31T12:34:54.089240-04:00,SPY260904C00776000,100,0.51,5100.0,-1500.0,,,
2026-08-31T12:34:54.089240-04:00,SPY260904P00756000,100,1.0,10000.0,-500.0,,,
2026-08-31T12:34:54.089240-04:00,SPY260904P00766000,-100,3.63,-36300.0,-900.0,,,
2026-08-31T12:34:54.089240-04:00,TOTAL,,,-60600.0,,61500.0,900.0,1.46
2026-08-31T12:35:54.065194-04:00,SPY260904C00766000,-100,3.94,-39400.0,3800.0,,,
2026-08-31T12:35:54.065194-04:00,SPY260904C00776000,100,0.51,5100.0,-1500.0,,,
2026-08-31T12:35:54.065194-04:00,SPY260904P00756000,100,1.01,10100.0,-400.0,,,
2026-08-31T12:35:54.065194-04:00,SPY260904P00766000,-100,3.65,-36500.0,-1100.0,,,
2026-08-31T12:35:54.065194-04:00,TOTAL,,,-60700.0,,61500.0,800.0,1.3
2026-08-31T12:36:54.091400-04:00,SPY260904C00766000,-100,3.96,-39600.0,3600.0,,,
2026-08-31T12:36:54.091400-04:00,SPY260904C00776000,100,0.52,5200.0,-1400.0,,,
2026-08-31T12:36:54.091400-04:00,SPY260904P00756000,100,1.0,10000.0,-500.0,,,
2026-08-31T12:36:54.091400-04:00,SPY260904P00766000,-100,3.62,-36200.0,-800.0,,,
2026-08-31T12:36:54.091400-04:00,TOTAL,,,-60600.0,,61500.0,900.0,1.46
2026-08-31T12:37:54.106752-04:00,SPY260904C00766000,-100,3.88,-38800.0,4400.0,,,
2026-08-31T12:37:54.106752-04:00,SPY260904C00776000,100,0.5,5000.0,-1600.0,,,
2026-08-31T12:37:54.106752-04:00,SPY260904P00756000,100,1.03,10300.0,-200.0,,,
2026-08-31T12:37:54.106752-04:00,SPY260904P00766000,-100,3.7,-37000.0,-1600.0,,,
2026-08-31T12:37:54.106752-04:00,TOTAL,,,-60500.0,,61500.0,1000.0,1.63
2026-08-31T12:38:54.145353-04:00,SPY260904C00766000,-100,3.74,-37400.0,5800.0,,,
2026-08-31T12:38:54.145353-04:00,SPY260904C00776000,100,0.47,4700.0,-1900.0,,,
2026-08-31T12:38:54.145353-04:00,SPY260904P00756000,100,1.08,10800.0,300.0,,,
2026-08-31T12:38:54.145353-04:00,SPY260904P00766000,-100,3.84,-38400.0,-3000.0,,,
2026-08-31T12:38:54.145353-04:00,TOTAL,,,-60300.0,,61500.0,1200.0,1.95
2026-08-31T12:39:54.143236-04:00,SPY260904C00766000,-100,3.7,-37000.0,6200.0,,,
2026-08-31T12:39:54.143236-04:00,SPY260904C00776000,100,0.47,4700.0,-1900.0,,,
2026-08-31T12:39:54.143236-04:00,SPY260904P00756000,100,1.09,10900.0,400.0,,,
2026-08-31T12:39:54.143236-04:00,SPY260904P00766000,-100,3.89,-38900.0,-3500.0,,,
2026-08-31T12:39:54.143236-04:00,TOTAL,,,-60300.0,,61500.0,1200.0,1.95
2026-08-31T12:40:54.184951-04:00,SPY260904C00766000,-100,3.72,-37200.0,6000.0,,,
2026-08-31T12:40:54.184951-04:00,SPY260904C00776000,100,0.47,4700.0,-1900.0,,,
2026-08-31T12:40:54.184951-04:00,SPY260904P00756000,100,1.08,10800.0,300.0,,,
2026-08-31T12:40:54.184951-04:00,SPY260904P00766000,-100,3.86,-38600.0,-3200.0,,,
2026-08-31T12:40:54.184951-04:00,TOTAL,,,-60300.0,,61500.0,1200.0,1.95
2026-08-31T12:41:54.225673-04:00,SPY260904C00766000,-100,3.8,-38000.0,5200.0,,,
2026-08-31T12:41:54.225673-04:00,SPY260904C00776000,100,0.49,4900.0,-1700.0,,,
2026-08-31T12:41:54.225673-04:00,SPY260904P00756000,100,1.04,10400.0,-100.0,,,
2026-08-31T12:41:54.225673-04:00,SPY260904P00766000,-100,3.76,-37600.0,-2200.0,,,
2026-08-31T12:41:54.225673-04:00,TOTAL,,,-60300.0,,61500.0,1200.0,1.95
2026-08-31T12:42:54.216433-04:00,SPY260904C00766000,-100,3.85,-38500.0,4700.0,,,
2026-08-31T12:42:54.216433-04:00,SPY260904C00776000,100,0.5,5000.0,-1600.0,,,
2026-08-31T12:42:54.216433-04:00,SPY260904P00756000,100,1.02,10200.0,-300.0,,,
2026-08-31T12:42:54.216433-04:00,SPY260904P00766000,-100,3.71,-37100.0,-1700.0,,,
2026-08-31T12:42:54.216433-04:00,TOTAL,,,-60400.0,,61500.0,1100.0,1.79
2026-08-31T12:43:54.244581-04:00,SPY260904C00766000,-100,3.9,-39000.0,4200.0,,,
2026-08-31T12:43:54.244581-04:00,SPY260904C00776000,100,0.51,5100.0,-1500.0,,,
2026-08-31T12:43:54.244581-04:00,SPY260904P00756000,100,1.01,10100.0,-400.0,,,
2026-08-31T12:43:54.244581-04:00,SPY260904P00766000,-100,3.66,-36600.0,-1200.0,,,
2026-08-31T12:43:54.244581-04:00,TOTAL,,,-60400.0,,61500.0,1100.0,1.79
2026-08-31T12:44:54.306684-04:00,SPY260904C00766000,-100,3.75,-37500.0,5700.0,,,
2026-08-31T12:44:54.306684-04:00,SPY260904C00776000,100,0.48,4800.0,-1800.0,,,
2026-08-31T12:44:54.306684-04:00,SPY260904P00756000,100,1.06,10600.0,100.0,,,
2026-08-31T12:44:54.306684-04:00,SPY260904P00766000,-100,3.81,-38100.0,-2700.0,,,
2026-08-31T12:44:54.306684-04:00,TOTAL,,,-60200.0,,61500.0,1300.0,2.11
2026-08-31T12:45:54.292624-04:00,SPY260904C00766000,-100,3.79,-37900.0,5300.0,,,
2026-08-31T12:45:54.292624-04:00,SPY260904C00776000,100,0.48,4800.0,-1800.0,,,
2026-08-31T12:45:54.292624-04:00,SPY260904P00756000,100,1.04,10400.0,-100.0,,,
2026-08-31T12:45:54.292624-04:00,SPY260904P00766000,-100,3.77,-37700.0,-2300.0,,,
2026-08-31T12:45:54.292624-04:00,TOTAL,,,-60400.0,,61500.0,1100.0,1.79
2026-08-31T12:46:54.339079-04:00,SPY260904C00766000,-100,3.76,-37600.0,5600.0,,,
2026-08-31T12:46:54.339079-04:00,SPY260904C00776000,100,0.48,4800.0,-1800.0,,,
2026-08-31T12:46:54.339079-04:00,SPY260904P00756000,100,1.05,10500.0,0.0,,,
2026-08-31T12:46:54.339079-04:00,SPY260904P00766000,-100,3.8,-38000.0,-2600.0,,,
2026-08-31T12:46:54.339079-04:00,TOTAL,,,-60300.0,,61500.0,1200.0,1.95
2026-08-31T12:47:54.346152-04:00,SPY260904C00766000,-100,3.84,-38400.0,4800.0,,,
2026-08-31T12:47:54.346152-04:00,SPY260904C00776000,100,0.5,5000.0,-1600.0,,,
2026-08-31T12:47:54.346152-04:00,SPY260904P00756000,100,1.02,10200.0,-300.0,,,
2026-08-31T12:47:54.346152-04:00,SPY260904P00766000,-100,3.72,-37200.0,-1800.0,,,
2026-08-31T12:47:54.346152-04:00,TOTAL,,,-60400.0,,61500.0,1100.0,1.79
2026-08-31T12:48:54.402161-04:00,SPY260904C00766000,-100,3.88,-38800.0,4400.0,,,
2026-08-31T12:48:54.402161-04:00,SPY260904C00776000,100,0.5,5000.0,-1600.0,,,
2026-08-31T12:48:54.402161-04:00,SPY260904P00756000,100,1.01,10100.0,-400.0,,,
2026-08-31T12:48:54.402161-04:00,SPY260904P00766000,-100,3.68,-36800.0,-1400.0,,,
2026-08-31T12:48:54.402161-04:00,TOTAL,,,-60500.0,,61500.0,1000.0,1.63
2026-08-31T12:49:54.409412-04:00,SPY260904C00766000,-100,3.91,-39100.0,4100.0,,,
2026-08-31T12:49:54.409412-04:00,SPY260904C00776000,100,0.52,5200.0,-1400.0,,,
2026-08-31T12:49:54.409412-04:00,SPY260904P00756000,100,1.0,10000.0,-500.0,,,
2026-08-31T12:49:54.409412-04:00,SPY260904P00766000,-100,3.65,-36500.0,-1100.0,,,
2026-08-31T12:49:54.409412-04:00,TOTAL,,,-60400.0,,61500.0,1100.0,1.79
2026-08-31T12:50:54.441288-04:00,SPY260904C00766000,-100,3.94,-39400.0,3800.0,,,
2026-08-31T12:50:54.441288-04:00,SPY260904C00776000,100,0.52,5200.0,-1400.0,,,
2026-08-31T12:50:54.441288-04:00,SPY260904P00756000,100,0.99,9900.0,-600.0,,,
2026-08-31T12:50:54.441288-04:00,SPY260904P00766000,-100,3.63,-36300.0,-900.0,,,
2026-08-31T12:50:54.441288-04:00,TOTAL,,,-60600.0,,61500.0,900.0,1.46
2026-08-31T12:51:54.459416-04:00,SPY260904C00766000,-100,3.98,-39800.0,3400.0,,,
2026-08-31T12:51:54.459416-04:00,SPY260904C00776000,100,0.53,5300.0,-1300.0,,,
2026-08-31T12:51:54.459416-04:00,SPY260904P00756000,100,0.99,9900.0,-600.0,,,
2026-08-31T12:51:54.459416-04:00,SPY260904P00766000,-100,3.6,-36000.0,-600.0,,,
2026-08-31T12:51:54.459416-04:00,TOTAL,,,-60600.0,,61500.0,900.0,1.46
2026-08-31T12:52:54.476212-04:00,SPY260904C00766000,-100,3.99,-39900.0,3300.0,,,
2026-08-31T12:52:54.476212-04:00,SPY260904C00776000,100,0.53,5300.0,-1300.0,,,
2026-08-31T12:52:54.476212-04:00,SPY260904P00756000,100,0.98,9800.0,-700.0,,,
2026-08-31T12:52:54.476212-04:00,SPY260904P00766000,-100,3.6,-36000.0,-600.0,,,
2026-08-31T12:52:54.476212-04:00,TOTAL,,,-60800.0,,61500.0,700.0,1.14
2026-08-31T12:53:54.517433-04:00,SPY260904C00766000,-100,3.98,-39800.0,3400.0,,,
2026-08-31T12:53:54.517433-04:00,SPY260904C00776000,100,0.53,5300.0,-1300.0,,,
2026-08-31T12:53:54.517433-04:00,SPY260904P00756000,100,0.99,9900.0,-600.0,,,
2026-08-31T12:53:54.517433-04:00,SPY260904P00766000,-100,3.6,-36000.0,-600.0,,,
2026-08-31T12:53:54.517433-04:00,TOTAL,,,-60600.0,,61500.0,900.0,1.46
2026-08-31T12:54:54.598777-04:00,SPY260904C00766000,-100,3.94,-39400.0,3800.0,,,
2026-08-31T12:54:54.598777-04:00,SPY260904C00776000,100,0.52,5200.0,-1400.0,,,
2026-08-31T12:54:54.598777-04:00,SPY260904P00756000,100,1.0,10000.0,-500.0,,,
2026-08-31T12:54:54.598777-04:00,SPY260904P00766000,-100,3.63,-36300.0,-900.0,,,
2026-08-31T12:54:54.598777-04:00,TOTAL,,,-60500.0,,61500.0,1000.0,1.63
2026-08-31T12:55:54.607406-04:00,SPY260904C00766000,-100,3.99,-39900.0,3300.0,,,
2026-08-31T12:55:54.607406-04:00,SPY260904C00776000,100,0.53,5300.0,-1300.0,,,
2026-08-31T12:55:54.607406-04:00,SPY260904P00756000,100,0.98,9800.0,-700.0,,,
2026-08-31T12:55:54.607406-04:00,SPY260904P00766000,-100,3.59,-35900.0,-500.0,,,
2026-08-31T12:55:54.607406-04:00,TOTAL,,,-60700.0,,61500.0,800.0,1.3
2026-08-31T12:56:54.630672-04:00,SPY260904C00766000,-100,3.99,-39900.0,3300.0,,,
2026-08-31T12:56:54.630672-04:00,SPY260904C00776000,100,0.53,5300.0,-1300.0,,,
2026-08-31T12:56:54.630672-04:00,SPY260904P00756000,100,0.98,9800.0,-700.0,,,
2026-08-31T12:56:54.630672-04:00,SPY260904P00766000,-100,3.6,-36000.0,-600.0,,,
2026-08-31T12:56:54.630672-04:00,TOTAL,,,-60800.0,,61500.0,700.0,1.14
2026-08-31T12:57:54.620755-04:00,SPY260904C00766000,-100,4.04,-40400.0,2800.0,,,
2026-08-31T12:57:54.620755-04:00,SPY260904C00776000,100,0.55,5500.0,-1100.0,,,
2026-08-31T12:57:54.620755-04:00,SPY260904P00756000,100,0.98,9800.0,-700.0,,,
2026-08-31T12:57:54.620755-04:00,SPY260904P00766000,-100,3.57,-35700.0,-300.0,,,
2026-08-31T12:57:54.620755-04:00,TOTAL,,,-60800.0,,61500.0,700.0,1.14
2026-08-31T12:58:54.660050-04:00,SPY260904C00766000,-100,4.01,-40100.0,3100.0,,,
2026-08-31T12:58:54.660050-04:00,SPY260904C00776000,100,0.54,5400.0,-1200.0,,,
2026-08-31T12:58:54.660050-04:00,SPY260904P00756000,100,0.98,9800.0,-700.0,,,
2026-08-31T12:58:54.660050-04:00,SPY260904P00766000,-100,3.58,-35800.0,-400.0,,,
2026-08-31T12:58:54.660050-04:00,TOTAL,,,-60700.0,,61500.0,800.0,1.3
2026-08-31T12:59:54.689277-04:00,SPY260904C00766000,-100,3.98,-39800.0,3400.0,,,
2026-08-31T12:59:54.689277-04:00,SPY260904C00776000,100,0.54,5400.0,-1200.0,,,
2026-08-31T12:59:54.689277-04:00,SPY260904P00756000,100,0.99,9900.0,-600.0,,,
2026-08-31T12:59:54.689277-04:00,SPY260904P00766000,-100,3.62,-36200.0,-800.0,,,
2026-08-31T12:59:54.689277-04:00,TOTAL,,,-60700.0,,61500.0,800.0,1.3
2026-08-31T13:00:54.722385-04:00,SPY260904C00766000,-100,3.97,-39700.0,3500.0,,,
2026-08-31T13:00:54.722385-04:00,SPY260904C00776000,100,0.53,5300.0,-1300.0,,,
2026-08-31T13:00:54.722385-04:00,SPY260904P00756000,100,0.99,9900.0,-600.0,,,
2026-08-31T13:00:54.722385-04:00,SPY260904P00766000,-100,3.63,-36300.0,-900.0,,,
2026-08-31T13:00:54.722385-04:00,TOTAL,,,-60800.0,,61500.0,700.0,1.14
2026-08-31T13:01:54.779029-04:00,SPY260904C00766000,-100,3.95,-39500.0,3700.0,,,
2026-08-31T13:01:54.779029-04:00,SPY260904C00776000,100,0.53,5300.0,-1300.0,,,
2026-08-31T13:01:54.779029-04:00,SPY260904P00756000,100,1.0,10000.0,-500.0,,,
2026-08-31T13:01:54.779029-04:00,SPY260904P00766000,-100,3.65,-36500.0,-1100.0,,,
2026-08-31T13:01:54.779029-04:00,TOTAL,,,-60700.0,,61500.0,800.0,1.3
2026-08-31T13:02:54.776473-04:00,SPY260904C00766000,-100,3.91,-39100.0,4100.0,,,
2026-08-31T13:02:54.776473-04:00,SPY260904C00776000,100,0.52,5200.0,-1400.0,,,
2026-08-31T13:02:54.776473-04:00,SPY260904P00756000,100,1.01,10100.0,-400.0,,,
2026-08-31T13:02:54.776473-04:00,SPY260904P00766000,-100,3.68,-36800.0,-1400.0,,,
2026-08-31T13:02:54.776473-04:00,TOTAL,,,-60600.0,,61500.0,900.0,1.46
2026-08-31T13:03:54.821562-04:00,SPY260904C00766000,-100,3.89,-38900.0,4300.0,,,
2026-08-31T13:03:54.821562-04:00,SPY260904C00776000,100,0.52,5200.0,-1400.0,,,
2026-08-31T13:03:54.821562-04:00,SPY260904P00756000,100,1.02,10200.0,-300.0,,,
2026-08-31T13:03:54.821562-04:00,SPY260904P00766000,-100,3.71,-37100.0,-1700.0,,,
2026-08-31T13:03:54.821562-04:00,TOTAL,,,-60600.0,,61500.0,900.0,1.46
2026-08-31T13:04:54.837764-04:00,SPY260904C00766000,-100,3.82,-38200.0,5000.0,,,
2026-08-31T13:04:54.837764-04:00,SPY260904C00776000,100,0.49,4900.0,-1700.0,,,
2026-08-31T13:04:54.837764-04:00,SPY260904P00756000,100,1.02,10200.0,-300.0,,,
2026-08-31T13:04:54.837764-04:00,SPY260904P00766000,-100,3.74,-37400.0,-2000.0,,,
2026-08-31T13:04:54.837764-04:00,TOTAL,,,-60500.0,,61500.0,1000.0,1.63
2026-08-31T13:05:54.879681-04:00,SPY260904C00766000,-100,3.88,-38800.0,4400.0,,,
2026-08-31T13:05:54.879681-04:00,SPY260904C00776000,100,0.51,5100.0,-1500.0,,,
2026-08-31T13:05:54.879681-04:00,SPY260904P00756000,100,1.0,10000.0,-500.0,,,
2026-08-31T13:05:54.879681-04:00,SPY260904P00766000,-100,3.67,-36700.0,-1300.0,,,
2026-08-31T13:05:54.879681-04:00,TOTAL,,,-60400.0,,61500.0,1100.0,1.79
2026-08-31T13:06:54.915591-04:00,SPY260904C00766000,-100,3.85,-38500.0,4700.0,,,
2026-08-31T13:06:54.915591-04:00,SPY260904C00776000,100,0.5,5000.0,-1600.0,,,
2026-08-31T13:06:54.915591-04:00,SPY260904P00756000,100,1.02,10200.0,-300.0,,,
2026-08-31T13:06:54.915591-04:00,SPY260904P00766000,-100,3.71,-37100.0,-1700.0,,,
2026-08-31T13:06:54.915591-04:00,TOTAL,,,-60400.0,,61500.0,1100.0,1.79
2026-08-31T13:07:54.932332-04:00,SPY260904C00766000,-100,3.87,-38700.0,4500.0,,,
2026-08-31T13:07:54.932332-04:00,SPY260904C00776000,100,0.5,5000.0,-1600.0,,,
2026-08-31T13:07:54.932332-04:00,SPY260904P00756000,100,1.0,10000.0,-500.0,,,
2026-08-31T13:07:54.932332-04:00,SPY260904P00766000,-100,3.68,-36800.0,-1400.0,,,
2026-08-31T13:07:54.932332-04:00,TOTAL,,,-60500.0,,61500.0,1000.0,1.63
2026-08-31T13:08:54.954518-04:00,SPY260904C00766000,-100,3.8,-38000.0,5200.0,,,
2026-08-31T13:08:54.954518-04:00,SPY260904C00776000,100,0.49,4900.0,-1700.0,,,
2026-08-31T13:08:54.954518-04:00,SPY260904P00756000,100,1.03,10300.0,-200.0,,,
2026-08-31T13:08:54.954518-04:00,SPY260904P00766000,-100,3.75,-37500.0,-2100.0,,,
2026-08-31T13:08:54.954518-04:00,TOTAL,,,-60300.0,,61500.0,1200.0,1.95
2026-08-31T13:09:54.981332-04:00,SPY260904C00766000,-100,3.83,-38300.0,4900.0,,,
2026-08-31T13:09:54.981332-04:00,SPY260904C00776000,100,0.5,5000.0,-1600.0,,,
2026-08-31T13:09:54.981332-04:00,SPY260904P00756000,100,1.02,10200.0,-300.0,,,
2026-08-31T13:09:54.981332-04:00,SPY260904P00766000,-100,3.72,-37200.0,-1800.0,,,
2026-08-31T13:09:54.981332-04:00,TOTAL,,,-60300.0,,61500.0,1200.0,1.95
2026-08-31T13:10:55.013702-04:00,SPY260904C00766000,-100,3.85,-38500.0,4700.0,,,
2026-08-31T13:10:55.013702-04:00,SPY260904C00776000,100,0.5,5000.0,-1600.0,,,
2026-08-31T13:10:55.013702-04:00,SPY260904P00756000,100,1.01,10100.0,-400.0,,,
2026-08-31T13:10:55.013702-04:00,SPY260904P00766000,-100,3.68,-36800.0,-1400.0,,,
2026-08-31T13:10:55.013702-04:00,TOTAL,,,-60200.0,,61500.0,1300.0,2.11
2026-08-31T13:11:55.053405-04:00,SPY260904C00766000,-100,3.89,-38900.0,4300.0,,,
2026-08-31T13:11:55.053405-04:00,SPY260904C00776000,100,0.51,5100.0,-1500.0,,,
2026-08-31T13:11:55.053405-04:00,SPY260904P00756000,100,0.99,9900.0,-600.0,,,
2026-08-31T13:11:55.053405-04:00,SPY260904P00766000,-100,3.64,-36400.0,-1000.0,,,
2026-08-31T13:11:55.053405-04:00,TOTAL,,,-60300.0,,61500.0,1200.0,1.95
2026-08-31T13:12:55.054028-04:00,SPY260904C00766000,-100,3.94,-39400.0,3800.0,,,
2026-08-31T13:12:55.054028-04:00,SPY260904C00776000,100,0.52,5200.0,-1400.0,,,
2026-08-31T13:12:55.054028-04:00,SPY260904P00756000,100,0.98,9800.0,-700.0,,,
2026-08-31T13:12:55.054028-04:00,SPY260904P00766000,-100,3.6,-36000.0,-600.0,,,
2026-08-31T13:12:55.054028-04:00,TOTAL,,,-60400.0,,61500.0,1100.0,1.79
2026-08-31T13:13:55.107943-04:00,SPY260904C00766000,-100,3.93,-39300.0,3900.0,,,
2026-08-31T13:13:55.107943-04:00,SPY260904C00776000,100,0.52,5200.0,-1400.0,,,
2026-08-31T13:13:55.107943-04:00,SPY260904P00756000,100,0.98,9800.0,-700.0,,,
2026-08-31T13:13:55.107943-04:00,SPY260904P00766000,-100,3.6,-36000.0,-600.0,,,
2026-08-31T13:13:55.107943-04:00,TOTAL,,,-60300.0,,61500.0,1200.0,1.95
2026-08-31T13:14:55.137988-04:00,SPY260904C00766000,-100,3.97,-39700.0,3500.0,,,
2026-08-31T13:14:55.137988-04:00,SPY260904C00776000,100,0.52,5200.0,-1400.0,,,
2026-08-31T13:14:55.137988-04:00,SPY260904P00756000,100,0.96,9600.0,-900.0,,,
2026-08-31T13:14:55.137988-04:00,SPY260904P00766000,-100,3.56,-35600.0,-200.0,,,
2026-08-31T13:14:55.137988-04:00,TOTAL,,,-60500.0,,61500.0,1000.0,1.63
2026-08-31T13:15:55.175597-04:00,SPY260904C00766000,-100,4.0,-40000.0,3200.0,,,
2026-08-31T13:15:55.175597-04:00,SPY260904C00776000,100,0.53,5300.0,-1300.0,,,
2026-08-31T13:15:55.175597-04:00,SPY260904P00756000,100,0.95,9500.0,-1000.0,,,
2026-08-31T13:15:55.175597-04:00,SPY260904P00766000,-100,3.53,-35300.0,100.0,,,
2026-08-31T13:15:55.175597-04:00,TOTAL,,,-60500.0,,61500.0,1000.0,1.63
2026-08-31T13:16:55.184348-04:00,SPY260904C00766000,-100,4.03,-40300.0,2900.0,,,
2026-08-31T13:16:55.184348-04:00,SPY260904C00776000,100,0.54,5400.0,-1200.0,,,
2026-08-31T13:16:55.184348-04:00,SPY260904P00756000,100,0.95,9500.0,-1000.0,,,
2026-08-31T13:16:55.184348-04:00,SPY260904P00766000,-100,3.51,-35100.0,300.0,,,
2026-08-31T13:16:55.184348-04:00,TOTAL,,,-60500.0,,61500.0,1000.0,1.63
2026-08-31T13:17:55.242079-04:00,SPY260904C00766000,-100,3.99,-39900.0,3300.0,,,
2026-08-31T13:17:55.242079-04:00,SPY260904C00776000,100,0.53,5300.0,-1300.0,,,
2026-08-31T13:17:55.242079-04:00,SPY260904P00756000,100,0.97,9700.0,-800.0,,,
2026-08-31T13:17:55.242079-04:00,SPY260904P00766000,-100,3.55,-35500.0,-100.0,,,
2026-08-31T13:17:55.242079-04:00,TOTAL,,,-60400.0,,61500.0,1100.0,1.79
2026-08-31T13:18:55.250948-04:00,SPY260904C00766000,-100,3.94,-39400.0,3800.0,,,
2026-08-31T13:18:55.250948-04:00,SPY260904C00776000,100,0.52,5200.0,-1400.0,,,
2026-08-31T13:18:55.250948-04:00,SPY260904P00756000,100,0.98,9800.0,-700.0,,,
2026-08-31T13:18:55.250948-04:00,SPY260904P00766000,-100,3.61,-36100.0,-700.0,,,
2026-08-31T13:18:55.250948-04:00,TOTAL,,,-60500.0,,61500.0,1000.0,1.63
2026-08-31T13:19:55.253846-04:00,SPY260904C00766000,-100,3.94,-39400.0,3800.0,,,
2026-08-31T13:19:55.253846-04:00,SPY260904C00776000,100,0.52,5200.0,-1400.0,,,
2026-08-31T13:19:55.253846-04:00,SPY260904P00756000,100,0.98,9800.0,-700.0,,,
2026-08-31T13:19:55.253846-04:00,SPY260904P00766000,-100,3.6,-36000.0,-600.0,,,
2026-08-31T13:19:55.253846-04:00,TOTAL,,,-60400.0,,61500.0,1100.0,1.79
2026-08-31T13:20:55.291886-04:00,SPY260904C00766000,-100,3.91,-39100.0,4100.0,,,
2026-08-31T13:20:55.291886-04:00,SPY260904C00776000,100,0.51,5100.0,-1500.0,,,
2026-08-31T13:20:55.291886-04:00,SPY260904P00756000,100,0.99,9900.0,-600.0,,,
2026-08-31T13:20:55.291886-04:00,SPY260904P00766000,-100,3.63,-36300.0,-900.0,,,
2026-08-31T13:20:55.291886-04:00,TOTAL,,,-60400.0,,61500.0,1100.0,1.79
2026-08-31T13:21:55.288584-04:00,SPY260904C00766000,-100,3.9,-39000.0,4200.0,,,
2026-08-31T13:21:55.288584-04:00,SPY260904C00776000,100,0.51,5100.0,-1500.0,,,
2026-08-31T13:21:55.288584-04:00,SPY260904P00756000,100,0.99,9900.0,-600.0,,,
2026-08-31T13:21:55.288584-04:00,SPY260904P00766000,-100,3.64,-36400.0,-1000.0,,,
2026-08-31T13:21:55.288584-04:00,TOTAL,,,-60400.0,,61500.0,1100.0,1.79
2026-08-31T13:22:55.363902-04:00,SPY260904C00766000,-100,3.96,-39600.0,3600.0,,,
2026-08-31T13:22:55.363902-04:00,SPY260904C00776000,100,0.52,5200.0,-1400.0,,,
2026-08-31T13:22:55.363902-04:00,SPY260904P00756000,100,0.97,9700.0,-800.0,,,
2026-08-31T13:22:55.363902-04:00,SPY260904P00766000,-100,3.58,-35800.0,-400.0,,,
2026-08-31T13:22:55.363902-04:00,TOTAL,,,-60500.0,,61500.0,1000.0,1.63
2026-08-31T13:23:55.353655-04:00,SPY260904C00766000,-100,3.99,-39900.0,3300.0,,,
2026-08-31T13:23:55.353655-04:00,SPY260904C00776000,100,0.53,5300.0,-1300.0,,,
2026-08-31T13:23:55.353655-04:00,SPY260904P00756000,100,0.96,9600.0,-900.0,,,
2026-08-31T13:23:55.353655-04:00,SPY260904P00766000,-100,3.56,-35600.0,-200.0,,,
2026-08-31T13:23:55.353655-04:00,TOTAL,,,-60600.0,,61500.0,900.0,1.46
2026-08-31T13:24:55.395362-04:00,SPY260904C00766000,-100,3.92,-39200.0,4000.0,,,
2026-08-31T13:24:55.395362-04:00,SPY260904C00776000,100,0.51,5100.0,-1500.0,,,
2026-08-31T13:24:55.395362-04:00,SPY260904P00756000,100,0.98,9800.0,-700.0,,,
2026-08-31T13:24:55.395362-04:00,SPY260904P00766000,-100,3.62,-36200.0,-800.0,,,
2026-08-31T13:24:55.395362-04:00,TOTAL,,,-60500.0,,61500.0,1000.0,1.63
2026-08-31T13:25:55.396452-04:00,SPY260904C00766000,-100,3.81,-38100.0,5100.0,,,
2026-08-31T13:25:55.396452-04:00,SPY260904C00776000,100,0.49,4900.0,-1700.0,,,
2026-08-31T13:25:55.396452-04:00,SPY260904P00756000,100,1.02,10200.0,-300.0,,,
2026-08-31T13:25:55.396452-04:00,SPY260904P00766000,-100,3.73,-37300.0,-1900.0,,,
2026-08-31T13:25:55.396452-04:00,TOTAL,,,-60300.0,,61500.0,1200.0,1.95
2026-08-31T13:26:55.429570-04:00,SPY260904C00766000,-100,3.77,-37700.0,5500.0,,,
2026-08-31T13:26:55.429570-04:00,SPY260904C00776000,100,0.48,4800.0,-1800.0,,,
2026-08-31T13:26:55.429570-04:00,SPY260904P00756000,100,1.03,10300.0,-200.0,,,
2026-08-31T13:26:55.429570-04:00,SPY260904P00766000,-100,3.76,-37600.0,-2200.0,,,
2026-08-31T13:26:55.429570-04:00,TOTAL,,,-60200.0,,61500.0,1300.0,2.11
2026-08-31T13:27:55.460078-04:00,SPY260904C00766000,-100,3.77,-37700.0,5500.0,,,
2026-08-31T13:27:55.460078-04:00,SPY260904C00776000,100,0.48,4800.0,-1800.0,,,
2026-08-31T13:27:55.460078-04:00,SPY260904P00756000,100,1.03,10300.0,-200.0,,,
2026-08-31T13:27:55.460078-04:00,SPY260904P00766000,-100,3.77,-37700.0,-2300.0,,,
2026-08-31T13:27:55.460078-04:00,TOTAL,,,-60300.0,,61500.0,1200.0,1.95
2026-08-31T13:28:55.513999-04:00,SPY260904C00766000,-100,3.77,-37700.0,5500.0,,,
2026-08-31T13:28:55.513999-04:00,SPY260904C00776000,100,0.48,4800.0,-1800.0,,,
2026-08-31T13:28:55.513999-04:00,SPY260904P00756000,100,1.03,10300.0,-200.0,,,
2026-08-31T13:28:55.513999-04:00,SPY260904P00766000,-100,3.77,-37700.0,-2300.0,,,
2026-08-31T13:28:55.513999-04:00,TOTAL,,,-60300.0,,61500.0,1200.0,1.95
2026-08-31T13:29:55.526594-04:00,SPY260904C00766000,-100,3.75,-37500.0,5700.0,,,
2026-08-31T13:29:55.526594-04:00,SPY260904C00776000,100,0.48,4800.0,-1800.0,,,
2026-08-31T13:29:55.526594-04:00,SPY260904P00756000,100,1.04,10400.0,-100.0,,,
2026-08-31T13:29:55.526594-04:00,SPY260904P00766000,-100,3.78,-37800.0,-2400.0,,,
2026-08-31T13:29:55.526594-04:00,TOTAL,,,-60100.0,,61500.0,1400.0,2.28
2026-08-31T13:30:55.559932-04:00,SPY260904C00766000,-100,3.65,-36500.0,6700.0,,,
2026-08-31T13:30:55.559932-04:00,SPY260904C00776000,100,0.46,4600.0,-2000.0,,,
2026-08-31T13:30:55.559932-04:00,SPY260904P00756000,100,1.07,10700.0,200.0,,,
2026-08-31T13:30:55.559932-04:00,SPY260904P00766000,-100,3.88,-38800.0,-3400.0,,,
2026-08-31T13:30:55.559932-04:00,TOTAL,,,-60000.0,,61500.0,1500.0,2.44
2026-08-31T13:31:55.573721-04:00,SPY260904C00766000,-100,3.67,-36700.0,6500.0,,,
2026-08-31T13:31:55.573721-04:00,SPY260904C00776000,100,0.46,4600.0,-2000.0,,,
2026-08-31T13:31:55.573721-04:00,SPY260904P00756000,100,1.07,10700.0,200.0,,,
2026-08-31T13:31:55.573721-04:00,SPY260904P00766000,-100,3.88,-38800.0,-3400.0,,,
2026-08-31T13:31:55.573721-04:00,TOTAL,,,-60200.0,,61500.0,1300.0,2.11
2026-08-31T13:32:55.599648-04:00,SPY260904C00766000,-100,3.73,-37300.0,5900.0,,,
2026-08-31T13:32:55.599648-04:00,SPY260904C00776000,100,0.47,4700.0,-1900.0,,,
2026-08-31T13:32:55.599648-04:00,SPY260904P00756000,100,1.03,10300.0,-200.0,,,
2026-08-31T13:32:55.599648-04:00,SPY260904P00766000,-100,3.77,-37700.0,-2300.0,,,
2026-08-31T13:32:55.599648-04:00,TOTAL,,,-60000.0,,61500.0,1500.0,2.44
2026-08-31T13:33:55.632310-04:00,SPY260904C00766000,-100,3.79,-37900.0,5300.0,,,
2026-08-31T13:33:55.632310-04:00,SPY260904C00776000,100,0.48,4800.0,-1800.0,,,
2026-08-31T13:33:55.632310-04:00,SPY260904P00756000,100,1.01,10100.0,-400.0,,,
2026-08-31T13:33:55.632310-04:00,SPY260904P00766000,-100,3.72,-37200.0,-1800.0,,,
2026-08-31T13:33:55.632310-04:00,TOTAL,,,-60200.0,,61500.0,1300.0,2.11
2026-08-31T13:34:55.647730-04:00,SPY260904C00766000,-100,3.68,-36800.0,6400.0,,,
2026-08-31T13:34:55.647730-04:00,SPY260904C00776000,100,0.46,4600.0,-2000.0,,,
2026-08-31T13:34:55.647730-04:00,SPY260904P00756000,100,1.05,10500.0,0.0,,,
2026-08-31T13:34:55.647730-04:00,SPY260904P00766000,-100,3.84,-38400.0,-3000.0,,,
2026-08-31T13:34:55.647730-04:00,TOTAL,,,-60100.0,,61500.0,1400.0,2.28
2026-08-31T13:35:55.687996-04:00,SPY260904C00766000,-100,3.76,-37600.0,5600.0,,,
2026-08-31T13:35:55.687996-04:00,SPY260904C00776000,100,0.48,4800.0,-1800.0,,,
2026-08-31T13:35:55.687996-04:00,SPY260904P00756000,100,1.02,10200.0,-300.0,,,
2026-08-31T13:35:55.687996-04:00,SPY260904P00766000,-100,3.74,-37400.0,-2000.0,,,
2026-08-31T13:35:55.687996-04:00,TOTAL,,,-60000.0,,61500.0,1500.0,2.44
2026-08-31T13:36:55.740023-04:00,SPY260904C00766000,-100,3.85,-38500.0,4700.0,,,
2026-08-31T13:36:55.740023-04:00,SPY260904C00776000,100,0.5,5000.0,-1600.0,,,
2026-08-31T13:36:55.740023-04:00,SPY260904P00756000,100,0.97,9700.0,-800.0,,,
2026-08-31T13:36:55.740023-04:00,SPY260904P00766000,-100,3.62,-36200.0,-800.0,,,
2026-08-31T13:36:55.740023-04:00,TOTAL,,,-60000.0,,61500.0,1500.0,2.44
2026-08-31T13:37:55.729111-04:00,SPY260904C00766000,-100,3.85,-38500.0,4700.0,,,
2026-08-31T13:37:55.729111-04:00,SPY260904C00776000,100,0.49,4900.0,-1700.0,,,
2026-08-31T13:37:55.729111-04:00,SPY260904P00756000,100,0.97,9700.0,-800.0,,,
2026-08-31T13:37:55.729111-04:00,SPY260904P00766000,-100,3.61,-36100.0,-700.0,,,
2026-08-31T13:37:55.729111-04:00,TOTAL,,,-60000.0,,61500.0,1500.0,2.44
2026-08-31T13:38:55.771687-04:00,SPY260904C00766000,-100,3.83,-38300.0,4900.0,,,
2026-08-31T13:38:55.771687-04:00,SPY260904C00776000,100,0.49,4900.0,-1700.0,,,
2026-08-31T13:38:55.771687-04:00,SPY260904P00756000,100,0.98,9800.0,-700.0,,,
2026-08-31T13:38:55.771687-04:00,SPY260904P00766000,-100,3.64,-36400.0,-1000.0,,,
2026-08-31T13:38:55.771687-04:00,TOTAL,,,-60000.0,,61500.0,1500.0,2.44
2026-08-31T13:40:10.763626-04:00,SPY260904C00766000,-100,3.91,-39100.0,4100.0,,,
2026-08-31T13:40:10.763626-04:00,SPY260904C00776000,100,0.51,5100.0,-1500.0,,,
2026-08-31T13:40:10.763626-04:00,SPY260904P00756000,100,0.95,9500.0,-1000.0,,,
2026-08-31T13:40:10.763626-04:00,SPY260904P00766000,-100,3.55,-35500.0,-100.0,,,
2026-08-31T13:40:10.763626-04:00,TOTAL,,,-60000.0,,61500.0,1500.0,2.44
2026-08-31T13:41:10.773127-04:00,SPY260904C00766000,-100,3.95,-39500.0,3700.0,,,
2026-08-31T13:41:10.773127-04:00,SPY260904C00776000,100,0.52,5200.0,-1400.0,,,
2026-08-31T13:41:10.773127-04:00,SPY260904P00756000,100,0.94,9400.0,-1100.0,,,
2026-08-31T13:41:10.773127-04:00,SPY260904P00766000,-100,3.52,-35200.0,200.0,,,
2026-08-31T13:41:10.773127-04:00,TOTAL,,,-60100.0,,61500.0,1400.0,2.28
2026-08-31T13:42:10.841424-04:00,SPY260904C00766000,-100,4.03,-40300.0,2900.0,,,
2026-08-31T13:42:10.841424-04:00,SPY260904C00776000,100,0.53,5300.0,-1300.0,,,
2026-08-31T13:42:10.841424-04:00,SPY260904P00756000,100,0.91,9100.0,-1400.0,,,
2026-08-31T13:42:10.841424-04:00,SPY260904P00766000,-100,3.44,-34400.0,1000.0,,,
2026-08-31T13:42:10.841424-04:00,TOTAL,,,-60300.0,,61500.0,1200.0,1.95
2026-08-31T13:43:10.872286-04:00,SPY260904C00766000,-100,4.01,-40100.0,3100.0,,,
2026-08-31T13:43:10.872286-04:00,SPY260904C00776000,100,0.53,5300.0,-1300.0,,,
2026-08-31T13:43:10.872286-04:00,SPY260904P00756000,100,0.93,9300.0,-1200.0,,,
2026-08-31T13:43:10.872286-04:00,SPY260904P00766000,-100,3.47,-34700.0,700.0,,,
2026-08-31T13:43:10.872286-04:00,TOTAL,,,-60200.0,,61500.0,1300.0,2.11
2026-08-31T13:44:10.864128-04:00,SPY260904C00766000,-100,4.1,-41000.0,2200.0,,,
2026-08-31T13:44:10.864128-04:00,SPY260904C00776000,100,0.55,5500.0,-1100.0,,,
2026-08-31T13:44:10.864128-04:00,SPY260904P00756000,100,0.9,9000.0,-1500.0,,,
2026-08-31T13:44:10.864128-04:00,SPY260904P00766000,-100,3.39,-33900.0,1500.0,,,
2026-08-31T13:44:10.864128-04:00,TOTAL,,,-60400.0,,61500.0,1100.0,1.79
2026-08-31T13:45:10.877868-04:00,SPY260904C00766000,-100,4.14,-41400.0,1800.0,,,
2026-08-31T13:45:10.877868-04:00,SPY260904C00776000,100,0.56,5600.0,-1000.0,,,
2026-08-31T13:45:10.877868-04:00,SPY260904P00756000,100,0.9,9000.0,-1500.0,,,
2026-08-31T13:45:10.877868-04:00,SPY260904P00766000,-100,3.37,-33700.0,1700.0,,,
2026-08-31T13:45:10.877868-04:00,TOTAL,,,-60500.0,,61500.0,1000.0,1.63
2026-08-31T13:46:10.948728-04:00,SPY260904C00766000,-100,4.14,-41400.0,1800.0,,,
2026-08-31T13:46:10.948728-04:00,SPY260904C00776000,100,0.55,5500.0,-1100.0,,,
2026-08-31T13:46:10.948728-04:00,SPY260904P00756000,100,0.9,9000.0,-1500.0,,,
2026-08-31T13:46:10.948728-04:00,SPY260904P00766000,-100,3.38,-33800.0,1600.0,,,
2026-08-31T13:46:10.948728-04:00,TOTAL,,,-60700.0,,61500.0,800.0,1.3
2026-08-31T13:47:10.942873-04:00,SPY260904C00766000,-100,4.15,-41500.0,1700.0,,,
2026-08-31T13:47:10.942873-04:00,SPY260904C00776000,100,0.56,5600.0,-1000.0,,,
2026-08-31T13:47:10.942873-04:00,SPY260904P00756000,100,0.9,9000.0,-1500.0,,,
2026-08-31T13:47:10.942873-04:00,SPY260904P00766000,-100,3.36,-33600.0,1800.0,,,
2026-08-31T13:47:10.942873-04:00,TOTAL,,,-60500.0,,61500.0,1000.0,1.63
2026-08-31T13:48:10.966308-04:00,SPY260904C00766000,-100,4.19,-41900.0,1300.0,,,
2026-08-31T13:48:10.966308-04:00,SPY260904C00776000,100,0.57,5700.0,-900.0,,,
2026-08-31T13:48:10.966308-04:00,SPY260904P00756000,100,0.89,8900.0,-1600.0,,,
2026-08-31T13:48:10.966308-04:00,SPY260904P00766000,-100,3.33,-33300.0,2100.0,,,
2026-08-31T13:48:10.966308-04:00,TOTAL,,,-60600.0,,61500.0,900.0,1.46
2026-08-31T13:49:10.952809-04:00,SPY260904C00766000,-100,4.2,-42000.0,1200.0,,,
2026-08-31T13:49:10.952809-04:00,SPY260904C00776000,100,0.57,5700.0,-900.0,,,
2026-08-31T13:49:10.952809-04:00,SPY260904P00756000,100,0.89,8900.0,-1600.0,,,
2026-08-31T13:49:10.952809-04:00,SPY260904P00766000,-100,3.32,-33200.0,2200.0,,,
2026-08-31T13:49:10.952809-04:00,TOTAL,,,-60600.0,,61500.0,900.0,1.46
2026-08-31T13:50:10.976084-04:00,SPY260904C00766000,-100,4.18,-41800.0,1400.0,,,
2026-08-31T13:50:10.976084-04:00,SPY260904C00776000,100,0.56,5600.0,-1000.0,,,
2026-08-31T13:50:10.976084-04:00,SPY260904P00756000,100,0.88,8800.0,-1700.0,,,
2026-08-31T13:50:10.976084-04:00,SPY260904P00766000,-100,3.32,-33200.0,2200.0,,,
2026-08-31T13:50:10.976084-04:00,TOTAL,,,-60600.0,,61500.0,900.0,1.46
2026-08-31T13:51:11.024523-04:00,SPY260904C00766000,-100,4.38,-43800.0,-600.0,,,
2026-08-31T13:51:11.024523-04:00,SPY260904C00776000,100,0.61,6100.0,-500.0,,,
2026-08-31T13:51:11.024523-04:00,SPY260904P00756000,100,0.85,8500.0,-2000.0,,,
2026-08-31T13:51:11.024523-04:00,SPY260904P00766000,-100,3.2,-32000.0,3400.0,,,
2026-08-31T13:51:11.024523-04:00,TOTAL,,,-61200.0,,61500.0,300.0,0.49
2026-08-31T13:52:11.028795-04:00,SPY260904C00766000,-100,4.42,-44200.0,-1000.0,,,
2026-08-31T13:52:11.028795-04:00,SPY260904C00776000,100,0.63,6300.0,-300.0,,,
2026-08-31T13:52:11.028795-04:00,SPY260904P00756000,100,0.84,8400.0,-2100.0,,,
2026-08-31T13:52:11.028795-04:00,SPY260904P00766000,-100,3.17,-31700.0,3700.0,,,
2026-08-31T13:52:11.028795-04:00,TOTAL,,,-61200.0,,61500.0,300.0,0.49
2026-08-31T13:53:11.086571-04:00,SPY260904C00766000,-100,4.36,-43600.0,-400.0,,,
2026-08-31T13:53:11.086571-04:00,SPY260904C00776000,100,0.61,6100.0,-500.0,,,
2026-08-31T13:53:11.086571-04:00,SPY260904P00756000,100,0.86,8600.0,-1900.0,,,
2026-08-31T13:53:11.086571-04:00,SPY260904P00766000,-100,3.21,-32100.0,3300.0,,,
2026-08-31T13:53:11.086571-04:00,TOTAL,,,-61000.0,,61500.0,500.0,0.81
2026-08-31T13:54:11.090926-04:00,SPY260904C00766000,-100,4.43,-44300.0,-1100.0,,,
2026-08-31T13:54:11.090926-04:00,SPY260904C00776000,100,0.62,6200.0,-400.0,,,
2026-08-31T13:54:11.090926-04:00,SPY260904P00756000,100,0.84,8400.0,-2100.0,,,
2026-08-31T13:54:11.090926-04:00,SPY260904P00766000,-100,3.17,-31700.0,3700.0,,,
2026-08-31T13:54:11.090926-04:00,TOTAL,,,-61400.0,,61500.0,100.0,0.16
2026-08-31T13:55:11.165562-04:00,SPY260904C00766000,-100,4.44,-44400.0,-1200.0,,,
2026-08-31T13:55:11.165562-04:00,SPY260904C00776000,100,0.63,6300.0,-300.0,,,
2026-08-31T13:55:11.165562-04:00,SPY260904P00756000,100,0.84,8400.0,-2100.0,,,
2026-08-31T13:55:11.165562-04:00,SPY260904P00766000,-100,3.17,-31700.0,3700.0,,,
2026-08-31T13:55:11.165562-04:00,TOTAL,,,-61400.0,,61500.0,100.0,0.16
2026-08-31T13:56:11.157539-04:00,SPY260904C00766000,-100,4.39,-43900.0,-700.0,,,
2026-08-31T13:56:11.157539-04:00,SPY260904C00776000,100,0.61,6100.0,-500.0,,,
2026-08-31T13:56:11.157539-04:00,SPY260904P00756000,100,0.86,8600.0,-1900.0,,,
2026-08-31T13:56:11.157539-04:00,SPY260904P00766000,-100,3.2,-32000.0,3400.0,,,
2026-08-31T13:56:11.157539-04:00,TOTAL,,,-61200.0,,61500.0,300.0,0.49
2026-08-31T13:57:11.211337-04:00,SPY260904C00766000,-100,4.37,-43700.0,-500.0,,,
2026-08-31T13:57:11.211337-04:00,SPY260904C00776000,100,0.6,6000.0,-600.0,,,
2026-08-31T13:57:11.211337-04:00,SPY260904P00756000,100,0.87,8700.0,-1800.0,,,
2026-08-31T13:57:11.211337-04:00,SPY260904P00766000,-100,3.24,-32400.0,3000.0,,,
2026-08-31T13:57:11.211337-04:00,TOTAL,,,-61400.0,,61500.0,100.0,0.16
2026-08-31T13:58:11.213117-04:00,SPY260904C00766000,-100,4.22,-42200.0,1000.0,,,
2026-08-31T13:58:11.213117-04:00,SPY260904C00776000,100,0.57,5700.0,-900.0,,,
2026-08-31T13:58:11.213117-04:00,SPY260904P00756000,100,0.9,9000.0,-1500.0,,,
2026-08-31T13:58:11.213117-04:00,SPY260904P00766000,-100,3.33,-33300.0,2100.0,,,
2026-08-31T13:58:11.213117-04:00,TOTAL,,,-60800.0,,61500.0,700.0,1.14
2026-08-31T13:59:11.264319-04:00,SPY260904C00766000,-100,4.25,-42500.0,700.0,,,
2026-08-31T13:59:11.264319-04:00,SPY260904C00776000,100,0.58,5800.0,-800.0,,,
2026-08-31T13:59:11.264319-04:00,SPY260904P00756000,100,0.89,8900.0,-1600.0,,,
2026-08-31T13:59:11.264319-04:00,SPY260904P00766000,-100,3.31,-33100.0,2300.0,,,
2026-08-31T13:59:11.264319-04:00,TOTAL,,,-60900.0,,61500.0,600.0,0.98
2026-08-31T14:00:11.275400-04:00,SPY260904C00766000,-100,4.21,-42100.0,1100.0,,,
2026-08-31T14:00:11.275400-04:00,SPY260904C00776000,100,0.57,5700.0,-900.0,,,
2026-08-31T14:00:11.275400-04:00,SPY260904P00756000,100,0.89,8900.0,-1600.0,,,
2026-08-31T14:00:11.275400-04:00,SPY260904P00766000,-100,3.33,-33300.0,2100.0,,,
2026-08-31T14:00:11.275400-04:00,TOTAL,,,-60800.0,,61500.0,700.0,1.14
2026-08-31T14:01:11.315377-04:00,SPY260904C00766000,-100,4.2,-42000.0,1200.0,,,
2026-08-31T14:01:11.315377-04:00,SPY260904C00776000,100,0.58,5800.0,-800.0,,,
2026-08-31T14:01:11.315377-04:00,SPY260904P00756000,100,0.9,9000.0,-1500.0,,,
2026-08-31T14:01:11.315377-04:00,SPY260904P00766000,-100,3.35,-33500.0,1900.0,,,
2026-08-31T14:01:11.315377-04:00,TOTAL,,,-60700.0,,61500.0,800.0,1.3
2026-08-31T14:02:11.314452-04:00,SPY260904C00766000,-100,4.24,-42400.0,800.0,,,
2026-08-31T14:02:11.314452-04:00,SPY260904C00776000,100,0.58,5800.0,-800.0,,,
2026-08-31T14:02:11.314452-04:00,SPY260904P00756000,100,0.89,8900.0,-1600.0,,,
2026-08-31T14:02:11.314452-04:00,SPY260904P00766000,-100,3.31,-33100.0,2300.0,,,
2026-08-31T14:02:11.314452-04:00,TOTAL,,,-60800.0,,61500.0,700.0,1.14
2026-08-31T14:03:11.339303-04:00,SPY260904C00766000,-100,4.26,-42600.0,600.0,,,
2026-08-31T14:03:11.339303-04:00,SPY260904C00776000,100,0.6,6000.0,-600.0,,,
2026-08-31T14:03:11.339303-04:00,SPY260904P00756000,100,0.89,8900.0,-1600.0,,,
2026-08-31T14:03:11.339303-04:00,SPY260904P00766000,-100,3.3,-33000.0,2400.0,,,
2026-08-31T14:03:11.339303-04:00,TOTAL,,,-60700.0,,61500.0,800.0,1.3
2026-08-31T14:04:11.360918-04:00,SPY260904C00766000,-100,4.33,-43300.0,-100.0,,,
2026-08-31T14:04:11.360918-04:00,SPY260904C00776000,100,0.62,6200.0,-400.0,,,
2026-08-31T14:04:11.360918-04:00,SPY260904P00756000,100,0.87,8700.0,-1800.0,,,
2026-08-31T14:04:11.360918-04:00,SPY260904P00766000,-100,3.25,-32500.0,2900.0,,,
2026-08-31T14:04:11.360918-04:00,TOTAL,,,-60900.0,,61500.0,600.0,0.98
2026-08-31T14:05:11.391312-04:00,SPY260904C00766000,-100,4.3,-43000.0,200.0,,,
2026-08-31T14:05:11.391312-04:00,SPY260904C00776000,100,0.61,6100.0,-500.0,,,
2026-08-31T14:05:11.391312-04:00,SPY260904P00756000,100,0.89,8900.0,-1600.0,,,
2026-08-31T14:05:11.391312-04:00,SPY260904P00766000,-100,3.29,-32900.0,2500.0,,,
2026-08-31T14:05:11.391312-04:00,TOTAL,,,-60900.0,,61500.0,600.0,0.98
2026-08-31T14:06:11.429386-04:00,SPY260904C00766000,-100,4.31,-43100.0,100.0,,,
2026-08-31T14:06:11.429386-04:00,SPY260904C00776000,100,0.62,6200.0,-400.0,,,
2026-08-31T14:06:11.429386-04:00,SPY260904P00756000,100,0.89,8900.0,-1600.0,,,
2026-08-31T14:06:11.429386-04:00,SPY260904P00766000,-100,3.3,-33000.0,2400.0,,,
2026-08-31T14:06:11.429386-04:00,TOTAL,,,-61000.0,,61500.0,500.0,0.81
2026-08-31T14:07:11.433138-04:00,SPY260904C00766000,-100,4.38,-43800.0,-600.0,,,
2026-08-31T14:07:11.433138-04:00,SPY260904C00776000,100,0.64,6400.0,-200.0,,,
2026-08-31T14:07:11.433138-04:00,SPY260904P00756000,100,0.87,8700.0,-1800.0,,,
2026-08-31T14:07:11.433138-04:00,SPY260904P00766000,-100,3.24,-32400.0,3000.0,,,
2026-08-31T14:07:11.433138-04:00,TOTAL,,,-61100.0,,61500.0,400.0,0.65
2026-08-31T14:08:11.463456-04:00,SPY260904C00766000,-100,4.37,-43700.0,-500.0,,,
2026-08-31T14:08:11.463456-04:00,SPY260904C00776000,100,0.63,6300.0,-300.0,,,
2026-08-31T14:08:11.463456-04:00,SPY260904P00756000,100,0.88,8800.0,-1700.0,,,
2026-08-31T14:08:11.463456-04:00,SPY260904P00766000,-100,3.26,-32600.0,2800.0,,,
2026-08-31T14:08:11.463456-04:00,TOTAL,,,-61200.0,,61500.0,300.0,0.49
2026-08-31T14:09:11.480187-04:00,SPY260904C00766000,-100,4.39,-43900.0,-700.0,,,
2026-08-31T14:09:11.480187-04:00,SPY260904C00776000,100,0.63,6300.0,-300.0,,,
2026-08-31T14:09:11.480187-04:00,SPY260904P00756000,100,0.87,8700.0,-1800.0,,,
2026-08-31T14:09:11.480187-04:00,SPY260904P00766000,-100,3.24,-32400.0,3000.0,,,
2026-08-31T14:09:11.480187-04:00,TOTAL,,,-61300.0,,61500.0,200.0,0.33
2026-08-31T14:10:11.479144-04:00,SPY260904C00766000,-100,4.37,-43700.0,-500.0,,,
2026-08-31T14:10:11.479144-04:00,SPY260904C00776000,100,0.63,6300.0,-300.0,,,
2026-08-31T14:10:11.479144-04:00,SPY260904P00756000,100,0.88,8800.0,-1700.0,,,
2026-08-31T14:10:11.479144-04:00,SPY260904P00766000,-100,3.26,-32600.0,2800.0,,,
2026-08-31T14:10:11.479144-04:00,TOTAL,,,-61200.0,,61500.0,300.0,0.49
2026-08-31T14:11:11.499382-04:00,SPY260904C00766000,-100,4.33,-43300.0,-100.0,,,
2026-08-31T14:11:11.499382-04:00,SPY260904C00776000,100,0.62,6200.0,-400.0,,,
2026-08-31T14:11:11.499382-04:00,SPY260904P00756000,100,0.88,8800.0,-1700.0,,,
2026-08-31T14:11:11.499382-04:00,SPY260904P00766000,-100,3.29,-32900.0,2500.0,,,
2026-08-31T14:11:11.499382-04:00,TOTAL,,,-61200.0,,61500.0,300.0,0.49
2026-08-31T14:12:11.546850-04:00,SPY260904C00766000,-100,4.34,-43400.0,-200.0,,,
2026-08-31T14:12:11.546850-04:00,SPY260904C00776000,100,0.62,6200.0,-400.0,,,
2026-08-31T14:12:11.546850-04:00,SPY260904P00756000,100,0.89,8900.0,-1600.0,,,
2026-08-31T14:12:11.546850-04:00,SPY260904P00766000,-100,3.29,-32900.0,2500.0,,,
2026-08-31T14:12:11.546850-04:00,TOTAL,,,-61200.0,,61500.0,300.0,0.49
2026-08-31T14:13:11.508257-04:00,SPY260904C00766000,-100,4.33,-43300.0,-100.0,,,
2026-08-31T14:13:11.508257-04:00,SPY260904C00776000,100,0.62,6200.0,-400.0,,,
2026-08-31T14:13:11.508257-04:00,SPY260904P00756000,100,0.89,8900.0,-1600.0,,,
2026-08-31T14:13:11.508257-04:00,SPY260904P00766000,-100,3.29,-32900.0,2500.0,,,
2026-08-31T14:13:11.508257-04:00,TOTAL,,,-61100.0,,61500.0,400.0,0.65
2026-08-31T14:14:11.570557-04:00,SPY260904C00766000,-100,4.34,-43400.0,-200.0,,,
2026-08-31T14:14:11.570557-04:00,SPY260904C00776000,100,0.62,6200.0,-400.0,,,
2026-08-31T14:14:11.570557-04:00,SPY260904P00756000,100,0.88,8800.0,-1700.0,,,
2026-08-31T14:14:11.570557-04:00,SPY260904P00766000,-100,3.28,-32800.0,2600.0,,,
2026-08-31T14:14:11.570557-04:00,TOTAL,,,-61200.0,,61500.0,300.0,0.49
2026-08-31T14:15:11.557563-04:00,SPY260904C00766000,-100,4.42,-44200.0,-1000.0,,,
2026-08-31T14:15:11.557563-04:00,SPY260904C00776000,100,0.64,6400.0,-200.0,,,
2026-08-31T14:15:11.557563-04:00,SPY260904P00756000,100,0.86,8600.0,-1900.0,,,
2026-08-31T14:15:11.557563-04:00,SPY260904P00766000,-100,3.22,-32200.0,3200.0,,,
2026-08-31T14:15:11.557563-04:00,TOTAL,,,-61400.0,,61500.0,100.0,0.16
2026-08-31T14:16:11.637281-04:00,SPY260904C00766000,-100,4.34,-43400.0,-200.0,,,
2026-08-31T14:16:11.637281-04:00,SPY260904C00776000,100,0.62,6200.0,-400.0,,,
2026-08-31T14:16:11.637281-04:00,SPY260904P00756000,100,0.88,8800.0,-1700.0,,,
2026-08-31T14:16:11.637281-04:00,SPY260904P00766000,-100,3.28,-32800.0,2600.0,,,
2026-08-31T14:16:11.637281-04:00,TOTAL,,,-61200.0,,61500.0,300.0,0.49
2026-08-31T14:17:11.600154-04:00,SPY260904C00766000,-100,4.37,-43700.0,-500.0,,,
2026-08-31T14:17:11.600154-04:00,SPY260904C00776000,100,0.62,6200.0,-400.0,,,
2026-08-31T14:17:11.600154-04:00,SPY260904P00756000,100,0.87,8700.0,-1800.0,,,
2026-08-31T14:17:11.600154-04:00,SPY260904P00766000,-100,3.25,-32500.0,2900.0,,,
2026-08-31T14:17:11.600154-04:00,TOTAL,,,-61300.0,,61500.0,200.0,0.33
2026-08-31T14:18:11.631007-04:00,SPY260904C00766000,-100,4.4,-44000.0,-800.0,,,
2026-08-31T14:18:11.631007-04:00,SPY260904C00776000,100,0.63,6300.0,-300.0,,,
2026-08-31T14:18:11.631007-04:00,SPY260904P00756000,100,0.87,8700.0,-1800.0,,,
2026-08-31T14:18:11.631007-04:00,SPY260904P00766000,-100,3.24,-32400.0,3000.0,,,
2026-08-31T14:18:11.631007-04:00,TOTAL,,,-61400.0,,61500.0,100.0,0.16
2026-08-31T14:19:11.639483-04:00,SPY260904C00766000,-100,4.38,-43800.0,-600.0,,,
2026-08-31T14:19:11.639483-04:00,SPY260904C00776000,100,0.63,6300.0,-300.0,,,
2026-08-31T14:19:11.639483-04:00,SPY260904P00756000,100,0.88,8800.0,-1700.0,,,
2026-08-31T14:19:11.639483-04:00,SPY260904P00766000,-100,3.25,-32500.0,2900.0,,,
2026-08-31T14:19:11.639483-04:00,TOTAL,,,-61200.0,,61500.0,300.0,0.49
2026-08-31T14:20:11.655104-04:00,SPY260904C00766000,-100,4.43,-44300.0,-1100.0,,,
2026-08-31T14:20:11.655104-04:00,SPY260904C00776000,100,0.64,6400.0,-200.0,,,
2026-08-31T14:20:11.655104-04:00,SPY260904P00756000,100,0.86,8600.0,-1900.0,,,
2026-08-31T14:20:11.655104-04:00,SPY260904P00766000,-100,3.2,-32000.0,3400.0,,,
2026-08-31T14:20:11.655104-04:00,TOTAL,,,-61300.0,,61500.0,200.0,0.33
2026-08-31T14:21:11.644123-04:00,SPY260904C00766000,-100,4.4,-44000.0,-800.0,,,
2026-08-31T14:21:11.644123-04:00,SPY260904C00776000,100,0.63,6300.0,-300.0,,,
2026-08-31T14:21:11.644123-04:00,SPY260904P00756000,100,0.86,8600.0,-1900.0,,,
2026-08-31T14:21:11.644123-04:00,SPY260904P00766000,-100,3.22,-32200.0,3200.0,,,
2026-08-31T14:21:11.644123-04:00,TOTAL,,,-61300.0,,61500.0,200.0,0.33
2026-08-31T14:22:11.662534-04:00,SPY260904C00766000,-100,4.34,-43400.0,-200.0,,,
2026-08-31T14:22:11.662534-04:00,SPY260904C00776000,100,0.62,6200.0,-400.0,,,
2026-08-31T14:22:11.662534-04:00,SPY260904P00756000,100,0.88,8800.0,-1700.0,,,
2026-08-31T14:22:11.662534-04:00,SPY260904P00766000,-100,3.26,-32600.0,2800.0,,,
2026-08-31T14:22:11.662534-04:00,TOTAL,,,-61000.0,,61500.0,500.0,0.81
2026-08-31T14:23:11.664411-04:00,SPY260904C00766000,-100,4.3,-43000.0,200.0,,,
2026-08-31T14:23:11.664411-04:00,SPY260904C00776000,100,0.6,6000.0,-600.0,,,
2026-08-31T14:23:11.664411-04:00,SPY260904P00756000,100,0.87,8700.0,-1800.0,,,
2026-08-31T14:23:11.664411-04:00,SPY260904P00766000,-100,3.26,-32600.0,2800.0,,,
2026-08-31T14:23:11.664411-04:00,TOTAL,,,-60900.0,,61500.0,600.0,0.98
2026-08-31T14:24:11.678111-04:00,SPY260904C00766000,-100,4.39,-43900.0,-700.0,,,
2026-08-31T14:24:11.678111-04:00,SPY260904C00776000,100,0.62,6200.0,-400.0,,,
2026-08-31T14:24:11.678111-04:00,SPY260904P00756000,100,0.84,8400.0,-2100.0,,,
2026-08-31T14:24:11.678111-04:00,SPY260904P00766000,-100,3.18,-31800.0,3600.0,,,
2026-08-31T14:24:11.678111-04:00,TOTAL,,,-61100.0,,61500.0,400.0,0.65
2026-08-31T14:25:11.720741-04:00,SPY260904C00766000,-100,4.32,-43200.0,0.0,,,
2026-08-31T14:25:11.720741-04:00,SPY260904C00776000,100,0.6,6000.0,-600.0,,,
2026-08-31T14:25:11.720741-04:00,SPY260904P00756000,100,0.86,8600.0,-1900.0,,,
2026-08-31T14:25:11.720741-04:00,SPY260904P00766000,-100,3.23,-32300.0,3100.0,,,
2026-08-31T14:25:11.720741-04:00,TOTAL,,,-60900.0,,61500.0,600.0,0.98
2026-08-31T14:26:11.704455-04:00,SPY260904C00766000,-100,4.23,-42300.0,900.0,,,
2026-08-31T14:26:11.704455-04:00,SPY260904C00776000,100,0.57,5700.0,-900.0,,,
2026-08-31T14:26:11.704455-04:00,SPY260904P00756000,100,0.89,8900.0,-1600.0,,,
2026-08-31T14:26:11.704455-04:00,SPY260904P00766000,-100,3.32,-33200.0,2200.0,,,
2026-08-31T14:26:11.704455-04:00,TOTAL,,,-60900.0,,61500.0,600.0,0.98
2026-08-31T14:27:11.729971-04:00,SPY260904C00766000,-100,4.19,-41900.0,1300.0,,,
2026-08-31T14:27:11.729971-04:00,SPY260904C00776000,100,0.57,5700.0,-900.0,,,
2026-08-31T14:27:11.729971-04:00,SPY260904P00756000,100,0.88,8800.0,-1700.0,,,
2026-08-31T14:27:11.729971-04:00,SPY260904P00766000,-100,3.32,-33200.0,2200.0,,,
2026-08-31T14:27:11.729971-04:00,TOTAL,,,-60600.0,,61500.0,900.0,1.46
2026-08-31T14:28:11.740900-04:00,SPY260904C00766000,-100,4.19,-41900.0,1300.0,,,
2026-08-31T14:28:11.740900-04:00,SPY260904C00776000,100,0.57,5700.0,-900.0,,,
2026-08-31T14:28:11.740900-04:00,SPY260904P00756000,100,0.87,8700.0,-1800.0,,,
2026-08-31T14:28:11.740900-04:00,SPY260904P00766000,-100,3.29,-32900.0,2500.0,,,
2026-08-31T14:28:11.740900-04:00,TOTAL,,,-60400.0,,61500.0,1100.0,1.79
2026-08-31T14:29:11.856077-04:00,SPY260904C00766000,-100,4.21,-42100.0,1100.0,,,
2026-08-31T14:29:11.856077-04:00,SPY260904C00776000,100,0.57,5700.0,-900.0,,,
2026-08-31T14:29:11.856077-04:00,SPY260904P00756000,100,0.87,8700.0,-1800.0,,,
2026-08-31T14:29:11.856077-04:00,SPY260904P00766000,-100,3.28,-32800.0,2600.0,,,
2026-08-31T14:29:11.856077-04:00,TOTAL,,,-60500.0,,61500.0,1000.0,1.63
2026-08-31T14:30:11.798362-04:00,SPY260904C00766000,-100,4.12,-41200.0,2000.0,,,
2026-08-31T14:30:11.798362-04:00,SPY260904C00776000,100,0.55,5500.0,-1100.0,,,
2026-08-31T14:30:11.798362-04:00,SPY260904P00756000,100,0.89,8900.0,-1600.0,,,
2026-08-31T14:30:11.798362-04:00,SPY260904P00766000,-100,3.35,-33500.0,1900.0,,,
2026-08-31T14:30:11.798362-04:00,TOTAL,,,-60300.0,,61500.0,1200.0,1.95
2026-08-31T14:31:11.809190-04:00,SPY260904C00766000,-100,4.18,-41800.0,1400.0,,,
2026-08-31T14:31:11.809190-04:00,SPY260904C00776000,100,0.57,5700.0,-900.0,,,
2026-08-31T14:31:11.809190-04:00,SPY260904P00756000,100,0.88,8800.0,-1700.0,,,
2026-08-31T14:31:11.809190-04:00,SPY260904P00766000,-100,3.31,-33100.0,2300.0,,,
2026-08-31T14:31:11.809190-04:00,TOTAL,,,-60400.0,,61500.0,1100.0,1.79
2026-08-31T14:32:11.829522-04:00,SPY260904C00766000,-100,4.12,-41200.0,2000.0,,,
2026-08-31T14:32:11.829522-04:00,SPY260904C00776000,100,0.55,5500.0,-1100.0,,,
2026-08-31T14:32:11.829522-04:00,SPY260904P00756000,100,0.89,8900.0,-1600.0,,,
2026-08-31T14:32:11.829522-04:00,SPY260904P00766000,-100,3.36,-33600.0,1800.0,,,
2026-08-31T14:32:11.829522-04:00,TOTAL,,,-60400.0,,61500.0,1100.0,1.79
2026-08-31T14:33:11.854143-04:00,SPY260904C00766000,-100,4.13,-41300.0,1900.0,,,
2026-08-31T14:33:11.854143-04:00,SPY260904C00776000,100,0.55,5500.0,-1100.0,,,
2026-08-31T14:33:11.854143-04:00,SPY260904P00756000,100,0.89,8900.0,-1600.0,,,
2026-08-31T14:33:11.854143-04:00,SPY260904P00766000,-100,3.35,-33500.0,1900.0,,,
2026-08-31T14:33:11.854143-04:00,TOTAL,,,-60400.0,,61500.0,1100.0,1.79
2026-08-31T14:34:11.893704-04:00,SPY260904C00766000,-100,4.09,-40900.0,2300.0,,,
2026-08-31T14:34:11.893704-04:00,SPY260904C00776000,100,0.54,5400.0,-1200.0,,,
2026-08-31T14:34:11.893704-04:00,SPY260904P00756000,100,0.9,9000.0,-1500.0,,,
2026-08-31T14:34:11.893704-04:00,SPY260904P00766000,-100,3.39,-33900.0,1500.0,,,
2026-08-31T14:34:11.893704-04:00,TOTAL,,,-60400.0,,61500.0,1100.0,1.79
2026-08-31T14:35:11.891891-04:00,SPY260904C00766000,-100,4.02,-40200.0,3000.0,,,
2026-08-31T14:35:11.891891-04:00,SPY260904C00776000,100,0.52,5200.0,-1400.0,,,
2026-08-31T14:35:11.891891-04:00,SPY260904P00756000,100,0.92,9200.0,-1300.0,,,
2026-08-31T14:35:11.891891-04:00,SPY260904P00766000,-100,3.44,-34400.0,1000.0,,,
2026-08-31T14:35:11.891891-04:00,TOTAL,,,-60200.0,,61500.0,1300.0,2.11
2026-08-31T14:36:11.975498-04:00,SPY260904C00766000,-100,3.85,-38500.0,4700.0,,,
2026-08-31T14:36:11.975498-04:00,SPY260904C00776000,100,0.49,4900.0,-1700.0,,,
2026-08-31T14:36:11.975498-04:00,SPY260904P00756000,100,0.97,9700.0,-800.0,,,
2026-08-31T14:36:11.975498-04:00,SPY260904P00766000,-100,3.6,-36000.0,-600.0,,,
2026-08-31T14:36:11.975498-04:00,TOTAL,,,-59900.0,,61500.0,1600.0,2.6
2026-08-31T14:37:11.909288-04:00,SPY260904C00766000,-100,3.82,-38200.0,5000.0,,,
2026-08-31T14:37:11.909288-04:00,SPY260904C00776000,100,0.48,4800.0,-1800.0,,,
2026-08-31T14:37:11.909288-04:00,SPY260904P00756000,100,0.97,9700.0,-800.0,,,
2026-08-31T14:37:11.909288-04:00,SPY260904P00766000,-100,3.63,-36300.0,-900.0,,,
2026-08-31T14:37:11.909288-04:00,TOTAL,,,-60000.0,,61500.0,1500.0,2.44
2026-08-31T14:38:11.923204-04:00,SPY260904C00766000,-100,3.79,-37900.0,5300.0,,,
2026-08-31T14:38:11.923204-04:00,SPY260904C00776000,100,0.47,4700.0,-1900.0,,,
2026-08-31T14:38:11.923204-04:00,SPY260904P00756000,100,0.98,9800.0,-700.0,,,
2026-08-31T14:38:11.923204-04:00,SPY260904P00766000,-100,3.67,-36700.0,-1300.0,,,
2026-08-31T14:38:11.923204-04:00,TOTAL,,,-60100.0,,61500.0,1400.0,2.28
2026-08-31T14:39:11.920381-04:00,SPY260904C00766000,-100,3.73,-37300.0,5900.0,,,
2026-08-31T14:39:11.920381-04:00,SPY260904C00776000,100,0.45,4500.0,-2100.0,,,
2026-08-31T14:39:11.920381-04:00,SPY260904P00756000,100,1.01,10100.0,-400.0,,,
2026-08-31T14:39:11.920381-04:00,SPY260904P00766000,-100,3.74,-37400.0,-2000.0,,,
2026-08-31T14:39:11.920381-04:00,TOTAL,,,-60100.0,,61500.0,1400.0,2.28
2026-08-31T14:40:11.964361-04:00,SPY260904C00766000,-100,3.68,-36800.0,6400.0,,,
2026-08-31T14:40:11.964361-04:00,SPY260904C00776000,100,0.45,4500.0,-2100.0,,,
2026-08-31T14:40:11.964361-04:00,SPY260904P00756000,100,1.02,10200.0,-300.0,,,
2026-08-31T14:40:11.964361-04:00,SPY260904P00766000,-100,3.78,-37800.0,-2400.0,,,
2026-08-31T14:40:11.964361-04:00,TOTAL,,,-59900.0,,61500.0,1600.0,2.6
2026-08-31T14:41:11.981557-04:00,SPY260904C00766000,-100,3.76,-37600.0,5600.0,,,
2026-08-31T14:41:11.981557-04:00,SPY260904C00776000,100,0.46,4600.0,-2000.0,,,
2026-08-31T14:41:11.981557-04:00,SPY260904P00756000,100,1.0,10000.0,-500.0,,,
2026-08-31T14:41:11.981557-04:00,SPY260904P00766000,-100,3.71,-37100.0,-1700.0,,,
2026-08-31T14:41:11.981557-04:00,TOTAL,,,-60100.0,,61500.0,1400.0,2.28
2026-08-31T14:42:12.021062-04:00,SPY260904C00766000,-100,3.66,-36600.0,6600.0,,,
2026-08-31T14:42:12.021062-04:00,SPY260904C00776000,100,0.44,4400.0,-2200.0,,,
2026-08-31T14:42:12.021062-04:00,SPY260904P00756000,100,1.04,10400.0,-100.0,,,
2026-08-31T14:42:12.021062-04:00,SPY260904P00766000,-100,3.82,-38200.0,-2800.0,,,
2026-08-31T14:42:12.021062-04:00,TOTAL,,,-60000.0,,61500.0,1500.0,2.44
2026-08-31T14:43:11.992045-04:00,SPY260904C00766000,-100,3.62,-36200.0,7000.0,,,
2026-08-31T14:43:11.992045-04:00,SPY260904C00776000,100,0.43,4300.0,-2300.0,,,
2026-08-31T14:43:11.992045-04:00,SPY260904P00756000,100,1.05,10500.0,0.0,,,
2026-08-31T14:43:11.992045-04:00,SPY260904P00766000,-100,3.86,-38600.0,-3200.0,,,
2026-08-31T14:43:11.992045-04:00,TOTAL,,,-60000.0,,61500.0,1500.0,2.44
2026-08-31T14:44:12.064187-04:00,SPY260904C00766000,-100,3.64,-36400.0,6800.0,,,
2026-08-31T14:44:12.064187-04:00,SPY260904C00776000,100,0.44,4400.0,-2200.0,,,
2026-08-31T14:44:12.064187-04:00,SPY260904P00756000,100,1.05,10500.0,0.0,,,
2026-08-31T14:44:12.064187-04:00,SPY260904P00766000,-100,3.86,-38600.0,-3200.0,,,
2026-08-31T14:44:12.064187-04:00,TOTAL,,,-60100.0,,61500.0,1400.0,2.28
2026-08-31T14:45:12.035418-04:00,SPY260904C00766000,-100,3.64,-36400.0,6800.0,,,
2026-08-31T14:45:12.035418-04:00,SPY260904C00776000,100,0.44,4400.0,-2200.0,,,
2026-08-31T14:45:12.035418-04:00,SPY260904P00756000,100,1.04,10400.0,-100.0,,,
2026-08-31T14:45:12.035418-04:00,SPY260904P00766000,-100,3.84,-38400.0,-3000.0,,,
2026-08-31T14:45:12.035418-04:00,TOTAL,,,-60000.0,,61500.0,1500.0,2.44
2026-08-31T14:46:12.050466-04:00,SPY260904C00766000,-100,3.62,-36200.0,7000.0,,,
2026-08-31T14:46:12.050466-04:00,SPY260904C00776000,100,0.44,4400.0,-2200.0,,,
2026-08-31T14:46:12.050466-04:00,SPY260904P00756000,100,1.05,10500.0,0.0,,,
2026-08-31T14:46:12.050466-04:00,SPY260904P00766000,-100,3.87,-38700.0,-3300.0,,,
2026-08-31T14:46:12.050466-04:00,TOTAL,,,-60000.0,,61500.0,1500.0,2.44
2026-08-31T14:47:12.088776-04:00,SPY260904C00766000,-100,3.67,-36700.0,6500.0,,,
2026-08-31T14:47:12.088776-04:00,SPY260904C00776000,100,0.45,4500.0,-2100.0,,,
2026-08-31T14:47:12.088776-04:00,SPY260904P00756000,100,1.04,10400.0,-100.0,,,
2026-08-31T14:47:12.088776-04:00,SPY260904P00766000,-100,3.82,-38200.0,-2800.0,,,
2026-08-31T14:47:12.088776-04:00,TOTAL,,,-60000.0,,61500.0,1500.0,2.44
2026-08-31T14:48:12.116476-04:00,SPY260904C00766000,-100,3.63,-36300.0,6900.0,,,
2026-08-31T14:48:12.116476-04:00,SPY260904C00776000,100,0.44,4400.0,-2200.0,,,
2026-08-31T14:48:12.116476-04:00,SPY260904P00756000,100,1.06,10600.0,100.0,,,
2026-08-31T14:48:12.116476-04:00,SPY260904P00766000,-100,3.88,-38800.0,-3400.0,,,
2026-08-31T14:48:12.116476-04:00,TOTAL,,,-60100.0,,61500.0,1400.0,2.28
2026-08-31T14:49:12.078409-04:00,SPY260904C00766000,-100,3.68,-36800.0,6400.0,,,
2026-08-31T14:49:12.078409-04:00,SPY260904C00776000,100,0.45,4500.0,-2100.0,,,
2026-08-31T14:49:12.078409-04:00,SPY260904P00756000,100,1.04,10400.0,-100.0,,,
2026-08-31T14:49:12.078409-04:00,SPY260904P00766000,-100,3.83,-38300.0,-2900.0,,,
2026-08-31T14:49:12.078409-04:00,TOTAL,,,-60200.0,,61500.0,1300.0,2.11
2026-08-31T14:50:12.105162-04:00,SPY260904C00766000,-100,3.72,-37200.0,6000.0,,,
2026-08-31T14:50:12.105162-04:00,SPY260904C00776000,100,0.46,4600.0,-2000.0,,,
2026-08-31T14:50:12.105162-04:00,SPY260904P00756000,100,1.02,10200.0,-300.0,,,
2026-08-31T14:50:12.105162-04:00,SPY260904P00766000,-100,3.78,-37800.0,-2400.0,,,
2026-08-31T14:50:12.105162-04:00,TOTAL,,,-60200.0,,61500.0,1300.0,2.11
2026-08-31T14:51:12.186379-04:00,SPY260904C00766000,-100,3.68,-36800.0,6400.0,,,
2026-08-31T14:51:12.186379-04:00,SPY260904C00776000,100,0.45,4500.0,-2100.0,,,
2026-08-31T14:51:12.186379-04:00,SPY260904P00756000,100,1.04,10400.0,-100.0,,,
2026-08-31T14:51:12.186379-04:00,SPY260904P00766000,-100,3.82,-38200.0,-2800.0,,,
2026-08-31T14:51:12.186379-04:00,TOTAL,,,-60100.0,,61500.0,1400.0,2.28
2026-08-31T14:52:12.126260-04:00,SPY260904C00766000,-100,3.7,-37000.0,6200.0,,,
2026-08-31T14:52:12.126260-04:00,SPY260904C00776000,100,0.45,4500.0,-2100.0,,,
2026-08-31T14:52:12.126260-04:00,SPY260904P00756000,100,1.03,10300.0,-200.0,,,
2026-08-31T14:52:12.126260-04:00,SPY260904P00766000,-100,3.79,-37900.0,-2500.0,,,
2026-08-31T14:52:12.126260-04:00,TOTAL,,,-60100.0,,61500.0,1400.0,2.28
2026-08-31T14:53:12.139546-04:00,SPY260904C00766000,-100,3.73,-37300.0,5900.0,,,
2026-08-31T14:53:12.139546-04:00,SPY260904C00776000,100,0.46,4600.0,-2000.0,,,
2026-08-31T14:53:12.139546-04:00,SPY260904P00756000,100,1.01,10100.0,-400.0,,,
2026-08-31T14:53:12.139546-04:00,SPY260904P00766000,-100,3.75,-37500.0,-2100.0,,,
2026-08-31T14:53:12.139546-04:00,TOTAL,,,-60100.0,,61500.0,1400.0,2.28
2026-08-31T14:54:12.198616-04:00,SPY260904C00766000,-100,3.83,-38300.0,4900.0,,,
2026-08-31T14:54:12.198616-04:00,SPY260904C00776000,100,0.48,4800.0,-1800.0,,,
2026-08-31T14:54:12.198616-04:00,SPY260904P00756000,100,0.97,9700.0,-800.0,,,
2026-08-31T14:54:12.198616-04:00,SPY260904P00766000,-100,3.62,-36200.0,-800.0,,,
2026-08-31T14:54:12.198616-04:00,TOTAL,,,-60000.0,,61500.0,1500.0,2.44
2026-08-31T14:55:12.178384-04:00,SPY260904C00766000,-100,3.79,-37900.0,5300.0,,,
2026-08-31T14:55:12.178384-04:00,SPY260904C00776000,100,0.47,4700.0,-1900.0,,,
2026-08-31T14:55:12.178384-04:00,SPY260904P00756000,100,0.98,9800.0,-700.0,,,
2026-08-31T14:55:12.178384-04:00,SPY260904P00766000,-100,3.67,-36700.0,-1300.0,,,
2026-08-31T14:55:12.178384-04:00,TOTAL,,,-60100.0,,61500.0,1400.0,2.28
2026-08-31T14:56:12.224886-04:00,SPY260904C00766000,-100,3.8,-38000.0,5200.0,,,
2026-08-31T14:56:12.224886-04:00,SPY260904C00776000,100,0.47,4700.0,-1900.0,,,
2026-08-31T14:56:12.224886-04:00,SPY260904P00756000,100,0.98,9800.0,-700.0,,,
2026-08-31T14:56:12.224886-04:00,SPY260904P00766000,-100,3.67,-36700.0,-1300.0,,,
2026-08-31T14:56:12.224886-04:00,TOTAL,,,-60200.0,,61500.0,1300.0,2.11
2026-08-31T14:57:12.235530-04:00,SPY260904C00766000,-100,3.85,-38500.0,4700.0,,,
2026-08-31T14:57:12.235530-04:00,SPY260904C00776000,100,0.49,4900.0,-1700.0,,,
2026-08-31T14:57:12.235530-04:00,SPY260904P00756000,100,0.96,9600.0,-900.0,,,
2026-08-31T14:57:12.235530-04:00,SPY260904P00766000,-100,3.6,-36000.0,-600.0,,,
2026-08-31T14:57:12.235530-04:00,TOTAL,,,-60000.0,,61500.0,1500.0,2.44
2026-08-31T14:58:12.234362-04:00,SPY260904C00766000,-100,3.83,-38300.0,4900.0,,,
2026-08-31T14:58:12.234362-04:00,SPY260904C00776000,100,0.48,4800.0,-1800.0,,,
2026-08-31T14:58:12.234362-04:00,SPY260904P00756000,100,0.97,9700.0,-800.0,,,
2026-08-31T14:58:12.234362-04:00,SPY260904P00766000,-100,3.62,-36200.0,-800.0,,,
2026-08-31T14:58:12.234362-04:00,TOTAL,,,-60000.0,,61500.0,1500.0,2.44
2026-08-31T14:59:12.261395-04:00,SPY260904C00766000,-100,3.86,-38600.0,4600.0,,,
2026-08-31T14:59:12.261395-04:00,SPY260904C00776000,100,0.48,4800.0,-1800.0,,,
2026-08-31T14:59:12.261395-04:00,SPY260904P00756000,100,0.96,9600.0,-900.0,,,
2026-08-31T14:59:12.261395-04:00,SPY260904P00766000,-100,3.59,-35900.0,-500.0,,,
2026-08-31T14:59:12.261395-04:00,TOTAL,,,-60100.0,,61500.0,1400.0,2.28
2026-08-31T15:00:12.299949-04:00,SPY260904C00766000,-100,3.87,-38700.0,4500.0,,,
2026-08-31T15:00:12.299949-04:00,SPY260904C00776000,100,0.48,4800.0,-1800.0,,,
2026-08-31T15:00:12.299949-04:00,SPY260904P00756000,100,0.95,9500.0,-1000.0,,,
2026-08-31T15:00:12.299949-04:00,SPY260904P00766000,-100,3.57,-35700.0,-300.0,,,
2026-08-31T15:00:12.299949-04:00,TOTAL,,,-60100.0,,61500.0,1400.0,2.28
2026-08-31T15:01:12.306910-04:00,SPY260904C00766000,-100,3.94,-39400.0,3800.0,,,
2026-08-31T15:01:12.306910-04:00,SPY260904C00776000,100,0.5,5000.0,-1600.0,,,
2026-08-31T15:01:12.306910-04:00,SPY260904P00756000,100,0.92,9200.0,-1300.0,,,
2026-08-31T15:01:12.306910-04:00,SPY260904P00766000,-100,3.5,-35000.0,400.0,,,
2026-08-31T15:01:12.306910-04:00,TOTAL,,,-60200.0,,61500.0,1300.0,2.11
2026-08-31T15:02:12.319613-04:00,SPY260904C00766000,-100,3.9,-39000.0,4200.0,,,
2026-08-31T15:02:12.319613-04:00,SPY260904C00776000,100,0.49,4900.0,-1700.0,,,
2026-08-31T15:02:12.319613-04:00,SPY260904P00756000,100,0.94,9400.0,-1100.0,,,
2026-08-31T15:02:12.319613-04:00,SPY260904P00766000,-100,3.54,-35400.0,0.0,,,
2026-08-31T15:02:12.319613-04:00,TOTAL,,,-60100.0,,61500.0,1400.0,2.28
2026-08-31T15:03:12.312744-04:00,SPY260904C00766000,-100,3.94,-39400.0,3800.0,,,
2026-08-31T15:03:12.312744-04:00,SPY260904C00776000,100,0.5,5000.0,-1600.0,,,
2026-08-31T15:03:12.312744-04:00,SPY260904P00756000,100,0.92,9200.0,-1300.0,,,
2026-08-31T15:03:12.312744-04:00,SPY260904P00766000,-100,3.5,-35000.0,400.0,,,
2026-08-31T15:03:12.312744-04:00,TOTAL,,,-60200.0,,61500.0,1300.0,2.11
2026-08-31T15:04:12.379757-04:00,SPY260904C00766000,-100,3.92,-39200.0,4000.0,,,
2026-08-31T15:04:12.379757-04:00,SPY260904C00776000,100,0.49,4900.0,-1700.0,,,
2026-08-31T15:04:12.379757-04:00,SPY260904P00756000,100,0.93,9300.0,-1200.0,,,
2026-08-31T15:04:12.379757-04:00,SPY260904P00766000,-100,3.52,-35200.0,200.0,,,
2026-08-31T15:04:12.379757-04:00,TOTAL,,,-60200.0,,61500.0,1300.0,2.11
2026-08-31T15:05:12.346635-04:00,SPY260904C00766000,-100,3.9,-39000.0,4200.0,,,
2026-08-31T15:05:12.346635-04:00,SPY260904C00776000,100,0.49,4900.0,-1700.0,,,
2026-08-31T15:05:12.346635-04:00,SPY260904P00756000,100,0.93,9300.0,-1200.0,,,
2026-08-31T15:05:12.346635-04:00,SPY260904P00766000,-100,3.54,-35400.0,0.0,,,
2026-08-31T15:05:12.346635-04:00,TOTAL,,,-60200.0,,61500.0,1300.0,2.11
2026-08-31T15:06:12.827938-04:00,SPY260904C00766000,-100,3.83,-38300.0,4900.0,,,
2026-08-31T15:06:12.827938-04:00,SPY260904C00776000,100,0.47,4700.0,-1900.0,,,
2026-08-31T15:06:12.827938-04:00,SPY260904P00756000,100,0.95,9500.0,-1000.0,,,
2026-08-31T15:06:12.827938-04:00,SPY260904P00766000,-100,3.59,-35900.0,-500.0,,,
2026-08-31T15:06:12.827938-04:00,TOTAL,,,-60000.0,,61500.0,1500.0,2.44
2026-08-31T15:07:12.378048-04:00,SPY260904C00766000,-100,3.87,-38700.0,4500.0,,,
2026-08-31T15:07:12.378048-04:00,SPY260904C00776000,100,0.47,4700.0,-1900.0,,,
2026-08-31T15:07:12.378048-04:00,SPY260904P00756000,100,0.93,9300.0,-1200.0,,,
2026-08-31T15:07:12.378048-04:00,SPY260904P00766000,-100,3.54,-35400.0,0.0,,,
2026-08-31T15:07:12.378048-04:00,TOTAL,,,-60100.0,,61500.0,1400.0,2.28
2026-08-31T15:08:12.393366-04:00,SPY260904C00766000,-100,3.88,-38800.0,4400.0,,,
2026-08-31T15:08:12.393366-04:00,SPY260904C00776000,100,0.47,4700.0,-1900.0,,,
2026-08-31T15:08:12.393366-04:00,SPY260904P00756000,100,0.92,9200.0,-1300.0,,,
2026-08-31T15:08:12.393366-04:00,SPY260904P00766000,-100,3.51,-35100.0,300.0,,,
2026-08-31T15:08:12.393366-04:00,TOTAL,,,-60000.0,,61500.0,1500.0,2.44
2026-08-31T15:09:12.417818-04:00,SPY260904C00766000,-100,3.95,-39500.0,3700.0,,,
2026-08-31T15:09:12.417818-04:00,SPY260904C00776000,100,0.49,4900.0,-1700.0,,,
2026-08-31T15:09:12.417818-04:00,SPY260904P00756000,100,0.9,9000.0,-1500.0,,,
2026-08-31T15:09:12.417818-04:00,SPY260904P00766000,-100,3.45,-34500.0,900.0,,,
2026-08-31T15:09:12.417818-04:00,TOTAL,,,-60100.0,,61500.0,1400.0,2.28
2026-08-31T15:10:12.416312-04:00,SPY260904C00766000,-100,4.01,-40100.0,3100.0,,,
2026-08-31T15:10:12.416312-04:00,SPY260904C00776000,100,0.5,5000.0,-1600.0,,,
2026-08-31T15:10:12.416312-04:00,SPY260904P00756000,100,0.87,8700.0,-1800.0,,,
2026-08-31T15:10:12.416312-04:00,SPY260904P00766000,-100,3.39,-33900.0,1500.0,,,
2026-08-31T15:10:12.416312-04:00,TOTAL,,,-60300.0,,61500.0,1200.0,1.95
2026-08-31T15:11:12.442385-04:00,SPY260904C00766000,-100,3.99,-39900.0,3300.0,,,
2026-08-31T15:11:12.442385-04:00,SPY260904C00776000,100,0.49,4900.0,-1700.0,,,
2026-08-31T15:11:12.442385-04:00,SPY260904P00756000,100,0.88,8800.0,-1700.0,,,
2026-08-31T15:11:12.442385-04:00,SPY260904P00766000,-100,3.4,-34000.0,1400.0,,,
2026-08-31T15:11:12.442385-04:00,TOTAL,,,-60200.0,,61500.0,1300.0,2.11
2026-08-31T15:12:12.447718-04:00,SPY260904C00766000,-100,3.99,-39900.0,3300.0,,,
2026-08-31T15:12:12.447718-04:00,SPY260904C00776000,100,0.5,5000.0,-1600.0,,,
2026-08-31T15:12:12.447718-04:00,SPY260904P00756000,100,0.88,8800.0,-1700.0,,,
2026-08-31T15:12:12.447718-04:00,SPY260904P00766000,-100,3.4,-34000.0,1400.0,,,
2026-08-31T15:12:12.447718-04:00,TOTAL,,,-60100.0,,61500.0,1400.0,2.28
2026-08-31T15:13:12.468047-04:00,SPY260904C00766000,-100,3.94,-39400.0,3800.0,,,
2026-08-31T15:13:12.468047-04:00,SPY260904C00776000,100,0.49,4900.0,-1700.0,,,
2026-08-31T15:13:12.468047-04:00,SPY260904P00756000,100,0.89,8900.0,-1600.0,,,
2026-08-31T15:13:12.468047-04:00,SPY260904P00766000,-100,3.43,-34300.0,1100.0,,,
2026-08-31T15:13:12.468047-04:00,TOTAL,,,-59900.0,,61500.0,1600.0,2.6
2026-08-31T15:14:12.522816-04:00,SPY260904C00766000,-100,4.03,-40300.0,2900.0,,,
2026-08-31T15:14:12.522816-04:00,SPY260904C00776000,100,0.5,5000.0,-1600.0,,,
2026-08-31T15:14:12.522816-04:00,SPY260904P00756000,100,0.86,8600.0,-1900.0,,,
2026-08-31T15:14:12.522816-04:00,SPY260904P00766000,-100,3.36,-33600.0,1800.0,,,
2026-08-31T15:14:12.522816-04:00,TOTAL,,,-60300.0,,61500.0,1200.0,1.95
2026-08-31T15:15:12.483330-04:00,SPY260904C00766000,-100,4.03,-40300.0,2900.0,,,
2026-08-31T15:15:12.483330-04:00,SPY260904C00776000,100,0.5,5000.0,-1600.0,,,
2026-08-31T15:15:12.483330-04:00,SPY260904P00756000,100,0.85,8500.0,-2000.0,,,
2026-08-31T15:15:12.483330-04:00,SPY260904P00766000,-100,3.34,-33400.0,2000.0,,,
2026-08-31T15:15:12.483330-04:00,TOTAL,,,-60200.0,,61500.0,1300.0,2.11
2026-08-31T15:16:12.543223-04:00,SPY260904C00766000,-100,4.04,-40400.0,2800.0,,,
2026-08-31T15:16:12.543223-04:00,SPY260904C00776000,100,0.51,5100.0,-1500.0,,,
2026-08-31T15:16:12.543223-04:00,SPY260904P00756000,100,0.86,8600.0,-1900.0,,,
2026-08-31T15:16:12.543223-04:00,SPY260904P00766000,-100,3.36,-33600.0,1800.0,,,
2026-08-31T15:16:12.543223-04:00,TOTAL,,,-60300.0,,61500.0,1200.0,1.95
2026-08-31T15:17:12.511502-04:00,SPY260904C00766000,-100,4.04,-40400.0,2800.0,,,
2026-08-31T15:17:12.511502-04:00,SPY260904C00776000,100,0.51,5100.0,-1500.0,,,
2026-08-31T15:17:12.511502-04:00,SPY260904P00756000,100,0.87,8700.0,-1800.0,,,
2026-08-31T15:17:12.511502-04:00,SPY260904P00766000,-100,3.36,-33600.0,1800.0,,,
2026-08-31T15:17:12.511502-04:00,TOTAL,,,-60200.0,,61500.0,1300.0,2.11
2026-08-31T15:18:12.560949-04:00,SPY260904C00766000,-100,3.99,-39900.0,3300.0,,,
2026-08-31T15:18:12.560949-04:00,SPY260904C00776000,100,0.5,5000.0,-1600.0,,,
2026-08-31T15:18:12.560949-04:00,SPY260904P00756000,100,0.88,8800.0,-1700.0,,,
2026-08-31T15:18:12.560949-04:00,SPY260904P00766000,-100,3.4,-34000.0,1400.0,,,
2026-08-31T15:18:12.560949-04:00,TOTAL,,,-60100.0,,61500.0,1400.0,2.28
2026-08-31T15:19:12.552284-04:00,SPY260904C00766000,-100,4.02,-40200.0,3000.0,,,
2026-08-31T15:19:12.552284-04:00,SPY260904C00776000,100,0.51,5100.0,-1500.0,,,
2026-08-31T15:19:12.552284-04:00,SPY260904P00756000,100,0.89,8900.0,-1600.0,,,
2026-08-31T15:19:12.552284-04:00,SPY260904P00766000,-100,3.42,-34200.0,1200.0,,,
2026-08-31T15:19:12.552284-04:00,TOTAL,,,-60400.0,,61500.0,1100.0,1.79
2026-08-31T15:20:12.631206-04:00,SPY260904C00766000,-100,3.98,-39800.0,3400.0,,,
2026-08-31T15:20:12.631206-04:00,SPY260904C00776000,100,0.5,5000.0,-1600.0,,,
2026-08-31T15:20:12.631206-04:00,SPY260904P00756000,100,0.89,8900.0,-1600.0,,,
2026-08-31T15:20:12.631206-04:00,SPY260904P00766000,-100,3.44,-34400.0,1000.0,,,
2026-08-31T15:20:12.631206-04:00,TOTAL,,,-60300.0,,61500.0,1200.0,1.95
2026-08-31T15:21:12.587033-04:00,SPY260904C00766000,-100,3.98,-39800.0,3400.0,,,
2026-08-31T15:21:12.587033-04:00,SPY260904C00776000,100,0.5,5000.0,-1600.0,,,
2026-08-31T15:21:12.587033-04:00,SPY260904P00756000,100,0.89,8900.0,-1600.0,,,
2026-08-31T15:21:12.587033-04:00,SPY260904P00766000,-100,3.42,-34200.0,1200.0,,,
2026-08-31T15:21:12.587033-04:00,TOTAL,,,-60100.0,,61500.0,1400.0,2.28
2026-08-31T15:22:12.619189-04:00,SPY260904C00766000,-100,3.98,-39800.0,3400.0,,,
2026-08-31T15:22:12.619189-04:00,SPY260904C00776000,100,0.49,4900.0,-1700.0,,,
2026-08-31T15:22:12.619189-04:00,SPY260904P00756000,100,0.89,8900.0,-1600.0,,,
2026-08-31T15:22:12.619189-04:00,SPY260904P00766000,-100,3.42,-34200.0,1200.0,,,
2026-08-31T15:22:12.619189-04:00,TOTAL,,,-60200.0,,61500.0,1300.0,2.11
2026-08-31T15:23:12.641895-04:00,SPY260904C00766000,-100,4.11,-41100.0,2100.0,,,
2026-08-31T15:23:12.641895-04:00,SPY260904C00776000,100,0.52,5200.0,-1400.0,,,
2026-08-31T15:23:12.641895-04:00,SPY260904P00756000,100,0.85,8500.0,-2000.0,,,
2026-08-31T15:23:12.641895-04:00,SPY260904P00766000,-100,3.3,-33000.0,2400.0,,,
2026-08-31T15:23:12.641895-04:00,TOTAL,,,-60400.0,,61500.0,1100.0,1.79
2026-08-31T15:24:12.645759-04:00,SPY260904C00766000,-100,4.14,-41400.0,1800.0,,,
2026-08-31T15:24:12.645759-04:00,SPY260904C00776000,100,0.53,5300.0,-1300.0,,,
2026-08-31T15:24:12.645759-04:00,SPY260904P00756000,100,0.85,8500.0,-2000.0,,,
2026-08-31T15:24:12.645759-04:00,SPY260904P00766000,-100,3.28,-32800.0,2600.0,,,
2026-08-31T15:24:12.645759-04:00,TOTAL,,,-60400.0,,61500.0,1100.0,1.79
2026-08-31T15:25:12.666351-04:00,SPY260904C00766000,-100,4.18,-41800.0,1400.0,,,
2026-08-31T15:25:12.666351-04:00,SPY260904C00776000,100,0.55,5500.0,-1100.0,,,
2026-08-31T15:25:12.666351-04:00,SPY260904P00756000,100,0.84,8400.0,-2100.0,,,
2026-08-31T15:25:12.666351-04:00,SPY260904P00766000,-100,3.27,-32700.0,2700.0,,,
2026-08-31T15:25:12.666351-04:00,TOTAL,,,-60600.0,,61500.0,900.0,1.46
2026-08-31T15:26:12.682506-04:00,SPY260904C00766000,-100,4.13,-41300.0,1900.0,,,
2026-08-31T15:26:12.682506-04:00,SPY260904C00776000,100,0.53,5300.0,-1300.0,,,
2026-08-31T15:26:12.682506-04:00,SPY260904P00756000,100,0.86,8600.0,-1900.0,,,
2026-08-31T15:26:12.682506-04:00,SPY260904P00766000,-100,3.32,-33200.0,2200.0,,,
2026-08-31T15:26:12.682506-04:00,TOTAL,,,-60600.0,,61500.0,900.0,1.46
2026-08-31T15:27:12.749634-04:00,SPY260904C00766000,-100,4.18,-41800.0,1400.0,,,
2026-08-31T15:27:12.749634-04:00,SPY260904C00776000,100,0.55,5500.0,-1100.0,,,
2026-08-31T15:27:12.749634-04:00,SPY260904P00756000,100,0.85,8500.0,-2000.0,,,
2026-08-31T15:27:12.749634-04:00,SPY260904P00766000,-100,3.27,-32700.0,2700.0,,,
2026-08-31T15:27:12.749634-04:00,TOTAL,,,-60500.0,,61500.0,1000.0,1.63
2026-08-31T15:28:12.729870-04:00,SPY260904C00766000,-100,4.37,-43700.0,-500.0,,,
2026-08-31T15:28:12.729870-04:00,SPY260904C00776000,100,0.59,5900.0,-700.0,,,
2026-08-31T15:28:12.729870-04:00,SPY260904P00756000,100,0.8,8000.0,-2500.0,,,
2026-08-31T15:28:12.729870-04:00,SPY260904P00766000,-100,3.13,-31300.0,4100.0,,,
2026-08-31T15:28:12.729870-04:00,TOTAL,,,-61100.0,,61500.0,400.0,0.65
2026-08-31T15:29:12.718168-04:00,SPY260904C00766000,-100,4.3,-43000.0,200.0,,,
2026-08-31T15:29:12.718168-04:00,SPY260904C00776000,100,0.57,5700.0,-900.0,,,
2026-08-31T15:29:12.718168-04:00,SPY260904P00756000,100,0.83,8300.0,-2200.0,,,
2026-08-31T15:29:12.718168-04:00,SPY260904P00766000,-100,3.2,-32000.0,3400.0,,,
2026-08-31T15:29:12.718168-04:00,TOTAL,,,-61000.0,,61500.0,500.0,0.81
2026-08-31T15:30:12.748184-04:00,SPY260904C00766000,-100,4.25,-42500.0,700.0,,,
2026-08-31T15:30:12.748184-04:00,SPY260904C00776000,100,0.56,5600.0,-1000.0,,,
2026-08-31T15:30:12.748184-04:00,SPY260904P00756000,100,0.84,8400.0,-2100.0,,,
2026-08-31T15:30:12.748184-04:00,SPY260904P00766000,-100,3.24,-32400.0,3000.0,,,
2026-08-31T15:30:12.748184-04:00,TOTAL,,,-60900.0,,61500.0,600.0,0.98
2026-08-31T15:31:12.757816-04:00,SPY260904C00766000,-100,4.21,-42100.0,1100.0,,,
2026-08-31T15:31:12.757816-04:00,SPY260904C00776000,100,0.55,5500.0,-1100.0,,,
2026-08-31T15:31:12.757816-04:00,SPY260904P00756000,100,0.85,8500.0,-2000.0,,,
2026-08-31T15:31:12.757816-04:00,SPY260904P00766000,-100,3.28,-32800.0,2600.0,,,
2026-08-31T15:31:12.757816-04:00,TOTAL,,,-60900.0,,61500.0,600.0,0.98
2026-08-31T15:32:12.770801-04:00,SPY260904C00766000,-100,4.17,-41700.0,1500.0,,,
2026-08-31T15:32:12.770801-04:00,SPY260904C00776000,100,0.54,5400.0,-1200.0,,,
2026-08-31T15:32:12.770801-04:00,SPY260904P00756000,100,0.86,8600.0,-1900.0,,,
2026-08-31T15:32:12.770801-04:00,SPY260904P00766000,-100,3.31,-33100.0,2300.0,,,
2026-08-31T15:32:12.770801-04:00,TOTAL,,,-60800.0,,61500.0,700.0,1.14
2026-08-31T15:33:12.816046-04:00,SPY260904C00766000,-100,4.12,-41200.0,2000.0,,,
2026-08-31T15:33:12.816046-04:00,SPY260904C00776000,100,0.53,5300.0,-1300.0,,,
2026-08-31T15:33:12.816046-04:00,SPY260904P00756000,100,0.86,8600.0,-1900.0,,,
2026-08-31T15:33:12.816046-04:00,SPY260904P00766000,-100,3.31,-33100.0,2300.0,,,
2026-08-31T15:33:12.816046-04:00,TOTAL,,,-60400.0,,61500.0,1100.0,1.79
2026-08-31T15:34:12.831010-04:00,SPY260904C00766000,-100,4.13,-41300.0,1900.0,,,
2026-08-31T15:34:12.831010-04:00,SPY260904C00776000,100,0.53,5300.0,-1300.0,,,
2026-08-31T15:34:12.831010-04:00,SPY260904P00756000,100,0.85,8500.0,-2000.0,,,
2026-08-31T15:34:12.831010-04:00,SPY260904P00766000,-100,3.29,-32900.0,2500.0,,,
2026-08-31T15:34:12.831010-04:00,TOTAL,,,-60400.0,,61500.0,1100.0,1.79
2026-08-31T15:35:12.829906-04:00,SPY260904C00766000,-100,4.17,-41700.0,1500.0,,,
2026-08-31T15:35:12.829906-04:00,SPY260904C00776000,100,0.54,5400.0,-1200.0,,,
2026-08-31T15:35:12.829906-04:00,SPY260904P00756000,100,0.84,8400.0,-2100.0,,,
2026-08-31T15:35:12.829906-04:00,SPY260904P00766000,-100,3.25,-32500.0,2900.0,,,
2026-08-31T15:35:12.829906-04:00,TOTAL,,,-60400.0,,61500.0,1100.0,1.79
2026-08-31T15:36:12.869890-04:00,SPY260904C00766000,-100,4.24,-42400.0,800.0,,,
2026-08-31T15:36:12.869890-04:00,SPY260904C00776000,100,0.56,5600.0,-1000.0,,,
2026-08-31T15:36:12.869890-04:00,SPY260904P00756000,100,0.83,8300.0,-2200.0,,,
2026-08-31T15:36:12.869890-04:00,SPY260904P00766000,-100,3.21,-32100.0,3300.0,,,
2026-08-31T15:36:12.869890-04:00,TOTAL,,,-60600.0,,61500.0,900.0,1.46
2026-08-31T15:37:12.887782-04:00,SPY260904C00766000,-100,4.27,-42700.0,500.0,,,
2026-08-31T15:37:12.887782-04:00,SPY260904C00776000,100,0.56,5600.0,-1000.0,,,
2026-08-31T15:37:12.887782-04:00,SPY260904P00756000,100,0.82,8200.0,-2300.0,,,
2026-08-31T15:37:12.887782-04:00,SPY260904P00766000,-100,3.19,-31900.0,3500.0,,,
2026-08-31T15:37:12.887782-04:00,TOTAL,,,-60800.0,,61500.0,700.0,1.14
2026-08-31T15:38:12.909488-04:00,SPY260904C00766000,-100,4.32,-43200.0,0.0,,,
2026-08-31T15:38:12.909488-04:00,SPY260904C00776000,100,0.57,5700.0,-900.0,,,
2026-08-31T15:38:12.909488-04:00,SPY260904P00756000,100,0.82,8200.0,-2300.0,,,
2026-08-31T15:38:12.909488-04:00,SPY260904P00766000,-100,3.16,-31600.0,3800.0,,,
2026-08-31T15:38:12.909488-04:00,TOTAL,,,-60900.0,,61500.0,600.0,0.98
2026-08-31T15:39:12.902702-04:00,SPY260904C00766000,-100,4.33,-43300.0,-100.0,,,
2026-08-31T15:39:12.902702-04:00,SPY260904C00776000,100,0.58,5800.0,-800.0,,,
2026-08-31T15:39:12.902702-04:00,SPY260904P00756000,100,0.81,8100.0,-2400.0,,,
2026-08-31T15:39:12.902702-04:00,SPY260904P00766000,-100,3.16,-31600.0,3800.0,,,
2026-08-31T15:39:12.902702-04:00,TOTAL,,,-61000.0,,61500.0,500.0,0.81
2026-08-31T15:40:12.912114-04:00,SPY260904C00766000,-100,4.34,-43400.0,-200.0,,,
2026-08-31T15:40:12.912114-04:00,SPY260904C00776000,100,0.58,5800.0,-800.0,,,
2026-08-31T15:40:12.912114-04:00,SPY260904P00756000,100,0.82,8200.0,-2300.0,,,
2026-08-31T15:40:12.912114-04:00,SPY260904P00766000,-100,3.15,-31500.0,3900.0,,,
2026-08-31T15:40:12.912114-04:00,TOTAL,,,-60900.0,,61500.0,600.0,0.98
