2026-08-31 09:54:19 [WARNING] --force: bypassing Monday-only + entry-window guards for this run.
2026-08-31 09:54:19 [INFO] Using existing alpaca CLI profile 'spy_dansavage_pa3em2vld7xn' (PAPER)
Number of SPY option contracts to trade per leg [100]: 2026-08-31 09:54:19 [INFO] Credentials loaded — qty=100  env=PAPER
2026-08-31 09:54:19 [INFO] Starting weekly_trading_spy.py …
2026-08-31 09:54:19 [INFO] Live price feed: direct Alpaca latest-trade polling
2026-08-31 09:54:19 [INFO] ━━━━━━━━━━━━━━━━━━━━━━━━━━━━━━━━━━━━━━━━━━━━━━━━
2026-08-31 09:54:19 [INFO] STARTUP DIAGNOSTICS  (Iron Butterfly SPY — Weekly Dynamic Live)
2026-08-31 09:54:19 [INFO] ━━━━━━━━━━━━━━━━━━━━━━━━━━━━━━━━━━━━━━━━━━━━━━━━
2026-08-31 09:54:19 [INFO] [0/6] Checking Alpaca paper trading auth …
2026-08-31 09:54:19 [INFO]   ✓ PASS — account_number=PA3EM2VLD7XN  status=ACTIVE  buying_power=$400000.00
2026-08-31 09:54:19 [INFO] [1/6] Polling SPY live price from Alpaca …
2026-08-31 09:54:19 [INFO] SPY live price: $766.26  (polled @ 09:54:19 ET)
2026-08-31 09:54:19 [INFO]   ✓ PASS — SPY = $766.26
2026-08-31 09:54:19 [INFO] [2/6] Building OCC symbols …
2026-08-31 09:54:19 [INFO] Market calendar loaded — 17 holiday/weekend days in next 60 days
2026-08-31 09:54:19 [INFO]   ATM=766  expiry=2026-09-04  (this week's Friday)
2026-08-31 09:54:19 [INFO]   Strikes:  longPut=756     shortPut=766     shortCall=766     longCall=776   
2026-08-31 09:54:19 [INFO]   ✓ longPut      = 'SPY   260904P00756000'  (len=21)
2026-08-31 09:54:19 [INFO]   ✓ shortPut     = 'SPY   260904P00766000'  (len=21)
2026-08-31 09:54:19 [INFO]   ✓ shortCall    = 'SPY   260904C00766000'  (len=21)
2026-08-31 09:54:19 [INFO]   ✓ longCall     = 'SPY   260904C00776000'  (len=21)
2026-08-31 09:54:19 [INFO]   ✓ PASS — all OCC symbols 21 chars
2026-08-31 09:54:19 [INFO] [3/6] Fetching options snapshots …
2026-08-31 09:54:19 [INFO]   Requesting (unpadded): SPY260904P00756000, SPY260904P00766000, SPY260904C00766000, SPY260904C00776000
2026-08-31 09:54:19 [INFO]   Snapshot keys returned (4):
2026-08-31 09:54:19 [INFO]     • 'SPY260904C00776000'
2026-08-31 09:54:19 [INFO]     • 'SPY260904P00756000'
2026-08-31 09:54:19 [INFO]     • 'SPY260904P00766000'
2026-08-31 09:54:19 [INFO]     • 'SPY260904C00766000'
2026-08-31 09:54:19 [INFO]   ✓ longPut      → SPY   260904P00756000
2026-08-31 09:54:19 [INFO]   ✓ shortPut     → SPY   260904P00766000
2026-08-31 09:54:19 [INFO]   ✓ shortCall    → SPY   260904C00766000
2026-08-31 09:54:19 [INFO]   ✓ longCall     → SPY   260904C00776000
2026-08-31 09:54:19 [INFO]   ✓ PASS — all 4 legs present in snapshot
2026-08-31 09:54:19 [INFO] [4/6] Extracting leg prices and greeks …
2026-08-31 09:54:19 [INFO]   longPut       mid=$1.0500     bid=1.0400  ask=1.0600  iv=14.1%  Δ=-0.1719  Γ=0.02250  Θ=-0.3475  V=0.2044
2026-08-31 09:54:19 [INFO]   shortPut      mid=$3.5550     bid=3.5400  ask=3.5700  iv=12.0%  Δ=-0.4741  Γ=0.04140  Θ=-0.4415  V=0.3193
2026-08-31 09:54:19 [INFO]   shortCall     mid=$4.3200     bid=4.3100  ask=4.3300  iv=12.6%  Δ=0.5249  Γ=0.03940  Θ=-0.5427  V=0.3194
2026-08-31 09:54:19 [INFO]   longCall      mid=$0.6550     bid=0.6500  ask=0.6600  iv=11.0%  Δ=0.1452  Γ=0.02590  Θ=-0.2625  V=0.1830
2026-08-31 09:54:19 [INFO] [5/6] Running EV calculation …
2026-08-31 09:54:19 [INFO] Leg prices: longPut=$1.05  shortPut=$3.55  shortCall=$4.32  longCall=$0.66
2026-08-31 09:54:19 [INFO] EV calc: net_credit=6.17  max_profit=$61700.00  max_loss=$38300.00  prob_max_loss=31.7%  EV=$9920.15
2026-08-31 09:54:19 [INFO]   net_credit    = $6.1700 per contract
2026-08-31 09:54:19 [INFO]   max_profit    = $61700.00  (100 contracts × $6.1700 × 100)
2026-08-31 09:54:19 [INFO]   max_loss      = $38300.00
2026-08-31 09:54:19 [INFO]   prob_max_loss = 31.71%
2026-08-31 09:54:19 [INFO]   EV            = +$9920.15
2026-08-31 09:54:19 [INFO]   ✓ PASS — net_credit > 0
2026-08-31 09:54:19 [INFO] [6/6] Checking existing SPY options positions …
2026-08-31 09:54:19 [INFO]   (none — no open SPY options positions)
2026-08-31 09:54:19 [INFO] ━━━━━━━━━━━━━━━━━━━━━━━━━━━━━━━━━━━━━━━━━━━━━━━━
2026-08-31 09:54:19 [INFO] DIAGNOSTICS COMPLETE — configuration OK ✓  (snapshot/EV warnings above are non-fatal — open_butterfly() retries up to 8× during the entry window)
2026-08-31 09:54:19 [INFO] ━━━━━━━━━━━━━━━━━━━━━━━━━━━━━━━━━━━━━━━━━━━━━━━━
2026-08-31 09:54:19 [INFO] Account thread started — acctname=weekly_spy  slot=P1  profile=spy_dansavage_pa3em2vld7xn
2026-08-31 09:54:19 [INFO] Iron Butterfly SPY (Weekly Dynamic Live) scheduler started.
2026-08-31 09:54:19 [INFO] Strategy: SPY butterfly  qty=100  wingWidth=10
2026-08-31 09:54:19 [INFO] ENTRY search window: Monday only 09:35–10:30 ET (dynamic, quietest-minute)
2026-08-31 09:54:19 [INFO] EXIT: dynamic wing-breach (BREACH_FRACTION=1.00) Mon–Thu, Thursday fallback 15:40 ET
2026-08-31 09:54:19 [INFO] Weekly state reset (trade_executed=False)
2026-08-31 09:54:19 [INFO] Heartbeat [Mon 09:54 ET] — trade_executed=False  open_attempted=True  |  OPEN ATTEMPT IN PROGRESS  |  CLOSE in 05h45m40s
2026-08-31 09:54:19 [INFO] ═══ Iron Butterfly SPY: OPEN ═══
2026-08-31 09:54:19 [INFO] SPY live price: $766.26  (polled @ 09:54:19 ET)
2026-08-31 09:54:19 [INFO] SPY=766.26  ATM=766  expiry=2026-09-04
  longPut=SPY   260904P00756000  shortPut=SPY   260904P00766000  shortCall=SPY   260904C00766000  longCall=SPY   260904C00776000
2026-08-31 09:54:20 [INFO] SPY target/open strikes: LP=SPY   260904P00756000 SP=SPY   260904P00766000 SC=SPY   260904C00766000 LC=SPY   260904C00776000
2026-08-31 09:54:20 [INFO] Leg prices: longPut=$1.05  shortPut=$3.55  shortCall=$4.32  longCall=$0.66
2026-08-31 09:54:20 [INFO] EV calc: net_credit=6.17  max_profit=$61650.00  max_loss=$38350.00  prob_max_loss=31.7%  EV=$9879.05
2026-08-31 09:54:20 [INFO] TEST MODE — skipping all filters (credit=6.1650  credit_pct=0.617).
2026-08-31 09:54:20 [INFO] Trade sentinel written: /Users/danielsavage/Desktop/Folders/VisualStudio/trade-iron-butterfly-weekly/_sentinels/weekly_trading_spy_weekly_spy_P1_20260831.opened
2026-08-31 09:54:20 [INFO] Submitting Iron Butterfly mleg order (qty=100) …
2026-08-31 09:54:20 [INFO] Order submitted: id=77565f9c-e719-4086-8223-7fb63301ed23  status=pending_new
2026-08-31 09:54:23 [INFO] butterfly-open: order filled ✓
2026-08-31 09:54:23 [INFO] IMV (initial market value from 4 fill(s)) = $61500.00
2026-08-31 09:54:23 [INFO] CSV log created: /Users/danielsavage/Desktop/Folders/VisualStudio/trade-iron-butterfly-weekly/csv-files/weekly_trading_spy_trades_log.csv
2026-08-31 09:54:23 [INFO] CSV open row written → /Users/danielsavage/Desktop/Folders/VisualStudio/trade-iron-butterfly-weekly/csv-files/weekly_trading_spy_trades_log.csv
2026-08-31 09:54:23 [INFO] Iron Butterfly SPY OPEN recorded. net_credit=6.17  max_profit=$61650.00  max_loss=$38350.00
2026-08-31 09:54:23 [INFO] Open attempt finished: opened:77565f9c-e719-4086-8223-7fb63301ed23
2026-08-31 09:54:50 [INFO] SPY live price: $766.39  (polled @ 09:54:50 ET)
2026-08-31 09:55:20 [INFO] Leg market value: SPY260904C00766000     qty=-100 price=$4.3900  market_value=$-43900.00  unrealized_pl=$-700.00
2026-08-31 09:55:20 [INFO] Leg market value: SPY260904C00776000     qty=100  price=$0.6600  market_value=$6600.00  unrealized_pl=$0.00
2026-08-31 09:55:20 [INFO] Leg market value: SPY260904P00756000     qty=100  price=$1.0200  market_value=$10200.00  unrealized_pl=$-300.00
2026-08-31 09:55:20 [INFO] Leg market value: SPY260904P00766000     qty=-100 price=$3.4900  market_value=$-34900.00  unrealized_pl=$500.00
2026-08-31 09:55:20 [INFO] Combined market value: leg_total=$-62000.00  imv=$61500.00  combined=$-500.00  pnl_pct=-0.81%
2026-08-31 09:55:20 [INFO] SPY live price: $766.39  (polled @ 09:55:20 ET)
2026-08-31 09:55:50 [INFO] SPY live price: $766.63  (polled @ 09:55:50 ET)
2026-08-31 09:56:20 [INFO] Leg market value: SPY260904C00766000     qty=-100 price=$4.4400  market_value=$-44400.00  unrealized_pl=$-1200.00
2026-08-31 09:56:20 [INFO] Leg market value: SPY260904C00776000     qty=100  price=$0.6700  market_value=$6700.00  unrealized_pl=$100.00
2026-08-31 09:56:20 [INFO] Leg market value: SPY260904P00756000     qty=100  price=$0.9900  market_value=$9900.00  unrealized_pl=$-600.00
2026-08-31 09:56:20 [INFO] Leg market value: SPY260904P00766000     qty=-100 price=$3.4300  market_value=$-34300.00  unrealized_pl=$1100.00
2026-08-31 09:56:20 [INFO] Combined market value: leg_total=$-62100.00  imv=$61500.00  combined=$-600.00  pnl_pct=-0.98%
2026-08-31 09:56:20 [INFO] SPY live price: $766.50  (polled @ 09:56:20 ET)
2026-08-31 09:56:50 [INFO] SPY live price: $766.39  (polled @ 09:56:50 ET)
2026-08-31 09:57:20 [INFO] SPY live price: $766.44  (polled @ 09:57:20 ET)
2026-08-31 09:57:20 [INFO] Leg market value: SPY260904C00766000     qty=-100 price=$4.3800  market_value=$-43800.00  unrealized_pl=$-600.00
2026-08-31 09:57:20 [INFO] Leg market value: SPY260904C00776000     qty=100  price=$0.6600  market_value=$6600.00  unrealized_pl=$0.00
2026-08-31 09:57:20 [INFO] Leg market value: SPY260904P00756000     qty=100  price=$1.0000  market_value=$10000.00  unrealized_pl=$-500.00
2026-08-31 09:57:20 [INFO] Leg market value: SPY260904P00766000     qty=-100 price=$3.4600  market_value=$-34600.00  unrealized_pl=$800.00
2026-08-31 09:57:20 [INFO] Combined market value: leg_total=$-61800.00  imv=$61500.00  combined=$-300.00  pnl_pct=-0.49%
2026-08-31 09:57:50 [INFO] SPY live price: $766.39  (polled @ 09:57:50 ET)
2026-08-31 09:58:20 [INFO] Leg market value: SPY260904C00766000     qty=-100 price=$4.2500  market_value=$-42500.00  unrealized_pl=$700.00
2026-08-31 09:58:20 [INFO] Leg market value: SPY260904C00776000     qty=100  price=$0.6200  market_value=$6200.00  unrealized_pl=$-400.00
2026-08-31 09:58:20 [INFO] Leg market value: SPY260904P00756000     qty=100  price=$1.0400  market_value=$10400.00  unrealized_pl=$-100.00
2026-08-31 09:58:20 [INFO] Leg market value: SPY260904P00766000     qty=-100 price=$3.5700  market_value=$-35700.00  unrealized_pl=$-300.00
2026-08-31 09:58:20 [INFO] Combined market value: leg_total=$-61600.00  imv=$61500.00  combined=$-100.00  pnl_pct=-0.16%
2026-08-31 09:58:20 [INFO] SPY live price: $766.16  (polled @ 09:58:20 ET)
2026-08-31 09:58:50 [INFO] SPY live price: $766.30  (polled @ 09:58:50 ET)
2026-08-31 09:59:19 [INFO] Heartbeat [Mon 09:59 ET] — trade_executed=False  open_attempted=True  |  OPEN SUBMITTED (77565f9c-e719-4086-8223-7fb63301ed23)  |  CLOSE in 05h40m40s
2026-08-31 09:59:20 [INFO] Position monitor: 4 SPY opts  pnl=$-200.00  pnl_pct=-0.3%
2026-08-31 09:59:20 [INFO] Leg market value: SPY260904C00766000     qty=-100 price=$4.2500  market_value=$-42500.00  unrealized_pl=$700.00
2026-08-31 09:59:20 [INFO] Leg market value: SPY260904C00776000     qty=100  price=$0.6300  market_value=$6300.00  unrealized_pl=$-300.00
2026-08-31 09:59:20 [INFO] Leg market value: SPY260904P00756000     qty=100  price=$1.0500  market_value=$10500.00  unrealized_pl=$0.00
2026-08-31 09:59:20 [INFO] Leg market value: SPY260904P00766000     qty=-100 price=$3.6000  market_value=$-36000.00  unrealized_pl=$-600.00
2026-08-31 09:59:20 [INFO] Combined market value: leg_total=$-61700.00  imv=$61500.00  combined=$-200.00  pnl_pct=-0.33%
2026-08-31 09:59:20 [INFO] SPY live price: $766.14  (polled @ 09:59:20 ET)
2026-08-31 09:59:50 [INFO] SPY live price: $766.24  (polled @ 09:59:50 ET)
2026-08-31 10:00:20 [INFO] SPY live price: $766.05  (polled @ 10:00:20 ET)
2026-08-31 10:00:20 [INFO] Leg market value: SPY260904C00766000     qty=-100 price=$4.2000  market_value=$-42000.00  unrealized_pl=$1200.00
2026-08-31 10:00:20 [INFO] Leg market value: SPY260904C00776000     qty=100  price=$0.6100  market_value=$6100.00  unrealized_pl=$-500.00
2026-08-31 10:00:20 [INFO] Leg market value: SPY260904P00756000     qty=100  price=$1.0500  market_value=$10500.00  unrealized_pl=$0.00
2026-08-31 10:00:20 [INFO] Leg market value: SPY260904P00766000     qty=-100 price=$3.6200  market_value=$-36200.00  unrealized_pl=$-800.00
2026-08-31 10:00:20 [INFO] Combined market value: leg_total=$-61600.00  imv=$61500.00  combined=$-100.00  pnl_pct=-0.16%
2026-08-31 10:00:50 [INFO] SPY live price: $766.16  (polled @ 10:00:50 ET)
2026-08-31 10:01:20 [INFO] SPY live price: $766.08  (polled @ 10:01:20 ET)
2026-08-31 10:01:20 [INFO] Leg market value: SPY260904C00766000     qty=-100 price=$4.2200  market_value=$-42200.00  unrealized_pl=$1000.00
2026-08-31 10:01:20 [INFO] Leg market value: SPY260904C00776000     qty=100  price=$0.6200  market_value=$6200.00  unrealized_pl=$-400.00
2026-08-31 10:01:20 [INFO] Leg market value: SPY260904P00756000     qty=100  price=$1.0500  market_value=$10500.00  unrealized_pl=$0.00
2026-08-31 10:01:20 [INFO] Leg market value: SPY260904P00766000     qty=-100 price=$3.6000  market_value=$-36000.00  unrealized_pl=$-600.00
2026-08-31 10:01:20 [INFO] Combined market value: leg_total=$-61500.00  imv=$61500.00  combined=$0.00  pnl_pct=0.00%
2026-08-31 10:01:50 [INFO] SPY live price: $766.06  (polled @ 10:01:50 ET)
2026-08-31 10:02:20 [INFO] Leg market value: SPY260904C00766000     qty=-100 price=$4.1700  market_value=$-41700.00  unrealized_pl=$1500.00
2026-08-31 10:02:20 [INFO] Leg market value: SPY260904C00776000     qty=100  price=$0.6100  market_value=$6100.00  unrealized_pl=$-500.00
2026-08-31 10:02:20 [INFO] Leg market value: SPY260904P00756000     qty=100  price=$1.0800  market_value=$10800.00  unrealized_pl=$300.00
2026-08-31 10:02:20 [INFO] Leg market value: SPY260904P00766000     qty=-100 price=$3.6600  market_value=$-36600.00  unrealized_pl=$-1200.00
2026-08-31 10:02:20 [INFO] Combined market value: leg_total=$-61400.00  imv=$61500.00  combined=$100.00  pnl_pct=0.16%
2026-08-31 10:02:20 [INFO] SPY live price: $766.04  (polled @ 10:02:20 ET)
2026-08-31 10:02:50 [INFO] SPY live price: $765.85  (polled @ 10:02:50 ET)
2026-08-31 10:03:20 [INFO] Leg market value: SPY260904C00766000     qty=-100 price=$4.1200  market_value=$-41200.00  unrealized_pl=$2000.00
2026-08-31 10:03:20 [INFO] Leg market value: SPY260904C00776000     qty=100  price=$0.6000  market_value=$6000.00  unrealized_pl=$-600.00
2026-08-31 10:03:20 [INFO] Leg market value: SPY260904P00756000     qty=100  price=$1.1100  market_value=$11100.00  unrealized_pl=$600.00
2026-08-31 10:03:20 [INFO] Leg market value: SPY260904P00766000     qty=-100 price=$3.7400  market_value=$-37400.00  unrealized_pl=$-2000.00
2026-08-31 10:03:20 [INFO] Combined market value: leg_total=$-61500.00  imv=$61500.00  combined=$0.00  pnl_pct=0.00%
2026-08-31 10:03:20 [INFO] SPY live price: $765.87  (polled @ 10:03:20 ET)
2026-08-31 10:03:50 [INFO] SPY live price: $765.85  (polled @ 10:03:50 ET)
2026-08-31 10:04:20 [INFO] Heartbeat [Mon 10:04 ET] — trade_executed=False  open_attempted=True  |  OPEN SUBMITTED (77565f9c-e719-4086-8223-7fb63301ed23)  |  CLOSE in 05h35m39s
2026-08-31 10:04:20 [INFO] Position monitor: 4 SPY opts  pnl=$-100.00  pnl_pct=-0.2%
2026-08-31 10:04:20 [INFO] Leg market value: SPY260904C00766000     qty=-100 price=$4.1200  market_value=$-41200.00  unrealized_pl=$2000.00
2026-08-31 10:04:20 [INFO] Leg market value: SPY260904C00776000     qty=100  price=$0.6000  market_value=$6000.00  unrealized_pl=$-600.00
2026-08-31 10:04:20 [INFO] Leg market value: SPY260904P00756000     qty=100  price=$1.1100  market_value=$11100.00  unrealized_pl=$600.00
2026-08-31 10:04:20 [INFO] Leg market value: SPY260904P00766000     qty=-100 price=$3.7500  market_value=$-37500.00  unrealized_pl=$-2100.00
2026-08-31 10:04:20 [INFO] Combined market value: leg_total=$-61600.00  imv=$61500.00  combined=$-100.00  pnl_pct=-0.16%
2026-08-31 10:04:20 [INFO] SPY live price: $765.85  (polled @ 10:04:20 ET)
2026-08-31 10:04:50 [INFO] SPY live price: $765.86  (polled @ 10:04:50 ET)
2026-08-31 10:05:20 [INFO] Leg market value: SPY260904C00766000     qty=-100 price=$4.0900  market_value=$-40900.00  unrealized_pl=$2300.00
2026-08-31 10:05:20 [INFO] Leg market value: SPY260904C00776000     qty=100  price=$0.5900  market_value=$5900.00  unrealized_pl=$-700.00
2026-08-31 10:05:20 [INFO] Leg market value: SPY260904P00756000     qty=100  price=$1.1200  market_value=$11200.00  unrealized_pl=$700.00
2026-08-31 10:05:20 [INFO] Leg market value: SPY260904P00766000     qty=-100 price=$3.7700  market_value=$-37700.00  unrealized_pl=$-2300.00
2026-08-31 10:05:20 [INFO] Combined market value: leg_total=$-61500.00  imv=$61500.00  combined=$0.00  pnl_pct=0.00%
2026-08-31 10:05:20 [INFO] SPY live price: $765.82  (polled @ 10:05:20 ET)
2026-08-31 10:05:50 [INFO] SPY live price: $765.95  (polled @ 10:05:50 ET)
2026-08-31 10:06:20 [INFO] SPY live price: $765.95  (polled @ 10:06:20 ET)
2026-08-31 10:06:20 [INFO] Leg market value: SPY260904C00766000     qty=-100 price=$4.1500  market_value=$-41500.00  unrealized_pl=$1700.00
2026-08-31 10:06:20 [INFO] Leg market value: SPY260904C00776000     qty=100  price=$0.6000  market_value=$6000.00  unrealized_pl=$-600.00
2026-08-31 10:06:20 [INFO] Leg market value: SPY260904P00756000     qty=100  price=$1.0800  market_value=$10800.00  unrealized_pl=$300.00
2026-08-31 10:06:20 [INFO] Leg market value: SPY260904P00766000     qty=-100 price=$3.6900  market_value=$-36900.00  unrealized_pl=$-1500.00
2026-08-31 10:06:20 [INFO] Combined market value: leg_total=$-61600.00  imv=$61500.00  combined=$-100.00  pnl_pct=-0.16%
2026-08-31 10:06:50 [INFO] SPY live price: $765.69  (polled @ 10:06:50 ET)
2026-08-31 10:07:20 [INFO] SPY live price: $765.70  (polled @ 10:07:20 ET)
2026-08-31 10:07:20 [INFO] Leg market value: SPY260904C00766000     qty=-100 price=$4.0300  market_value=$-40300.00  unrealized_pl=$2900.00
2026-08-31 10:07:20 [INFO] Leg market value: SPY260904C00776000     qty=100  price=$0.5700  market_value=$5700.00  unrealized_pl=$-900.00
2026-08-31 10:07:20 [INFO] Leg market value: SPY260904P00756000     qty=100  price=$1.1300  market_value=$11300.00  unrealized_pl=$800.00
2026-08-31 10:07:20 [INFO] Leg market value: SPY260904P00766000     qty=-100 price=$3.8300  market_value=$-38300.00  unrealized_pl=$-2900.00
2026-08-31 10:07:20 [INFO] Combined market value: leg_total=$-61600.00  imv=$61500.00  combined=$-100.00  pnl_pct=-0.16%
2026-08-31 10:07:50 [INFO] SPY live price: $765.62  (polled @ 10:07:50 ET)
2026-08-31 10:08:20 [INFO] Leg market value: SPY260904C00766000     qty=-100 price=$3.9500  market_value=$-39500.00  unrealized_pl=$3700.00
2026-08-31 10:08:20 [INFO] Leg market value: SPY260904C00776000     qty=100  price=$0.5600  market_value=$5600.00  unrealized_pl=$-1000.00
2026-08-31 10:08:20 [INFO] Leg market value: SPY260904P00756000     qty=100  price=$1.1700  market_value=$11700.00  unrealized_pl=$1200.00
2026-08-31 10:08:20 [INFO] Leg market value: SPY260904P00766000     qty=-100 price=$3.9200  market_value=$-39200.00  unrealized_pl=$-3800.00
2026-08-31 10:08:20 [INFO] Combined market value: leg_total=$-61400.00  imv=$61500.00  combined=$100.00  pnl_pct=0.16%
2026-08-31 10:08:20 [INFO] SPY live price: $765.52  (polled @ 10:08:20 ET)
2026-08-31 10:08:50 [INFO] SPY live price: $765.80  (polled @ 10:08:50 ET)
2026-08-31 10:09:20 [INFO] Heartbeat [Mon 10:09 ET] — trade_executed=False  open_attempted=True  |  OPEN SUBMITTED (77565f9c-e719-4086-8223-7fb63301ed23)  |  CLOSE in 05h30m39s
2026-08-31 10:09:20 [INFO] Position monitor: 4 SPY opts  pnl=$0.00  pnl_pct=0.0%
2026-08-31 10:09:20 [INFO] Leg market value: SPY260904C00766000     qty=-100 price=$3.9900  market_value=$-39900.00  unrealized_pl=$3300.00
2026-08-31 10:09:20 [INFO] Leg market value: SPY260904C00776000     qty=100  price=$0.5700  market_value=$5700.00  unrealized_pl=$-900.00
2026-08-31 10:09:20 [INFO] Leg market value: SPY260904P00756000     qty=100  price=$1.1500  market_value=$11500.00  unrealized_pl=$1000.00
2026-08-31 10:09:20 [INFO] Leg market value: SPY260904P00766000     qty=-100 price=$3.8800  market_value=$-38800.00  unrealized_pl=$-3400.00
2026-08-31 10:09:20 [INFO] Combined market value: leg_total=$-61500.00  imv=$61500.00  combined=$0.00  pnl_pct=0.00%
2026-08-31 10:09:20 [INFO] SPY live price: $765.61  (polled @ 10:09:20 ET)
2026-08-31 10:09:50 [INFO] SPY live price: $765.56  (polled @ 10:09:50 ET)
2026-08-31 10:10:20 [INFO] SPY live price: $765.44  (polled @ 10:10:20 ET)
2026-08-31 10:10:20 [INFO] Leg market value: SPY260904C00766000     qty=-100 price=$3.9000  market_value=$-39000.00  unrealized_pl=$4200.00
2026-08-31 10:10:20 [INFO] Leg market value: SPY260904C00776000     qty=100  price=$0.5400  market_value=$5400.00  unrealized_pl=$-1200.00
2026-08-31 10:10:20 [INFO] Leg market value: SPY260904P00756000     qty=100  price=$1.1900  market_value=$11900.00  unrealized_pl=$1400.00
2026-08-31 10:10:20 [INFO] Leg market value: SPY260904P00766000     qty=-100 price=$3.9600  market_value=$-39600.00  unrealized_pl=$-4200.00
2026-08-31 10:10:20 [INFO] Combined market value: leg_total=$-61300.00  imv=$61500.00  combined=$200.00  pnl_pct=0.33%
2026-08-31 10:10:50 [INFO] SPY live price: $765.44  (polled @ 10:10:50 ET)
2026-08-31 10:11:20 [INFO] Leg market value: SPY260904C00766000     qty=-100 price=$3.9700  market_value=$-39700.00  unrealized_pl=$3500.00
2026-08-31 10:11:20 [INFO] Leg market value: SPY260904C00776000     qty=100  price=$0.5600  market_value=$5600.00  unrealized_pl=$-1000.00
2026-08-31 10:11:20 [INFO] Leg market value: SPY260904P00756000     qty=100  price=$1.1600  market_value=$11600.00  unrealized_pl=$1100.00
2026-08-31 10:11:20 [INFO] Leg market value: SPY260904P00766000     qty=-100 price=$3.8900  market_value=$-38900.00  unrealized_pl=$-3500.00
2026-08-31 10:11:20 [INFO] Combined market value: leg_total=$-61400.00  imv=$61500.00  combined=$100.00  pnl_pct=0.16%
2026-08-31 10:11:20 [INFO] SPY live price: $765.58  (polled @ 10:11:20 ET)
2026-08-31 10:11:50 [INFO] SPY live price: $765.79  (polled @ 10:11:50 ET)
2026-08-31 10:12:20 [INFO] Leg market value: SPY260904C00766000     qty=-100 price=$3.9400  market_value=$-39400.00  unrealized_pl=$3800.00
2026-08-31 10:12:20 [INFO] Leg market value: SPY260904C00776000     qty=100  price=$0.5500  market_value=$5500.00  unrealized_pl=$-1100.00
2026-08-31 10:12:20 [INFO] Leg market value: SPY260904P00756000     qty=100  price=$1.1600  market_value=$11600.00  unrealized_pl=$1100.00
2026-08-31 10:12:20 [INFO] Leg market value: SPY260904P00766000     qty=-100 price=$3.9000  market_value=$-39000.00  unrealized_pl=$-3600.00
2026-08-31 10:12:20 [INFO] Combined market value: leg_total=$-61300.00  imv=$61500.00  combined=$200.00  pnl_pct=0.33%
2026-08-31 10:12:20 [INFO] SPY live price: $765.53  (polled @ 10:12:20 ET)
2026-08-31 10:12:50 [INFO] SPY live price: $765.55  (polled @ 10:12:50 ET)
2026-08-31 10:13:20 [INFO] Leg market value: SPY260904C00766000     qty=-100 price=$3.9600  market_value=$-39600.00  unrealized_pl=$3600.00
2026-08-31 10:13:20 [INFO] Leg market value: SPY260904C00776000     qty=100  price=$0.5500  market_value=$5500.00  unrealized_pl=$-1100.00
2026-08-31 10:13:20 [INFO] Leg market value: SPY260904P00756000     qty=100  price=$1.1400  market_value=$11400.00  unrealized_pl=$900.00
2026-08-31 10:13:20 [INFO] Leg market value: SPY260904P00766000     qty=-100 price=$3.8500  market_value=$-38500.00  unrealized_pl=$-3100.00
2026-08-31 10:13:20 [INFO] Combined market value: leg_total=$-61200.00  imv=$61500.00  combined=$300.00  pnl_pct=0.49%
2026-08-31 10:13:20 [INFO] SPY live price: $765.60  (polled @ 10:13:20 ET)
2026-08-31 10:13:50 [INFO] SPY live price: $765.64  (polled @ 10:13:50 ET)
2026-08-31 10:14:20 [INFO] Heartbeat [Mon 10:14 ET] — trade_executed=False  open_attempted=True  |  OPEN SUBMITTED (77565f9c-e719-4086-8223-7fb63301ed23)  |  CLOSE in 05h25m39s
2026-08-31 10:14:20 [INFO] SPY live price: $765.67  (polled @ 10:14:20 ET)
2026-08-31 10:14:20 [INFO] Leg market value: SPY260904C00766000     qty=-100 price=$3.9900  market_value=$-39900.00  unrealized_pl=$3300.00
2026-08-31 10:14:20 [INFO] Leg market value: SPY260904C00776000     qty=100  price=$0.5600  market_value=$5600.00  unrealized_pl=$-1000.00
2026-08-31 10:14:20 [INFO] Leg market value: SPY260904P00756000     qty=100  price=$1.1200  market_value=$11200.00  unrealized_pl=$700.00
2026-08-31 10:14:20 [INFO] Leg market value: SPY260904P00766000     qty=-100 price=$3.8000  market_value=$-38000.00  unrealized_pl=$-2600.00
2026-08-31 10:14:20 [INFO] Combined market value: leg_total=$-61100.00  imv=$61500.00  combined=$400.00  pnl_pct=0.65%
2026-08-31 10:14:20 [INFO] Position monitor: 4 SPY opts  pnl=$400.00  pnl_pct=0.6%
2026-08-31 10:14:50 [INFO] SPY live price: $765.85  (polled @ 10:14:50 ET)
2026-08-31 10:15:20 [INFO] Leg market value: SPY260904C00766000     qty=-100 price=$4.0300  market_value=$-40300.00  unrealized_pl=$2900.00
2026-08-31 10:15:20 [INFO] Leg market value: SPY260904C00776000     qty=100  price=$0.5700  market_value=$5700.00  unrealized_pl=$-900.00
2026-08-31 10:15:20 [INFO] Leg market value: SPY260904P00756000     qty=100  price=$1.1000  market_value=$11000.00  unrealized_pl=$500.00
2026-08-31 10:15:20 [INFO] Leg market value: SPY260904P00766000     qty=-100 price=$3.7500  market_value=$-37500.00  unrealized_pl=$-2100.00
2026-08-31 10:15:20 [INFO] Combined market value: leg_total=$-61100.00  imv=$61500.00  combined=$400.00  pnl_pct=0.65%
2026-08-31 10:15:20 [INFO] SPY live price: $765.76  (polled @ 10:15:20 ET)
2026-08-31 10:15:50 [INFO] SPY live price: $765.81  (polled @ 10:15:50 ET)
2026-08-31 10:16:20 [INFO] Leg market value: SPY260904C00766000     qty=-100 price=$4.0200  market_value=$-40200.00  unrealized_pl=$3000.00
2026-08-31 10:16:20 [INFO] Leg market value: SPY260904C00776000     qty=100  price=$0.5600  market_value=$5600.00  unrealized_pl=$-1000.00
2026-08-31 10:16:20 [INFO] Leg market value: SPY260904P00756000     qty=100  price=$1.0900  market_value=$10900.00  unrealized_pl=$400.00
2026-08-31 10:16:20 [INFO] Leg market value: SPY260904P00766000     qty=-100 price=$3.7500  market_value=$-37500.00  unrealized_pl=$-2100.00
2026-08-31 10:16:20 [INFO] Combined market value: leg_total=$-61200.00  imv=$61500.00  combined=$300.00  pnl_pct=0.49%
2026-08-31 10:16:20 [INFO] SPY live price: $765.76  (polled @ 10:16:20 ET)
2026-08-31 10:16:50 [INFO] SPY live price: $765.74  (polled @ 10:16:50 ET)
2026-08-31 10:17:20 [INFO] Leg market value: SPY260904C00766000     qty=-100 price=$4.0500  market_value=$-40500.00  unrealized_pl=$2700.00
2026-08-31 10:17:20 [INFO] Leg market value: SPY260904C00776000     qty=100  price=$0.5700  market_value=$5700.00  unrealized_pl=$-900.00
2026-08-31 10:17:20 [INFO] Leg market value: SPY260904P00756000     qty=100  price=$1.0900  market_value=$10900.00  unrealized_pl=$400.00
2026-08-31 10:17:20 [INFO] Leg market value: SPY260904P00766000     qty=-100 price=$3.7300  market_value=$-37300.00  unrealized_pl=$-1900.00
2026-08-31 10:17:20 [INFO] Combined market value: leg_total=$-61200.00  imv=$61500.00  combined=$300.00  pnl_pct=0.49%
2026-08-31 10:17:20 [INFO] SPY live price: $765.82  (polled @ 10:17:20 ET)
2026-08-31 10:17:50 [INFO] SPY live price: $765.80  (polled @ 10:17:50 ET)
2026-08-31 10:18:20 [INFO] SPY live price: $766.00  (polled @ 10:18:20 ET)
2026-08-31 10:18:35 [INFO] Leg market value: SPY260904C00766000     qty=-100 price=$4.1300  market_value=$-41300.00  unrealized_pl=$1900.00
2026-08-31 10:18:35 [INFO] Leg market value: SPY260904C00776000     qty=100  price=$0.5900  market_value=$5900.00  unrealized_pl=$-700.00
2026-08-31 10:18:35 [INFO] Leg market value: SPY260904P00756000     qty=100  price=$1.0500  market_value=$10500.00  unrealized_pl=$0.00
2026-08-31 10:18:35 [INFO] Leg market value: SPY260904P00766000     qty=-100 price=$3.6300  market_value=$-36300.00  unrealized_pl=$-900.00
2026-08-31 10:18:35 [INFO] Combined market value: leg_total=$-61200.00  imv=$61500.00  combined=$300.00  pnl_pct=0.49%
2026-08-31 10:18:50 [INFO] SPY live price: $765.68  (polled @ 10:18:50 ET)
2026-08-31 10:19:20 [INFO] Heartbeat [Mon 10:19 ET] — trade_executed=False  open_attempted=True  |  OPEN SUBMITTED (77565f9c-e719-4086-8223-7fb63301ed23)  |  CLOSE in 05h20m39s
2026-08-31 10:19:20 [INFO] Position monitor: 4 SPY opts  pnl=$500.00  pnl_pct=0.8%
2026-08-31 10:19:20 [INFO] SPY live price: $765.73  (polled @ 10:19:20 ET)
2026-08-31 10:19:35 [INFO] Leg market value: SPY260904C00766000     qty=-100 price=$4.0800  market_value=$-40800.00  unrealized_pl=$2400.00
2026-08-31 10:19:35 [INFO] Leg market value: SPY260904C00776000     qty=100  price=$0.5700  market_value=$5700.00  unrealized_pl=$-900.00
2026-08-31 10:19:35 [INFO] Leg market value: SPY260904P00756000     qty=100  price=$1.0700  market_value=$10700.00  unrealized_pl=$200.00
2026-08-31 10:19:35 [INFO] Leg market value: SPY260904P00766000     qty=-100 price=$3.6800  market_value=$-36800.00  unrealized_pl=$-1400.00
2026-08-31 10:19:35 [INFO] Combined market value: leg_total=$-61200.00  imv=$61500.00  combined=$300.00  pnl_pct=0.49%
2026-08-31 10:19:50 [INFO] SPY live price: $765.98  (polled @ 10:19:50 ET)
2026-08-31 10:20:20 [INFO] SPY live price: $765.84  (polled @ 10:20:20 ET)
2026-08-31 10:20:35 [INFO] Leg market value: SPY260904C00766000     qty=-100 price=$4.0100  market_value=$-40100.00  unrealized_pl=$3100.00
2026-08-31 10:20:35 [INFO] Leg market value: SPY260904C00776000     qty=100  price=$0.5600  market_value=$5600.00  unrealized_pl=$-1000.00
2026-08-31 10:20:35 [INFO] Leg market value: SPY260904P00756000     qty=100  price=$1.0900  market_value=$10900.00  unrealized_pl=$400.00
2026-08-31 10:20:35 [INFO] Leg market value: SPY260904P00766000     qty=-100 price=$3.7300  market_value=$-37300.00  unrealized_pl=$-1900.00
2026-08-31 10:20:35 [INFO] Combined market value: leg_total=$-60900.00  imv=$61500.00  combined=$600.00  pnl_pct=0.98%
2026-08-31 10:20:50 [INFO] SPY live price: $765.72  (polled @ 10:20:50 ET)
2026-08-31 10:21:20 [INFO] SPY live price: $765.82  (polled @ 10:21:20 ET)
2026-08-31 10:21:35 [INFO] Leg market value: SPY260904C00766000     qty=-100 price=$4.0400  market_value=$-40400.00  unrealized_pl=$2800.00
2026-08-31 10:21:35 [INFO] Leg market value: SPY260904C00776000     qty=100  price=$0.5600  market_value=$5600.00  unrealized_pl=$-1000.00
2026-08-31 10:21:35 [INFO] Leg market value: SPY260904P00756000     qty=100  price=$1.0600  market_value=$10600.00  unrealized_pl=$100.00
2026-08-31 10:21:35 [INFO] Leg market value: SPY260904P00766000     qty=-100 price=$3.6800  market_value=$-36800.00  unrealized_pl=$-1400.00
2026-08-31 10:21:35 [INFO] Combined market value: leg_total=$-61000.00  imv=$61500.00  combined=$500.00  pnl_pct=0.81%
2026-08-31 10:21:50 [INFO] SPY live price: $765.97  (polled @ 10:21:50 ET)
2026-08-31 10:22:20 [INFO] SPY live price: $765.94  (polled @ 10:22:20 ET)
2026-08-31 10:22:35 [INFO] Leg market value: SPY260904C00766000     qty=-100 price=$4.0200  market_value=$-40200.00  unrealized_pl=$3000.00
2026-08-31 10:22:35 [INFO] Leg market value: SPY260904C00776000     qty=100  price=$0.5600  market_value=$5600.00  unrealized_pl=$-1000.00
2026-08-31 10:22:35 [INFO] Leg market value: SPY260904P00756000     qty=100  price=$1.0600  market_value=$10600.00  unrealized_pl=$100.00
2026-08-31 10:22:35 [INFO] Leg market value: SPY260904P00766000     qty=-100 price=$3.6800  market_value=$-36800.00  unrealized_pl=$-1400.00
2026-08-31 10:22:35 [INFO] Combined market value: leg_total=$-60800.00  imv=$61500.00  combined=$700.00  pnl_pct=1.14%
2026-08-31 10:22:50 [INFO] SPY live price: $765.69  (polled @ 10:22:50 ET)
2026-08-31 10:23:20 [INFO] SPY live price: $765.36  (polled @ 10:23:20 ET)
2026-08-31 10:23:35 [INFO] Leg market value: SPY260904C00766000     qty=-100 price=$3.7700  market_value=$-37700.00  unrealized_pl=$5500.00
2026-08-31 10:23:35 [INFO] Leg market value: SPY260904C00776000     qty=100  price=$0.5100  market_value=$5100.00  unrealized_pl=$-1500.00
2026-08-31 10:23:35 [INFO] Leg market value: SPY260904P00756000     qty=100  price=$1.1900  market_value=$11900.00  unrealized_pl=$1400.00
2026-08-31 10:23:35 [INFO] Leg market value: SPY260904P00766000     qty=-100 price=$4.0300  market_value=$-40300.00  unrealized_pl=$-4900.00
2026-08-31 10:23:35 [INFO] Combined market value: leg_total=$-61000.00  imv=$61500.00  combined=$500.00  pnl_pct=0.81%
2026-08-31 10:23:50 [INFO] SPY live price: $765.32  (polled @ 10:23:50 ET)
2026-08-31 10:24:20 [INFO] Heartbeat [Mon 10:24 ET] — trade_executed=False  open_attempted=True  |  OPEN SUBMITTED (77565f9c-e719-4086-8223-7fb63301ed23)  |  CLOSE in 05h15m39s
2026-08-31 10:24:20 [INFO] Position monitor: 4 SPY opts  pnl=$400.00  pnl_pct=0.6%
2026-08-31 10:24:20 [INFO] SPY live price: $765.24  (polled @ 10:24:20 ET)
2026-08-31 10:24:35 [INFO] Leg market value: SPY260904C00766000     qty=-100 price=$3.7600  market_value=$-37600.00  unrealized_pl=$5600.00
2026-08-31 10:24:35 [INFO] Leg market value: SPY260904C00776000     qty=100  price=$0.5000  market_value=$5000.00  unrealized_pl=$-1600.00
2026-08-31 10:24:35 [INFO] Leg market value: SPY260904P00756000     qty=100  price=$1.1900  market_value=$11900.00  unrealized_pl=$1400.00
2026-08-31 10:24:35 [INFO] Leg market value: SPY260904P00766000     qty=-100 price=$4.0500  market_value=$-40500.00  unrealized_pl=$-5100.00
2026-08-31 10:24:35 [INFO] Combined market value: leg_total=$-61200.00  imv=$61500.00  combined=$300.00  pnl_pct=0.49%
2026-08-31 10:24:50 [INFO] SPY live price: $765.18  (polled @ 10:24:50 ET)
2026-08-31 10:25:20 [INFO] SPY live price: $764.88  (polled @ 10:25:20 ET)
2026-08-31 10:25:35 [INFO] Leg market value: SPY260904C00766000     qty=-100 price=$3.6000  market_value=$-36000.00  unrealized_pl=$7200.00
2026-08-31 10:25:35 [INFO] Leg market value: SPY260904C00776000     qty=100  price=$0.4800  market_value=$4800.00  unrealized_pl=$-1800.00
2026-08-31 10:25:35 [INFO] Leg market value: SPY260904P00756000     qty=100  price=$1.2700  market_value=$12700.00  unrealized_pl=$2200.00
2026-08-31 10:25:35 [INFO] Leg market value: SPY260904P00766000     qty=-100 price=$4.2500  market_value=$-42500.00  unrealized_pl=$-7100.00
2026-08-31 10:25:35 [INFO] Combined market value: leg_total=$-61000.00  imv=$61500.00  combined=$500.00  pnl_pct=0.81%
2026-08-31 10:25:50 [INFO] SPY live price: $764.80  (polled @ 10:25:50 ET)
2026-08-31 10:26:20 [INFO] SPY live price: $764.90  (polled @ 10:26:20 ET)
2026-08-31 10:26:35 [INFO] Leg market value: SPY260904C00766000     qty=-100 price=$3.5800  market_value=$-35800.00  unrealized_pl=$7400.00
2026-08-31 10:26:35 [INFO] Leg market value: SPY260904C00776000     qty=100  price=$0.4700  market_value=$4700.00  unrealized_pl=$-1900.00
2026-08-31 10:26:35 [INFO] Leg market value: SPY260904P00756000     qty=100  price=$1.2800  market_value=$12800.00  unrealized_pl=$2300.00
2026-08-31 10:26:35 [INFO] Leg market value: SPY260904P00766000     qty=-100 price=$4.2700  market_value=$-42700.00  unrealized_pl=$-7300.00
2026-08-31 10:26:35 [INFO] Combined market value: leg_total=$-61000.00  imv=$61500.00  combined=$500.00  pnl_pct=0.81%
2026-08-31 10:26:50 [INFO] SPY live price: $764.85  (polled @ 10:26:50 ET)
2026-08-31 10:27:20 [INFO] SPY live price: $764.76  (polled @ 10:27:20 ET)
2026-08-31 10:27:35 [INFO] Leg market value: SPY260904C00766000     qty=-100 price=$3.5900  market_value=$-35900.00  unrealized_pl=$7300.00
2026-08-31 10:27:35 [INFO] Leg market value: SPY260904C00776000     qty=100  price=$0.4700  market_value=$4700.00  unrealized_pl=$-1900.00
2026-08-31 10:27:35 [INFO] Leg market value: SPY260904P00756000     qty=100  price=$1.2700  market_value=$12700.00  unrealized_pl=$2200.00
2026-08-31 10:27:35 [INFO] Leg market value: SPY260904P00766000     qty=-100 price=$4.2600  market_value=$-42600.00  unrealized_pl=$-7200.00
2026-08-31 10:27:35 [INFO] Combined market value: leg_total=$-61100.00  imv=$61500.00  combined=$400.00  pnl_pct=0.65%
2026-08-31 10:27:50 [INFO] SPY live price: $764.78  (polled @ 10:27:50 ET)
2026-08-31 10:28:20 [INFO] SPY live price: $765.01  (polled @ 10:28:20 ET)
2026-08-31 10:28:35 [INFO] Leg market value: SPY260904C00766000     qty=-100 price=$3.6400  market_value=$-36400.00  unrealized_pl=$6800.00
2026-08-31 10:28:35 [INFO] Leg market value: SPY260904C00776000     qty=100  price=$0.4800  market_value=$4800.00  unrealized_pl=$-1800.00
2026-08-31 10:28:35 [INFO] Leg market value: SPY260904P00756000     qty=100  price=$1.2300  market_value=$12300.00  unrealized_pl=$1800.00
2026-08-31 10:28:35 [INFO] Leg market value: SPY260904P00766000     qty=-100 price=$4.1600  market_value=$-41600.00  unrealized_pl=$-6200.00
2026-08-31 10:28:35 [INFO] Combined market value: leg_total=$-60900.00  imv=$61500.00  combined=$600.00  pnl_pct=0.98%
2026-08-31 10:28:50 [INFO] SPY live price: $764.98  (polled @ 10:28:50 ET)
2026-08-31 10:29:20 [INFO] Heartbeat [Mon 10:29 ET] — trade_executed=False  open_attempted=True  |  OPEN SUBMITTED (77565f9c-e719-4086-8223-7fb63301ed23)  |  CLOSE in 05h10m39s
2026-08-31 10:29:20 [INFO] Position monitor: 4 SPY opts  pnl=$700.00  pnl_pct=1.1%
2026-08-31 10:29:20 [INFO] SPY live price: $764.80  (polled @ 10:29:20 ET)
2026-08-31 10:29:35 [INFO] Leg market value: SPY260904C00766000     qty=-100 price=$3.6200  market_value=$-36200.00  unrealized_pl=$7000.00
2026-08-31 10:29:35 [INFO] Leg market value: SPY260904C00776000     qty=100  price=$0.4800  market_value=$4800.00  unrealized_pl=$-1800.00
2026-08-31 10:29:35 [INFO] Leg market value: SPY260904P00756000     qty=100  price=$1.2500  market_value=$12500.00  unrealized_pl=$2000.00
2026-08-31 10:29:35 [INFO] Leg market value: SPY260904P00766000     qty=-100 price=$4.1900  market_value=$-41900.00  unrealized_pl=$-6500.00
2026-08-31 10:29:35 [INFO] Combined market value: leg_total=$-60800.00  imv=$61500.00  combined=$700.00  pnl_pct=1.14%
2026-08-31 10:29:50 [INFO] SPY live price: $764.93  (polled @ 10:29:50 ET)
2026-08-31 10:30:20 [INFO] SPY live price: $764.93  (polled @ 10:30:20 ET)
2026-08-31 10:30:35 [INFO] Leg market value: SPY260904C00766000     qty=-100 price=$3.6700  market_value=$-36700.00  unrealized_pl=$6500.00
2026-08-31 10:30:35 [INFO] Leg market value: SPY260904C00776000     qty=100  price=$0.4900  market_value=$4900.00  unrealized_pl=$-1700.00
2026-08-31 10:30:35 [INFO] Leg market value: SPY260904P00756000     qty=100  price=$1.2200  market_value=$12200.00  unrealized_pl=$1700.00
2026-08-31 10:30:35 [INFO] Leg market value: SPY260904P00766000     qty=-100 price=$4.1200  market_value=$-41200.00  unrealized_pl=$-5800.00
2026-08-31 10:30:35 [INFO] Combined market value: leg_total=$-60800.00  imv=$61500.00  combined=$700.00  pnl_pct=1.14%
2026-08-31 10:30:50 [INFO] SPY live price: $765.04  (polled @ 10:30:50 ET)
2026-08-31 10:31:20 [INFO] SPY live price: $765.05  (polled @ 10:31:20 ET)
2026-08-31 10:31:35 [INFO] Leg market value: SPY260904C00766000     qty=-100 price=$3.6300  market_value=$-36300.00  unrealized_pl=$6900.00
2026-08-31 10:31:35 [INFO] Leg market value: SPY260904C00776000     qty=100  price=$0.4800  market_value=$4800.00  unrealized_pl=$-1800.00
2026-08-31 10:31:35 [INFO] Leg market value: SPY260904P00756000     qty=100  price=$1.2400  market_value=$12400.00  unrealized_pl=$1900.00
2026-08-31 10:31:35 [INFO] Leg market value: SPY260904P00766000     qty=-100 price=$4.1500  market_value=$-41500.00  unrealized_pl=$-6100.00
2026-08-31 10:31:35 [INFO] Combined market value: leg_total=$-60600.00  imv=$61500.00  combined=$900.00  pnl_pct=1.46%
2026-08-31 10:31:50 [INFO] SPY live price: $764.86  (polled @ 10:31:50 ET)
2026-08-31 10:32:20 [INFO] SPY live price: $764.85  (polled @ 10:32:20 ET)
2026-08-31 10:32:35 [INFO] Leg market value: SPY260904C00766000     qty=-100 price=$3.6000  market_value=$-36000.00  unrealized_pl=$7200.00
2026-08-31 10:32:35 [INFO] Leg market value: SPY260904C00776000     qty=100  price=$0.4800  market_value=$4800.00  unrealized_pl=$-1800.00
2026-08-31 10:32:35 [INFO] Leg market value: SPY260904P00756000     qty=100  price=$1.2600  market_value=$12600.00  unrealized_pl=$2100.00
2026-08-31 10:32:35 [INFO] Leg market value: SPY260904P00766000     qty=-100 price=$4.2100  market_value=$-42100.00  unrealized_pl=$-6700.00
2026-08-31 10:32:35 [INFO] Combined market value: leg_total=$-60700.00  imv=$61500.00  combined=$800.00  pnl_pct=1.30%
2026-08-31 10:32:50 [INFO] SPY live price: $764.99  (polled @ 10:32:50 ET)
2026-08-31 10:33:20 [INFO] SPY live price: $764.98  (polled @ 10:33:20 ET)
2026-08-31 10:33:35 [INFO] Leg market value: SPY260904C00766000     qty=-100 price=$3.6400  market_value=$-36400.00  unrealized_pl=$6800.00
2026-08-31 10:33:35 [INFO] Leg market value: SPY260904C00776000     qty=100  price=$0.4800  market_value=$4800.00  unrealized_pl=$-1800.00
2026-08-31 10:33:35 [INFO] Leg market value: SPY260904P00756000     qty=100  price=$1.2400  market_value=$12400.00  unrealized_pl=$1900.00
2026-08-31 10:33:35 [INFO] Leg market value: SPY260904P00766000     qty=-100 price=$4.1500  market_value=$-41500.00  unrealized_pl=$-6100.00
2026-08-31 10:33:35 [INFO] Combined market value: leg_total=$-60700.00  imv=$61500.00  combined=$800.00  pnl_pct=1.30%
2026-08-31 10:33:50 [INFO] SPY live price: $765.00  (polled @ 10:33:50 ET)
2026-08-31 10:34:20 [INFO] Heartbeat [Mon 10:34 ET] — trade_executed=False  open_attempted=True  |  OPEN SUBMITTED (77565f9c-e719-4086-8223-7fb63301ed23)  |  CLOSE in 05h05m39s
2026-08-31 10:34:20 [INFO] Position monitor: 4 SPY opts  pnl=$1000.00  pnl_pct=1.6%
2026-08-31 10:34:20 [INFO] SPY live price: $764.92  (polled @ 10:34:20 ET)
2026-08-31 10:34:35 [INFO] Leg market value: SPY260904C00766000     qty=-100 price=$3.6000  market_value=$-36000.00  unrealized_pl=$7200.00
2026-08-31 10:34:35 [INFO] Leg market value: SPY260904C00776000     qty=100  price=$0.4700  market_value=$4700.00  unrealized_pl=$-1900.00
2026-08-31 10:34:35 [INFO] Leg market value: SPY260904P00756000     qty=100  price=$1.2500  market_value=$12500.00  unrealized_pl=$2000.00
2026-08-31 10:34:35 [INFO] Leg market value: SPY260904P00766000     qty=-100 price=$4.1900  market_value=$-41900.00  unrealized_pl=$-6500.00
2026-08-31 10:34:35 [INFO] Combined market value: leg_total=$-60700.00  imv=$61500.00  combined=$800.00  pnl_pct=1.30%
2026-08-31 10:34:51 [INFO] SPY live price: $764.84  (polled @ 10:34:51 ET)
2026-08-31 10:35:20 [INFO] SPY live price: $765.00  (polled @ 10:35:20 ET)
2026-08-31 10:35:35 [INFO] Leg market value: SPY260904C00766000     qty=-100 price=$3.6500  market_value=$-36500.00  unrealized_pl=$6700.00
2026-08-31 10:35:35 [INFO] Leg market value: SPY260904C00776000     qty=100  price=$0.4800  market_value=$4800.00  unrealized_pl=$-1800.00
2026-08-31 10:35:35 [INFO] Leg market value: SPY260904P00756000     qty=100  price=$1.2300  market_value=$12300.00  unrealized_pl=$1800.00
2026-08-31 10:35:35 [INFO] Leg market value: SPY260904P00766000     qty=-100 price=$4.1300  market_value=$-41300.00  unrealized_pl=$-5900.00
2026-08-31 10:35:35 [INFO] Combined market value: leg_total=$-60700.00  imv=$61500.00  combined=$800.00  pnl_pct=1.30%
2026-08-31 10:35:50 [INFO] SPY live price: $765.20  (polled @ 10:35:50 ET)
2026-08-31 10:36:20 [INFO] SPY live price: $765.42  (polled @ 10:36:20 ET)
2026-08-31 10:36:35 [INFO] Leg market value: SPY260904C00766000     qty=-100 price=$3.9000  market_value=$-39000.00  unrealized_pl=$4200.00
2026-08-31 10:36:35 [INFO] Leg market value: SPY260904C00776000     qty=100  price=$0.5300  market_value=$5300.00  unrealized_pl=$-1300.00
2026-08-31 10:36:35 [INFO] Leg market value: SPY260904P00756000     qty=100  price=$1.1300  market_value=$11300.00  unrealized_pl=$800.00
2026-08-31 10:36:35 [INFO] Leg market value: SPY260904P00766000     qty=-100 price=$3.8400  market_value=$-38400.00  unrealized_pl=$-3000.00
2026-08-31 10:36:35 [INFO] Combined market value: leg_total=$-60800.00  imv=$61500.00  combined=$700.00  pnl_pct=1.14%
2026-08-31 10:36:51 [INFO] SPY live price: $765.51  (polled @ 10:36:51 ET)
2026-08-31 10:37:20 [INFO] SPY live price: $765.61  (polled @ 10:37:20 ET)
2026-08-31 10:37:36 [INFO] Leg market value: SPY260904C00766000     qty=-100 price=$3.9900  market_value=$-39900.00  unrealized_pl=$3300.00
2026-08-31 10:37:36 [INFO] Leg market value: SPY260904C00776000     qty=100  price=$0.5500  market_value=$5500.00  unrealized_pl=$-1100.00
2026-08-31 10:37:36 [INFO] Leg market value: SPY260904P00756000     qty=100  price=$1.0900  market_value=$10900.00  unrealized_pl=$400.00
2026-08-31 10:37:36 [INFO] Leg market value: SPY260904P00766000     qty=-100 price=$3.7400  market_value=$-37400.00  unrealized_pl=$-2000.00
2026-08-31 10:37:36 [INFO] Combined market value: leg_total=$-60900.00  imv=$61500.00  combined=$600.00  pnl_pct=0.98%
2026-08-31 10:37:51 [INFO] SPY live price: $765.63  (polled @ 10:37:51 ET)
2026-08-31 10:38:21 [INFO] SPY live price: $765.65  (polled @ 10:38:21 ET)
2026-08-31 10:38:36 [INFO] Leg market value: SPY260904C00766000     qty=-100 price=$3.9500  market_value=$-39500.00  unrealized_pl=$3700.00
2026-08-31 10:38:36 [INFO] Leg market value: SPY260904C00776000     qty=100  price=$0.5400  market_value=$5400.00  unrealized_pl=$-1200.00
2026-08-31 10:38:36 [INFO] Leg market value: SPY260904P00756000     qty=100  price=$1.1000  market_value=$11000.00  unrealized_pl=$500.00
2026-08-31 10:38:36 [INFO] Leg market value: SPY260904P00766000     qty=-100 price=$3.7800  market_value=$-37800.00  unrealized_pl=$-2400.00
2026-08-31 10:38:36 [INFO] Combined market value: leg_total=$-60900.00  imv=$61500.00  combined=$600.00  pnl_pct=0.98%
2026-08-31 10:38:51 [INFO] SPY live price: $765.62  (polled @ 10:38:51 ET)
2026-08-31 10:39:20 [INFO] Heartbeat [Mon 10:39 ET] — trade_executed=False  open_attempted=True  |  OPEN SUBMITTED (77565f9c-e719-4086-8223-7fb63301ed23)  |  CLOSE in 05h00m39s
2026-08-31 10:39:21 [INFO] Position monitor: 4 SPY opts  pnl=$800.00  pnl_pct=1.3%
2026-08-31 10:39:21 [INFO] SPY live price: $765.58  (polled @ 10:39:21 ET)
2026-08-31 10:39:36 [INFO] Leg market value: SPY260904C00766000     qty=-100 price=$3.9300  market_value=$-39300.00  unrealized_pl=$3900.00
2026-08-31 10:39:36 [INFO] Leg market value: SPY260904C00776000     qty=100  price=$0.5300  market_value=$5300.00  unrealized_pl=$-1300.00
2026-08-31 10:39:36 [INFO] Leg market value: SPY260904P00756000     qty=100  price=$1.1100  market_value=$11100.00  unrealized_pl=$600.00
2026-08-31 10:39:36 [INFO] Leg market value: SPY260904P00766000     qty=-100 price=$3.8000  market_value=$-38000.00  unrealized_pl=$-2600.00
2026-08-31 10:39:36 [INFO] Combined market value: leg_total=$-60900.00  imv=$61500.00  combined=$600.00  pnl_pct=0.98%
2026-08-31 10:39:51 [INFO] SPY live price: $765.53  (polled @ 10:39:51 ET)
2026-08-31 10:40:21 [INFO] SPY live price: $765.72  (polled @ 10:40:21 ET)
2026-08-31 10:40:36 [INFO] Leg market value: SPY260904C00766000     qty=-100 price=$4.0300  market_value=$-40300.00  unrealized_pl=$2900.00
2026-08-31 10:40:36 [INFO] Leg market value: SPY260904C00776000     qty=100  price=$0.5600  market_value=$5600.00  unrealized_pl=$-1000.00
2026-08-31 10:40:36 [INFO] Leg market value: SPY260904P00756000     qty=100  price=$1.0700  market_value=$10700.00  unrealized_pl=$200.00
2026-08-31 10:40:36 [INFO] Leg market value: SPY260904P00766000     qty=-100 price=$3.7000  market_value=$-37000.00  unrealized_pl=$-1600.00
2026-08-31 10:40:36 [INFO] Combined market value: leg_total=$-61000.00  imv=$61500.00  combined=$500.00  pnl_pct=0.81%
2026-08-31 10:40:51 [INFO] SPY live price: $765.75  (polled @ 10:40:51 ET)
2026-08-31 10:41:21 [INFO] SPY live price: $765.80  (polled @ 10:41:21 ET)
2026-08-31 10:41:36 [INFO] Leg market value: SPY260904C00766000     qty=-100 price=$4.0700  market_value=$-40700.00  unrealized_pl=$2500.00
2026-08-31 10:41:36 [INFO] Leg market value: SPY260904C00776000     qty=100  price=$0.5700  market_value=$5700.00  unrealized_pl=$-900.00
2026-08-31 10:41:36 [INFO] Leg market value: SPY260904P00756000     qty=100  price=$1.0600  market_value=$10600.00  unrealized_pl=$100.00
2026-08-31 10:41:36 [INFO] Leg market value: SPY260904P00766000     qty=-100 price=$3.6500  market_value=$-36500.00  unrealized_pl=$-1100.00
2026-08-31 10:41:36 [INFO] Combined market value: leg_total=$-60900.00  imv=$61500.00  combined=$600.00  pnl_pct=0.98%
2026-08-31 10:41:51 [INFO] SPY live price: $765.93  (polled @ 10:41:51 ET)
2026-08-31 10:42:21 [INFO] SPY live price: $765.86  (polled @ 10:42:21 ET)
2026-08-31 10:42:36 [INFO] Leg market value: SPY260904C00766000     qty=-100 price=$4.1100  market_value=$-41100.00  unrealized_pl=$2100.00
2026-08-31 10:42:36 [INFO] Leg market value: SPY260904C00776000     qty=100  price=$0.5800  market_value=$5800.00  unrealized_pl=$-800.00
2026-08-31 10:42:36 [INFO] Leg market value: SPY260904P00756000     qty=100  price=$1.0500  market_value=$10500.00  unrealized_pl=$0.00
2026-08-31 10:42:36 [INFO] Leg market value: SPY260904P00766000     qty=-100 price=$3.6200  market_value=$-36200.00  unrealized_pl=$-800.00
2026-08-31 10:42:36 [INFO] Combined market value: leg_total=$-61000.00  imv=$61500.00  combined=$500.00  pnl_pct=0.81%
2026-08-31 10:42:51 [INFO] SPY live price: $766.06  (polled @ 10:42:51 ET)
2026-08-31 10:43:21 [INFO] SPY live price: $766.00  (polled @ 10:43:21 ET)
2026-08-31 10:43:36 [INFO] Leg market value: SPY260904C00766000     qty=-100 price=$4.0500  market_value=$-40500.00  unrealized_pl=$2700.00
2026-08-31 10:43:36 [INFO] Leg market value: SPY260904C00776000     qty=100  price=$0.5600  market_value=$5600.00  unrealized_pl=$-1000.00
2026-08-31 10:43:36 [INFO] Leg market value: SPY260904P00756000     qty=100  price=$1.0600  market_value=$10600.00  unrealized_pl=$100.00
2026-08-31 10:43:36 [INFO] Leg market value: SPY260904P00766000     qty=-100 price=$3.6600  market_value=$-36600.00  unrealized_pl=$-1200.00
2026-08-31 10:43:36 [INFO] Combined market value: leg_total=$-60900.00  imv=$61500.00  combined=$600.00  pnl_pct=0.98%
2026-08-31 10:43:51 [INFO] SPY live price: $765.89  (polled @ 10:43:51 ET)
2026-08-31 10:44:21 [INFO] Heartbeat [Mon 10:44 ET] — trade_executed=False  open_attempted=True  |  OPEN SUBMITTED (77565f9c-e719-4086-8223-7fb63301ed23)  |  CLOSE in 04h55m38s
2026-08-31 10:44:21 [INFO] Position monitor: 4 SPY opts  pnl=$700.00  pnl_pct=1.1%
2026-08-31 10:44:21 [INFO] SPY live price: $765.83  (polled @ 10:44:21 ET)
2026-08-31 10:44:36 [INFO] Leg market value: SPY260904C00766000     qty=-100 price=$4.0000  market_value=$-40000.00  unrealized_pl=$3200.00
2026-08-31 10:44:36 [INFO] Leg market value: SPY260904C00776000     qty=100  price=$0.5500  market_value=$5500.00  unrealized_pl=$-1100.00
2026-08-31 10:44:36 [INFO] Leg market value: SPY260904P00756000     qty=100  price=$1.0700  market_value=$10700.00  unrealized_pl=$200.00
2026-08-31 10:44:36 [INFO] Leg market value: SPY260904P00766000     qty=-100 price=$3.7000  market_value=$-37000.00  unrealized_pl=$-1600.00
2026-08-31 10:44:36 [INFO] Combined market value: leg_total=$-60800.00  imv=$61500.00  combined=$700.00  pnl_pct=1.14%
2026-08-31 10:44:51 [INFO] SPY live price: $765.73  (polled @ 10:44:51 ET)
2026-08-31 10:45:21 [INFO] SPY live price: $765.61  (polled @ 10:45:21 ET)
2026-08-31 10:45:36 [INFO] Leg market value: SPY260904C00766000     qty=-100 price=$3.9100  market_value=$-39100.00  unrealized_pl=$4100.00
2026-08-31 10:45:36 [INFO] Leg market value: SPY260904C00776000     qty=100  price=$0.5300  market_value=$5300.00  unrealized_pl=$-1300.00
2026-08-31 10:45:36 [INFO] Leg market value: SPY260904P00756000     qty=100  price=$1.1000  market_value=$11000.00  unrealized_pl=$500.00
2026-08-31 10:45:36 [INFO] Leg market value: SPY260904P00766000     qty=-100 price=$3.7700  market_value=$-37700.00  unrealized_pl=$-2300.00
2026-08-31 10:45:36 [INFO] Combined market value: leg_total=$-60500.00  imv=$61500.00  combined=$1000.00  pnl_pct=1.63%
2026-08-31 10:45:51 [INFO] SPY live price: $765.75  (polled @ 10:45:51 ET)
2026-08-31 10:46:21 [INFO] SPY live price: $765.77  (polled @ 10:46:21 ET)
2026-08-31 10:46:36 [INFO] Leg market value: SPY260904C00766000     qty=-100 price=$3.9100  market_value=$-39100.00  unrealized_pl=$4100.00
2026-08-31 10:46:36 [INFO] Leg market value: SPY260904C00776000     qty=100  price=$0.5200  market_value=$5200.00  unrealized_pl=$-1400.00
2026-08-31 10:46:36 [INFO] Leg market value: SPY260904P00756000     qty=100  price=$1.0900  market_value=$10900.00  unrealized_pl=$400.00
2026-08-31 10:46:36 [INFO] Leg market value: SPY260904P00766000     qty=-100 price=$3.7700  market_value=$-37700.00  unrealized_pl=$-2300.00
2026-08-31 10:46:36 [INFO] Combined market value: leg_total=$-60700.00  imv=$61500.00  combined=$800.00  pnl_pct=1.30%
2026-08-31 10:46:51 [INFO] SPY live price: $765.70  (polled @ 10:46:51 ET)
2026-08-31 10:47:21 [INFO] SPY live price: $765.72  (polled @ 10:47:21 ET)
2026-08-31 10:47:36 [INFO] Leg market value: SPY260904C00766000     qty=-100 price=$3.8300  market_value=$-38300.00  unrealized_pl=$4900.00
2026-08-31 10:47:36 [INFO] Leg market value: SPY260904C00776000     qty=100  price=$0.5100  market_value=$5100.00  unrealized_pl=$-1500.00
2026-08-31 10:47:36 [INFO] Leg market value: SPY260904P00756000     qty=100  price=$1.1200  market_value=$11200.00  unrealized_pl=$700.00
2026-08-31 10:47:36 [INFO] Leg market value: SPY260904P00766000     qty=-100 price=$3.8500  market_value=$-38500.00  unrealized_pl=$-3100.00
2026-08-31 10:47:36 [INFO] Combined market value: leg_total=$-60500.00  imv=$61500.00  combined=$1000.00  pnl_pct=1.63%
2026-08-31 10:47:51 [INFO] SPY live price: $765.55  (polled @ 10:47:51 ET)
2026-08-31 10:48:21 [INFO] SPY live price: $765.70  (polled @ 10:48:21 ET)
2026-08-31 10:48:36 [INFO] Leg market value: SPY260904C00766000     qty=-100 price=$3.9500  market_value=$-39500.00  unrealized_pl=$3700.00
2026-08-31 10:48:36 [INFO] Leg market value: SPY260904C00776000     qty=100  price=$0.5300  market_value=$5300.00  unrealized_pl=$-1300.00
2026-08-31 10:48:36 [INFO] Leg market value: SPY260904P00756000     qty=100  price=$1.0900  market_value=$10900.00  unrealized_pl=$400.00
2026-08-31 10:48:36 [INFO] Leg market value: SPY260904P00766000     qty=-100 price=$3.7500  market_value=$-37500.00  unrealized_pl=$-2100.00
2026-08-31 10:48:36 [INFO] Combined market value: leg_total=$-60800.00  imv=$61500.00  combined=$700.00  pnl_pct=1.14%
2026-08-31 10:48:51 [INFO] SPY live price: $765.60  (polled @ 10:48:51 ET)
2026-08-31 10:49:21 [INFO] Heartbeat [Mon 10:49 ET] — trade_executed=False  open_attempted=True  |  OPEN SUBMITTED (77565f9c-e719-4086-8223-7fb63301ed23)  |  CLOSE in 04h50m38s
2026-08-31 10:49:21 [INFO] SPY live price: $765.56  (polled @ 10:49:21 ET)
2026-08-31 10:49:21 [INFO] Position monitor: 4 SPY opts  pnl=$900.00  pnl_pct=1.5%
2026-08-31 10:49:36 [INFO] Leg market value: SPY260904C00766000     qty=-100 price=$3.8400  market_value=$-38400.00  unrealized_pl=$4800.00
2026-08-31 10:49:36 [INFO] Leg market value: SPY260904C00776000     qty=100  price=$0.5100  market_value=$5100.00  unrealized_pl=$-1500.00
2026-08-31 10:49:36 [INFO] Leg market value: SPY260904P00756000     qty=100  price=$1.1300  market_value=$11300.00  unrealized_pl=$800.00
2026-08-31 10:49:36 [INFO] Leg market value: SPY260904P00766000     qty=-100 price=$3.8700  market_value=$-38700.00  unrealized_pl=$-3300.00
2026-08-31 10:49:36 [INFO] Combined market value: leg_total=$-60700.00  imv=$61500.00  combined=$800.00  pnl_pct=1.30%
2026-08-31 10:49:51 [INFO] SPY live price: $765.40  (polled @ 10:49:51 ET)
2026-08-31 10:50:21 [INFO] SPY live price: $765.39  (polled @ 10:50:21 ET)
2026-08-31 10:50:36 [INFO] Leg market value: SPY260904C00766000     qty=-100 price=$3.7900  market_value=$-37900.00  unrealized_pl=$5300.00
2026-08-31 10:50:36 [INFO] Leg market value: SPY260904C00776000     qty=100  price=$0.5000  market_value=$5000.00  unrealized_pl=$-1600.00
2026-08-31 10:50:36 [INFO] Leg market value: SPY260904P00756000     qty=100  price=$1.1400  market_value=$11400.00  unrealized_pl=$900.00
2026-08-31 10:50:36 [INFO] Leg market value: SPY260904P00766000     qty=-100 price=$3.9000  market_value=$-39000.00  unrealized_pl=$-3600.00
2026-08-31 10:50:36 [INFO] Combined market value: leg_total=$-60500.00  imv=$61500.00  combined=$1000.00  pnl_pct=1.63%
2026-08-31 10:50:51 [INFO] SPY live price: $765.51  (polled @ 10:50:51 ET)
2026-08-31 10:51:21 [INFO] SPY live price: $765.62  (polled @ 10:51:21 ET)
2026-08-31 10:51:36 [INFO] Leg market value: SPY260904C00766000     qty=-100 price=$3.8800  market_value=$-38800.00  unrealized_pl=$4400.00
2026-08-31 10:51:36 [INFO] Leg market value: SPY260904C00776000     qty=100  price=$0.5200  market_value=$5200.00  unrealized_pl=$-1400.00
2026-08-31 10:51:36 [INFO] Leg market value: SPY260904P00756000     qty=100  price=$1.1100  market_value=$11100.00  unrealized_pl=$600.00
2026-08-31 10:51:36 [INFO] Leg market value: SPY260904P00766000     qty=-100 price=$3.8200  market_value=$-38200.00  unrealized_pl=$-2800.00
2026-08-31 10:51:36 [INFO] Combined market value: leg_total=$-60700.00  imv=$61500.00  combined=$800.00  pnl_pct=1.30%
2026-08-31 10:51:51 [INFO] SPY live price: $765.58  (polled @ 10:51:51 ET)
2026-08-31 10:52:21 [INFO] SPY live price: $765.55  (polled @ 10:52:21 ET)
2026-08-31 10:52:36 [INFO] Leg market value: SPY260904C00766000     qty=-100 price=$3.8900  market_value=$-38900.00  unrealized_pl=$4300.00
2026-08-31 10:52:36 [INFO] Leg market value: SPY260904C00776000     qty=100  price=$0.5300  market_value=$5300.00  unrealized_pl=$-1300.00
2026-08-31 10:52:36 [INFO] Leg market value: SPY260904P00756000     qty=100  price=$1.1100  market_value=$11100.00  unrealized_pl=$600.00
2026-08-31 10:52:36 [INFO] Leg market value: SPY260904P00766000     qty=-100 price=$3.8100  market_value=$-38100.00  unrealized_pl=$-2700.00
2026-08-31 10:52:36 [INFO] Combined market value: leg_total=$-60600.00  imv=$61500.00  combined=$900.00  pnl_pct=1.46%
2026-08-31 10:52:51 [INFO] SPY live price: $765.59  (polled @ 10:52:51 ET)
2026-08-31 10:53:21 [INFO] SPY live price: $765.55  (polled @ 10:53:21 ET)
2026-08-31 10:53:36 [INFO] Leg market value: SPY260904C00766000     qty=-100 price=$3.8000  market_value=$-38000.00  unrealized_pl=$5200.00
2026-08-31 10:53:36 [INFO] Leg market value: SPY260904C00776000     qty=100  price=$0.5100  market_value=$5100.00  unrealized_pl=$-1500.00
2026-08-31 10:53:36 [INFO] Leg market value: SPY260904P00756000     qty=100  price=$1.1400  market_value=$11400.00  unrealized_pl=$900.00
2026-08-31 10:53:36 [INFO] Leg market value: SPY260904P00766000     qty=-100 price=$3.8900  market_value=$-38900.00  unrealized_pl=$-3500.00
2026-08-31 10:53:36 [INFO] Combined market value: leg_total=$-60400.00  imv=$61500.00  combined=$1100.00  pnl_pct=1.79%
2026-08-31 10:53:51 [INFO] SPY live price: $765.50  (polled @ 10:53:51 ET)
2026-08-31 10:54:21 [INFO] Heartbeat [Mon 10:54 ET] — trade_executed=False  open_attempted=True  |  OPEN SUBMITTED (77565f9c-e719-4086-8223-7fb63301ed23)  |  CLOSE in 04h45m38s
2026-08-31 10:54:21 [INFO] Position monitor: 4 SPY opts  pnl=$1000.00  pnl_pct=1.6%
2026-08-31 10:54:21 [INFO] SPY live price: $765.54  (polled @ 10:54:21 ET)
2026-08-31 10:54:36 [INFO] Leg market value: SPY260904C00766000     qty=-100 price=$3.9000  market_value=$-39000.00  unrealized_pl=$4200.00
2026-08-31 10:54:36 [INFO] Leg market value: SPY260904C00776000     qty=100  price=$0.5200  market_value=$5200.00  unrealized_pl=$-1400.00
2026-08-31 10:54:36 [INFO] Leg market value: SPY260904P00756000     qty=100  price=$1.0900  market_value=$10900.00  unrealized_pl=$400.00
2026-08-31 10:54:36 [INFO] Leg market value: SPY260904P00766000     qty=-100 price=$3.7600  market_value=$-37600.00  unrealized_pl=$-2200.00
2026-08-31 10:54:36 [INFO] Combined market value: leg_total=$-60500.00  imv=$61500.00  combined=$1000.00  pnl_pct=1.63%
2026-08-31 10:54:51 [INFO] SPY live price: $765.81  (polled @ 10:54:51 ET)
2026-08-31 10:55:21 [INFO] SPY live price: $765.83  (polled @ 10:55:21 ET)
2026-08-31 10:55:36 [INFO] Leg market value: SPY260904C00766000     qty=-100 price=$3.9800  market_value=$-39800.00  unrealized_pl=$3400.00
2026-08-31 10:55:36 [INFO] Leg market value: SPY260904C00776000     qty=100  price=$0.5400  market_value=$5400.00  unrealized_pl=$-1200.00
2026-08-31 10:55:36 [INFO] Leg market value: SPY260904P00756000     qty=100  price=$1.0600  market_value=$10600.00  unrealized_pl=$100.00
2026-08-31 10:55:36 [INFO] Leg market value: SPY260904P00766000     qty=-100 price=$3.6800  market_value=$-36800.00  unrealized_pl=$-1400.00
2026-08-31 10:55:36 [INFO] Combined market value: leg_total=$-60600.00  imv=$61500.00  combined=$900.00  pnl_pct=1.46%
2026-08-31 10:55:51 [INFO] SPY live price: $765.82  (polled @ 10:55:51 ET)
2026-08-31 10:56:21 [INFO] SPY live price: $766.00  (polled @ 10:56:21 ET)
2026-08-31 10:56:36 [INFO] Leg market value: SPY260904C00766000     qty=-100 price=$4.1000  market_value=$-41000.00  unrealized_pl=$2200.00
2026-08-31 10:56:36 [INFO] Leg market value: SPY260904C00776000     qty=100  price=$0.5700  market_value=$5700.00  unrealized_pl=$-900.00
2026-08-31 10:56:36 [INFO] Leg market value: SPY260904P00756000     qty=100  price=$1.0200  market_value=$10200.00  unrealized_pl=$-300.00
2026-08-31 10:56:36 [INFO] Leg market value: SPY260904P00766000     qty=-100 price=$3.5600  market_value=$-35600.00  unrealized_pl=$-200.00
2026-08-31 10:56:36 [INFO] Combined market value: leg_total=$-60700.00  imv=$61500.00  combined=$800.00  pnl_pct=1.30%
2026-08-31 10:56:51 [INFO] SPY live price: $766.14  (polled @ 10:56:51 ET)
2026-08-31 10:57:21 [INFO] SPY live price: $766.24  (polled @ 10:57:21 ET)
2026-08-31 10:57:36 [INFO] Leg market value: SPY260904C00766000     qty=-100 price=$4.1900  market_value=$-41900.00  unrealized_pl=$1300.00
2026-08-31 10:57:36 [INFO] Leg market value: SPY260904C00776000     qty=100  price=$0.5800  market_value=$5800.00  unrealized_pl=$-800.00
2026-08-31 10:57:36 [INFO] Leg market value: SPY260904P00756000     qty=100  price=$0.9800  market_value=$9800.00  unrealized_pl=$-700.00
2026-08-31 10:57:36 [INFO] Leg market value: SPY260904P00766000     qty=-100 price=$3.4600  market_value=$-34600.00  unrealized_pl=$800.00
2026-08-31 10:57:36 [INFO] Combined market value: leg_total=$-60900.00  imv=$61500.00  combined=$600.00  pnl_pct=0.98%
2026-08-31 10:57:51 [INFO] SPY live price: $766.36  (polled @ 10:57:51 ET)
2026-08-31 10:58:21 [INFO] SPY live price: $766.26  (polled @ 10:58:21 ET)
2026-08-31 10:58:36 [INFO] Leg market value: SPY260904C00766000     qty=-100 price=$4.2100  market_value=$-42100.00  unrealized_pl=$1100.00
2026-08-31 10:58:36 [INFO] Leg market value: SPY260904C00776000     qty=100  price=$0.5900  market_value=$5900.00  unrealized_pl=$-700.00
2026-08-31 10:58:36 [INFO] Leg market value: SPY260904P00756000     qty=100  price=$0.9700  market_value=$9700.00  unrealized_pl=$-800.00
2026-08-31 10:58:36 [INFO] Leg market value: SPY260904P00766000     qty=-100 price=$3.4400  market_value=$-34400.00  unrealized_pl=$1000.00
2026-08-31 10:58:36 [INFO] Combined market value: leg_total=$-60900.00  imv=$61500.00  combined=$600.00  pnl_pct=0.98%
2026-08-31 10:58:51 [INFO] SPY live price: $766.16  (polled @ 10:58:51 ET)
2026-08-31 10:59:21 [INFO] Heartbeat [Mon 10:59 ET] — trade_executed=False  open_attempted=True  |  OPEN SUBMITTED (77565f9c-e719-4086-8223-7fb63301ed23)  |  CLOSE in 04h40m38s
2026-08-31 10:59:21 [INFO] SPY live price: $766.20  (polled @ 10:59:21 ET)
2026-08-31 10:59:21 [INFO] Position monitor: 4 SPY opts  pnl=$700.00  pnl_pct=1.1%
2026-08-31 10:59:36 [INFO] Leg market value: SPY260904C00766000     qty=-100 price=$4.0900  market_value=$-40900.00  unrealized_pl=$2300.00
2026-08-31 10:59:36 [INFO] Leg market value: SPY260904C00776000     qty=100  price=$0.5600  market_value=$5600.00  unrealized_pl=$-1000.00
2026-08-31 10:59:36 [INFO] Leg market value: SPY260904P00756000     qty=100  price=$1.0100  market_value=$10100.00  unrealized_pl=$-400.00
2026-08-31 10:59:36 [INFO] Leg market value: SPY260904P00766000     qty=-100 price=$3.5400  market_value=$-35400.00  unrealized_pl=$0.00
2026-08-31 10:59:36 [INFO] Combined market value: leg_total=$-60600.00  imv=$61500.00  combined=$900.00  pnl_pct=1.46%
2026-08-31 10:59:51 [INFO] SPY live price: $765.91  (polled @ 10:59:51 ET)
2026-08-31 11:00:21 [INFO] SPY live price: $766.02  (polled @ 11:00:21 ET)
2026-08-31 11:00:36 [INFO] Leg market value: SPY260904C00766000     qty=-100 price=$4.2100  market_value=$-42100.00  unrealized_pl=$1100.00
2026-08-31 11:00:36 [INFO] Leg market value: SPY260904C00776000     qty=100  price=$0.5800  market_value=$5800.00  unrealized_pl=$-800.00
2026-08-31 11:00:36 [INFO] Leg market value: SPY260904P00756000     qty=100  price=$0.9700  market_value=$9700.00  unrealized_pl=$-800.00
2026-08-31 11:00:36 [INFO] Leg market value: SPY260904P00766000     qty=-100 price=$3.4400  market_value=$-34400.00  unrealized_pl=$1000.00
2026-08-31 11:00:36 [INFO] Combined market value: leg_total=$-61000.00  imv=$61500.00  combined=$500.00  pnl_pct=0.81%
2026-08-31 11:00:51 [INFO] SPY live price: $766.21  (polled @ 11:00:51 ET)
2026-08-31 11:01:21 [INFO] SPY live price: $766.31  (polled @ 11:01:21 ET)
2026-08-31 11:01:36 [INFO] Leg market value: SPY260904C00766000     qty=-100 price=$4.0800  market_value=$-40800.00  unrealized_pl=$2400.00
2026-08-31 11:01:36 [INFO] Leg market value: SPY260904C00776000     qty=100  price=$0.5600  market_value=$5600.00  unrealized_pl=$-1000.00
2026-08-31 11:01:36 [INFO] Leg market value: SPY260904P00756000     qty=100  price=$1.0000  market_value=$10000.00  unrealized_pl=$-500.00
2026-08-31 11:01:36 [INFO] Leg market value: SPY260904P00766000     qty=-100 price=$3.5300  market_value=$-35300.00  unrealized_pl=$100.00
2026-08-31 11:01:36 [INFO] Combined market value: leg_total=$-60500.00  imv=$61500.00  combined=$1000.00  pnl_pct=1.63%
2026-08-31 11:01:51 [INFO] SPY live price: $766.15  (polled @ 11:01:51 ET)
2026-08-31 11:02:21 [INFO] SPY live price: $766.09  (polled @ 11:02:21 ET)
2026-08-31 11:02:36 [INFO] Leg market value: SPY260904C00766000     qty=-100 price=$4.0300  market_value=$-40300.00  unrealized_pl=$2900.00
2026-08-31 11:02:36 [INFO] Leg market value: SPY260904C00776000     qty=100  price=$0.5500  market_value=$5500.00  unrealized_pl=$-1100.00
2026-08-31 11:02:36 [INFO] Leg market value: SPY260904P00756000     qty=100  price=$1.0200  market_value=$10200.00  unrealized_pl=$-300.00
2026-08-31 11:02:36 [INFO] Leg market value: SPY260904P00766000     qty=-100 price=$3.5800  market_value=$-35800.00  unrealized_pl=$-400.00
2026-08-31 11:02:36 [INFO] Combined market value: leg_total=$-60400.00  imv=$61500.00  combined=$1100.00  pnl_pct=1.79%
2026-08-31 11:02:51 [INFO] SPY live price: $765.80  (polled @ 11:02:51 ET)
2026-08-31 11:03:21 [INFO] SPY live price: $765.79  (polled @ 11:03:21 ET)
2026-08-31 11:03:36 [INFO] Leg market value: SPY260904C00766000     qty=-100 price=$3.9400  market_value=$-39400.00  unrealized_pl=$3800.00
2026-08-31 11:03:36 [INFO] Leg market value: SPY260904C00776000     qty=100  price=$0.5200  market_value=$5200.00  unrealized_pl=$-1400.00
2026-08-31 11:03:36 [INFO] Leg market value: SPY260904P00756000     qty=100  price=$1.0500  market_value=$10500.00  unrealized_pl=$0.00
2026-08-31 11:03:36 [INFO] Leg market value: SPY260904P00766000     qty=-100 price=$3.6600  market_value=$-36600.00  unrealized_pl=$-1200.00
2026-08-31 11:03:36 [INFO] Combined market value: leg_total=$-60300.00  imv=$61500.00  combined=$1200.00  pnl_pct=1.95%
2026-08-31 11:03:51 [INFO] SPY live price: $765.98  (polled @ 11:03:51 ET)
2026-08-31 11:04:21 [INFO] Heartbeat [Mon 11:04 ET] — trade_executed=False  open_attempted=True  |  OPEN SUBMITTED (77565f9c-e719-4086-8223-7fb63301ed23)  |  CLOSE in 04h35m38s
2026-08-31 11:04:21 [INFO] Position monitor: 4 SPY opts  pnl=$1300.00  pnl_pct=2.1%
2026-08-31 11:04:21 [INFO] SPY live price: $765.78  (polled @ 11:04:21 ET)
2026-08-31 11:04:36 [INFO] Leg market value: SPY260904C00766000     qty=-100 price=$3.9000  market_value=$-39000.00  unrealized_pl=$4200.00
2026-08-31 11:04:36 [INFO] Leg market value: SPY260904C00776000     qty=100  price=$0.5200  market_value=$5200.00  unrealized_pl=$-1400.00
2026-08-31 11:04:36 [INFO] Leg market value: SPY260904P00756000     qty=100  price=$1.0600  market_value=$10600.00  unrealized_pl=$100.00
2026-08-31 11:04:36 [INFO] Leg market value: SPY260904P00766000     qty=-100 price=$3.7000  market_value=$-37000.00  unrealized_pl=$-1600.00
2026-08-31 11:04:36 [INFO] Combined market value: leg_total=$-60200.00  imv=$61500.00  combined=$1300.00  pnl_pct=2.11%
2026-08-31 11:04:51 [INFO] SPY live price: $765.85  (polled @ 11:04:51 ET)
2026-08-31 11:05:21 [INFO] SPY live price: $765.79  (polled @ 11:05:21 ET)
2026-08-31 11:05:36 [INFO] Leg market value: SPY260904C00766000     qty=-100 price=$3.9500  market_value=$-39500.00  unrealized_pl=$3700.00
2026-08-31 11:05:36 [INFO] Leg market value: SPY260904C00776000     qty=100  price=$0.5200  market_value=$5200.00  unrealized_pl=$-1400.00
2026-08-31 11:05:36 [INFO] Leg market value: SPY260904P00756000     qty=100  price=$1.0400  market_value=$10400.00  unrealized_pl=$-100.00
2026-08-31 11:05:36 [INFO] Leg market value: SPY260904P00766000     qty=-100 price=$3.6400  market_value=$-36400.00  unrealized_pl=$-1000.00
2026-08-31 11:05:36 [INFO] Combined market value: leg_total=$-60300.00  imv=$61500.00  combined=$1200.00  pnl_pct=1.95%
2026-08-31 11:05:51 [INFO] SPY live price: $765.79  (polled @ 11:05:51 ET)
2026-08-31 11:06:21 [INFO] SPY live price: $765.90  (polled @ 11:06:21 ET)
2026-08-31 11:06:36 [INFO] Leg market value: SPY260904C00766000     qty=-100 price=$4.0400  market_value=$-40400.00  unrealized_pl=$2800.00
2026-08-31 11:06:36 [INFO] Leg market value: SPY260904C00776000     qty=100  price=$0.5400  market_value=$5400.00  unrealized_pl=$-1200.00
2026-08-31 11:06:36 [INFO] Leg market value: SPY260904P00756000     qty=100  price=$1.0000  market_value=$10000.00  unrealized_pl=$-500.00
2026-08-31 11:06:36 [INFO] Leg market value: SPY260904P00766000     qty=-100 price=$3.5500  market_value=$-35500.00  unrealized_pl=$-100.00
2026-08-31 11:06:36 [INFO] Combined market value: leg_total=$-60500.00  imv=$61500.00  combined=$1000.00  pnl_pct=1.63%
2026-08-31 11:06:51 [INFO] SPY live price: $766.13  (polled @ 11:06:51 ET)
2026-08-31 11:07:21 [INFO] SPY live price: $766.08  (polled @ 11:07:21 ET)
2026-08-31 11:07:36 [INFO] Leg market value: SPY260904C00766000     qty=-100 price=$4.0000  market_value=$-40000.00  unrealized_pl=$3200.00
2026-08-31 11:07:36 [INFO] Leg market value: SPY260904C00776000     qty=100  price=$0.5400  market_value=$5400.00  unrealized_pl=$-1200.00
2026-08-31 11:07:36 [INFO] Leg market value: SPY260904P00756000     qty=100  price=$1.0100  market_value=$10100.00  unrealized_pl=$-400.00
2026-08-31 11:07:36 [INFO] Leg market value: SPY260904P00766000     qty=-100 price=$3.5800  market_value=$-35800.00  unrealized_pl=$-400.00
2026-08-31 11:07:36 [INFO] Combined market value: leg_total=$-60300.00  imv=$61500.00  combined=$1200.00  pnl_pct=1.95%
2026-08-31 11:07:51 [INFO] SPY live price: $765.88  (polled @ 11:07:51 ET)
2026-08-31 11:08:21 [INFO] SPY live price: $765.67  (polled @ 11:08:21 ET)
2026-08-31 11:08:36 [INFO] Leg market value: SPY260904C00766000     qty=-100 price=$3.8700  market_value=$-38700.00  unrealized_pl=$4500.00
2026-08-31 11:08:36 [INFO] Leg market value: SPY260904C00776000     qty=100  price=$0.5000  market_value=$5000.00  unrealized_pl=$-1600.00
2026-08-31 11:08:36 [INFO] Leg market value: SPY260904P00756000     qty=100  price=$1.0500  market_value=$10500.00  unrealized_pl=$0.00
2026-08-31 11:08:36 [INFO] Leg market value: SPY260904P00766000     qty=-100 price=$3.7000  market_value=$-37000.00  unrealized_pl=$-1600.00
2026-08-31 11:08:36 [INFO] Combined market value: leg_total=$-60200.00  imv=$61500.00  combined=$1300.00  pnl_pct=2.11%
2026-08-31 11:08:51 [INFO] SPY live price: $765.63  (polled @ 11:08:51 ET)
2026-08-31 11:09:21 [INFO] Heartbeat [Mon 11:09 ET] — trade_executed=False  open_attempted=True  |  OPEN SUBMITTED (77565f9c-e719-4086-8223-7fb63301ed23)  |  CLOSE in 04h30m38s
2026-08-31 11:09:21 [INFO] SPY live price: $765.76  (polled @ 11:09:21 ET)
2026-08-31 11:09:21 [INFO] Position monitor: 4 SPY opts  pnl=$1200.00  pnl_pct=1.9%
2026-08-31 11:09:36 [INFO] Leg market value: SPY260904C00766000     qty=-100 price=$3.8800  market_value=$-38800.00  unrealized_pl=$4400.00
2026-08-31 11:09:36 [INFO] Leg market value: SPY260904C00776000     qty=100  price=$0.5100  market_value=$5100.00  unrealized_pl=$-1500.00
2026-08-31 11:09:36 [INFO] Leg market value: SPY260904P00756000     qty=100  price=$1.0500  market_value=$10500.00  unrealized_pl=$0.00
2026-08-31 11:09:36 [INFO] Leg market value: SPY260904P00766000     qty=-100 price=$3.6900  market_value=$-36900.00  unrealized_pl=$-1500.00
2026-08-31 11:09:36 [INFO] Combined market value: leg_total=$-60100.00  imv=$61500.00  combined=$1400.00  pnl_pct=2.28%
2026-08-31 11:09:51 [INFO] SPY live price: $765.70  (polled @ 11:09:51 ET)
2026-08-31 11:10:21 [INFO] SPY live price: $765.76  (polled @ 11:10:21 ET)
2026-08-31 11:10:36 [INFO] Leg market value: SPY260904C00766000     qty=-100 price=$3.9700  market_value=$-39700.00  unrealized_pl=$3500.00
2026-08-31 11:10:36 [INFO] Leg market value: SPY260904C00776000     qty=100  price=$0.5300  market_value=$5300.00  unrealized_pl=$-1300.00
2026-08-31 11:10:36 [INFO] Leg market value: SPY260904P00756000     qty=100  price=$1.0200  market_value=$10200.00  unrealized_pl=$-300.00
2026-08-31 11:10:36 [INFO] Leg market value: SPY260904P00766000     qty=-100 price=$3.6000  market_value=$-36000.00  unrealized_pl=$-600.00
2026-08-31 11:10:36 [INFO] Combined market value: leg_total=$-60200.00  imv=$61500.00  combined=$1300.00  pnl_pct=2.11%
2026-08-31 11:10:51 [INFO] SPY live price: $765.84  (polled @ 11:10:51 ET)
2026-08-31 11:11:21 [INFO] SPY live price: $765.68  (polled @ 11:11:21 ET)
2026-08-31 11:11:36 [INFO] Leg market value: SPY260904C00766000     qty=-100 price=$3.9000  market_value=$-39000.00  unrealized_pl=$4200.00
2026-08-31 11:11:36 [INFO] Leg market value: SPY260904C00776000     qty=100  price=$0.5100  market_value=$5100.00  unrealized_pl=$-1500.00
2026-08-31 11:11:36 [INFO] Leg market value: SPY260904P00756000     qty=100  price=$1.0300  market_value=$10300.00  unrealized_pl=$-200.00
2026-08-31 11:11:36 [INFO] Leg market value: SPY260904P00766000     qty=-100 price=$3.6500  market_value=$-36500.00  unrealized_pl=$-1100.00
2026-08-31 11:11:36 [INFO] Combined market value: leg_total=$-60100.00  imv=$61500.00  combined=$1400.00  pnl_pct=2.28%
2026-08-31 11:11:51 [INFO] SPY live price: $765.61  (polled @ 11:11:51 ET)
2026-08-31 11:12:21 [INFO] SPY live price: $765.66  (polled @ 11:12:21 ET)
2026-08-31 11:12:36 [INFO] Leg market value: SPY260904C00766000     qty=-100 price=$3.9300  market_value=$-39300.00  unrealized_pl=$3900.00
2026-08-31 11:12:36 [INFO] Leg market value: SPY260904C00776000     qty=100  price=$0.5100  market_value=$5100.00  unrealized_pl=$-1500.00
2026-08-31 11:12:36 [INFO] Leg market value: SPY260904P00756000     qty=100  price=$1.0200  market_value=$10200.00  unrealized_pl=$-300.00
2026-08-31 11:12:36 [INFO] Leg market value: SPY260904P00766000     qty=-100 price=$3.6300  market_value=$-36300.00  unrealized_pl=$-900.00
2026-08-31 11:12:36 [INFO] Combined market value: leg_total=$-60300.00  imv=$61500.00  combined=$1200.00  pnl_pct=1.95%
2026-08-31 11:12:51 [INFO] SPY live price: $765.83  (polled @ 11:12:51 ET)
2026-08-31 11:13:21 [INFO] SPY live price: $765.88  (polled @ 11:13:21 ET)
2026-08-31 11:13:36 [INFO] Leg market value: SPY260904C00766000     qty=-100 price=$3.9400  market_value=$-39400.00  unrealized_pl=$3800.00
2026-08-31 11:13:36 [INFO] Leg market value: SPY260904C00776000     qty=100  price=$0.5200  market_value=$5200.00  unrealized_pl=$-1400.00
2026-08-31 11:13:36 [INFO] Leg market value: SPY260904P00756000     qty=100  price=$1.0100  market_value=$10100.00  unrealized_pl=$-400.00
2026-08-31 11:13:36 [INFO] Leg market value: SPY260904P00766000     qty=-100 price=$3.6100  market_value=$-36100.00  unrealized_pl=$-700.00
2026-08-31 11:13:36 [INFO] Combined market value: leg_total=$-60200.00  imv=$61500.00  combined=$1300.00  pnl_pct=2.11%
2026-08-31 11:13:51 [INFO] SPY live price: $765.71  (polled @ 11:13:51 ET)
2026-08-31 11:14:21 [INFO] Heartbeat [Mon 11:14 ET] — trade_executed=False  open_attempted=True  |  OPEN SUBMITTED (77565f9c-e719-4086-8223-7fb63301ed23)  |  CLOSE in 04h25m38s
2026-08-31 11:14:21 [INFO] Position monitor: 4 SPY opts  pnl=$1400.00  pnl_pct=2.3%
2026-08-31 11:14:22 [INFO] SPY live price: $765.59  (polled @ 11:14:22 ET)
2026-08-31 11:14:37 [INFO] Leg market value: SPY260904C00766000     qty=-100 price=$3.8300  market_value=$-38300.00  unrealized_pl=$4900.00
2026-08-31 11:14:37 [INFO] Leg market value: SPY260904C00776000     qty=100  price=$0.4900  market_value=$4900.00  unrealized_pl=$-1700.00
2026-08-31 11:14:37 [INFO] Leg market value: SPY260904P00756000     qty=100  price=$1.0500  market_value=$10500.00  unrealized_pl=$0.00
2026-08-31 11:14:37 [INFO] Leg market value: SPY260904P00766000     qty=-100 price=$3.7100  market_value=$-37100.00  unrealized_pl=$-1700.00
2026-08-31 11:14:37 [INFO] Combined market value: leg_total=$-60000.00  imv=$61500.00  combined=$1500.00  pnl_pct=2.44%
2026-08-31 11:14:51 [INFO] SPY live price: $765.67  (polled @ 11:14:51 ET)
2026-08-31 11:15:22 [INFO] SPY live price: $765.86  (polled @ 11:15:22 ET)
2026-08-31 11:15:37 [INFO] Leg market value: SPY260904C00766000     qty=-100 price=$3.8600  market_value=$-38600.00  unrealized_pl=$4600.00
2026-08-31 11:15:37 [INFO] Leg market value: SPY260904C00776000     qty=100  price=$0.5000  market_value=$5000.00  unrealized_pl=$-1600.00
2026-08-31 11:15:37 [INFO] Leg market value: SPY260904P00756000     qty=100  price=$1.0400  market_value=$10400.00  unrealized_pl=$-100.00
2026-08-31 11:15:37 [INFO] Leg market value: SPY260904P00766000     qty=-100 price=$3.6800  market_value=$-36800.00  unrealized_pl=$-1400.00
2026-08-31 11:15:37 [INFO] Combined market value: leg_total=$-60000.00  imv=$61500.00  combined=$1500.00  pnl_pct=2.44%
2026-08-31 11:15:52 [INFO] SPY live price: $765.67  (polled @ 11:15:52 ET)
2026-08-31 11:16:22 [INFO] SPY live price: $765.68  (polled @ 11:16:22 ET)
2026-08-31 11:16:37 [INFO] Leg market value: SPY260904C00766000     qty=-100 price=$3.8600  market_value=$-38600.00  unrealized_pl=$4600.00
2026-08-31 11:16:37 [INFO] Leg market value: SPY260904C00776000     qty=100  price=$0.5000  market_value=$5000.00  unrealized_pl=$-1600.00
2026-08-31 11:16:37 [INFO] Leg market value: SPY260904P00756000     qty=100  price=$1.0300  market_value=$10300.00  unrealized_pl=$-200.00
2026-08-31 11:16:37 [INFO] Leg market value: SPY260904P00766000     qty=-100 price=$3.6800  market_value=$-36800.00  unrealized_pl=$-1400.00
2026-08-31 11:16:37 [INFO] Combined market value: leg_total=$-60100.00  imv=$61500.00  combined=$1400.00  pnl_pct=2.28%
2026-08-31 11:16:52 [INFO] SPY live price: $765.65  (polled @ 11:16:52 ET)
2026-08-31 11:17:22 [INFO] SPY live price: $765.52  (polled @ 11:17:22 ET)
2026-08-31 11:17:37 [INFO] Leg market value: SPY260904C00766000     qty=-100 price=$3.7400  market_value=$-37400.00  unrealized_pl=$5800.00
2026-08-31 11:17:37 [INFO] Leg market value: SPY260904C00776000     qty=100  price=$0.4700  market_value=$4700.00  unrealized_pl=$-1900.00
2026-08-31 11:17:37 [INFO] Leg market value: SPY260904P00756000     qty=100  price=$1.1000  market_value=$11000.00  unrealized_pl=$500.00
2026-08-31 11:17:37 [INFO] Leg market value: SPY260904P00766000     qty=-100 price=$3.8400  market_value=$-38400.00  unrealized_pl=$-3000.00
2026-08-31 11:17:37 [INFO] Combined market value: leg_total=$-60100.00  imv=$61500.00  combined=$1400.00  pnl_pct=2.28%
2026-08-31 11:17:52 [INFO] SPY live price: $765.46  (polled @ 11:17:52 ET)
2026-08-31 11:18:22 [INFO] SPY live price: $765.47  (polled @ 11:18:22 ET)
2026-08-31 11:18:37 [INFO] Leg market value: SPY260904C00766000     qty=-100 price=$3.7600  market_value=$-37600.00  unrealized_pl=$5600.00
2026-08-31 11:18:37 [INFO] Leg market value: SPY260904C00776000     qty=100  price=$0.4800  market_value=$4800.00  unrealized_pl=$-1800.00
2026-08-31 11:18:37 [INFO] Leg market value: SPY260904P00756000     qty=100  price=$1.0900  market_value=$10900.00  unrealized_pl=$400.00
2026-08-31 11:18:37 [INFO] Leg market value: SPY260904P00766000     qty=-100 price=$3.8100  market_value=$-38100.00  unrealized_pl=$-2700.00
2026-08-31 11:18:37 [INFO] Combined market value: leg_total=$-60000.00  imv=$61500.00  combined=$1500.00  pnl_pct=2.44%
2026-08-31 11:18:52 [INFO] SPY live price: $765.51  (polled @ 11:18:52 ET)
2026-08-31 11:19:21 [INFO] Heartbeat [Mon 11:19 ET] — trade_executed=False  open_attempted=True  |  OPEN SUBMITTED (77565f9c-e719-4086-8223-7fb63301ed23)  |  CLOSE in 04h20m38s
2026-08-31 11:19:22 [INFO] SPY live price: $765.62  (polled @ 11:19:22 ET)
2026-08-31 11:19:22 [INFO] Position monitor: 4 SPY opts  pnl=$1300.00  pnl_pct=2.1%
2026-08-31 11:19:37 [INFO] Leg market value: SPY260904C00766000     qty=-100 price=$3.8400  market_value=$-38400.00  unrealized_pl=$4800.00
2026-08-31 11:19:37 [INFO] Leg market value: SPY260904C00776000     qty=100  price=$0.5000  market_value=$5000.00  unrealized_pl=$-1600.00
2026-08-31 11:19:37 [INFO] Leg market value: SPY260904P00756000     qty=100  price=$1.0600  market_value=$10600.00  unrealized_pl=$100.00
2026-08-31 11:19:37 [INFO] Leg market value: SPY260904P00766000     qty=-100 price=$3.7400  market_value=$-37400.00  unrealized_pl=$-2000.00
2026-08-31 11:19:37 [INFO] Combined market value: leg_total=$-60200.00  imv=$61500.00  combined=$1300.00  pnl_pct=2.11%
2026-08-31 11:19:52 [INFO] SPY live price: $765.69  (polled @ 11:19:52 ET)
2026-08-31 11:20:22 [INFO] SPY live price: $765.65  (polled @ 11:20:22 ET)
2026-08-31 11:20:37 [INFO] Leg market value: SPY260904C00766000     qty=-100 price=$3.8400  market_value=$-38400.00  unrealized_pl=$4800.00
2026-08-31 11:20:37 [INFO] Leg market value: SPY260904C00776000     qty=100  price=$0.5000  market_value=$5000.00  unrealized_pl=$-1600.00
2026-08-31 11:20:37 [INFO] Leg market value: SPY260904P00756000     qty=100  price=$1.0600  market_value=$10600.00  unrealized_pl=$100.00
2026-08-31 11:20:37 [INFO] Leg market value: SPY260904P00766000     qty=-100 price=$3.7400  market_value=$-37400.00  unrealized_pl=$-2000.00
2026-08-31 11:20:37 [INFO] Combined market value: leg_total=$-60200.00  imv=$61500.00  combined=$1300.00  pnl_pct=2.11%
2026-08-31 11:20:52 [INFO] SPY live price: $765.75  (polled @ 11:20:52 ET)
2026-08-31 11:21:22 [INFO] SPY live price: $765.92  (polled @ 11:21:22 ET)
2026-08-31 11:21:37 [INFO] Leg market value: SPY260904C00766000     qty=-100 price=$3.9700  market_value=$-39700.00  unrealized_pl=$3500.00
2026-08-31 11:21:37 [INFO] Leg market value: SPY260904C00776000     qty=100  price=$0.5200  market_value=$5200.00  unrealized_pl=$-1400.00
2026-08-31 11:21:37 [INFO] Leg market value: SPY260904P00756000     qty=100  price=$1.0200  market_value=$10200.00  unrealized_pl=$-300.00
2026-08-31 11:21:37 [INFO] Leg market value: SPY260904P00766000     qty=-100 price=$3.6000  market_value=$-36000.00  unrealized_pl=$-600.00
2026-08-31 11:21:37 [INFO] Combined market value: leg_total=$-60300.00  imv=$61500.00  combined=$1200.00  pnl_pct=1.95%
2026-08-31 11:21:52 [INFO] SPY live price: $765.96  (polled @ 11:21:52 ET)
2026-08-31 11:22:22 [INFO] SPY live price: $765.98  (polled @ 11:22:22 ET)
2026-08-31 11:22:37 [INFO] Leg market value: SPY260904C00766000     qty=-100 price=$4.0100  market_value=$-40100.00  unrealized_pl=$3100.00
2026-08-31 11:22:37 [INFO] Leg market value: SPY260904C00776000     qty=100  price=$0.5300  market_value=$5300.00  unrealized_pl=$-1300.00
2026-08-31 11:22:37 [INFO] Leg market value: SPY260904P00756000     qty=100  price=$1.0000  market_value=$10000.00  unrealized_pl=$-500.00
2026-08-31 11:22:37 [INFO] Leg market value: SPY260904P00766000     qty=-100 price=$3.5600  market_value=$-35600.00  unrealized_pl=$-200.00
2026-08-31 11:22:37 [INFO] Combined market value: leg_total=$-60400.00  imv=$61500.00  combined=$1100.00  pnl_pct=1.79%
2026-08-31 11:22:52 [INFO] SPY live price: $765.99  (polled @ 11:22:52 ET)
2026-08-31 11:23:22 [INFO] SPY live price: $765.98  (polled @ 11:23:22 ET)
2026-08-31 11:23:37 [INFO] Leg market value: SPY260904C00766000     qty=-100 price=$4.0100  market_value=$-40100.00  unrealized_pl=$3100.00
2026-08-31 11:23:37 [INFO] Leg market value: SPY260904C00776000     qty=100  price=$0.5300  market_value=$5300.00  unrealized_pl=$-1300.00
2026-08-31 11:23:37 [INFO] Leg market value: SPY260904P00756000     qty=100  price=$1.0000  market_value=$10000.00  unrealized_pl=$-500.00
2026-08-31 11:23:37 [INFO] Leg market value: SPY260904P00766000     qty=-100 price=$3.5500  market_value=$-35500.00  unrealized_pl=$-100.00
2026-08-31 11:23:37 [INFO] Combined market value: leg_total=$-60300.00  imv=$61500.00  combined=$1200.00  pnl_pct=1.95%
2026-08-31 11:23:52 [INFO] SPY live price: $765.96  (polled @ 11:23:52 ET)
2026-08-31 11:24:22 [INFO] Heartbeat [Mon 11:24 ET] — trade_executed=False  open_attempted=True  |  OPEN SUBMITTED (77565f9c-e719-4086-8223-7fb63301ed23)  |  CLOSE in 04h15m37s
2026-08-31 11:24:22 [INFO] Position monitor: 4 SPY opts  pnl=$1400.00  pnl_pct=2.3%
2026-08-31 11:24:22 [INFO] SPY live price: $765.79  (polled @ 11:24:22 ET)
2026-08-31 11:24:37 [INFO] Leg market value: SPY260904C00766000     qty=-100 price=$3.9500  market_value=$-39500.00  unrealized_pl=$3700.00
2026-08-31 11:24:37 [INFO] Leg market value: SPY260904C00776000     qty=100  price=$0.5100  market_value=$5100.00  unrealized_pl=$-1500.00
2026-08-31 11:24:37 [INFO] Leg market value: SPY260904P00756000     qty=100  price=$1.0100  market_value=$10100.00  unrealized_pl=$-400.00
2026-08-31 11:24:37 [INFO] Leg market value: SPY260904P00766000     qty=-100 price=$3.5900  market_value=$-35900.00  unrealized_pl=$-500.00
2026-08-31 11:24:37 [INFO] Combined market value: leg_total=$-60200.00  imv=$61500.00  combined=$1300.00  pnl_pct=2.11%
2026-08-31 11:24:52 [INFO] SPY live price: $765.96  (polled @ 11:24:52 ET)
2026-08-31 11:25:22 [INFO] SPY live price: $766.08  (polled @ 11:25:22 ET)
2026-08-31 11:25:37 [INFO] Leg market value: SPY260904C00766000     qty=-100 price=$4.0600  market_value=$-40600.00  unrealized_pl=$2600.00
2026-08-31 11:25:37 [INFO] Leg market value: SPY260904C00776000     qty=100  price=$0.5400  market_value=$5400.00  unrealized_pl=$-1200.00
2026-08-31 11:25:37 [INFO] Leg market value: SPY260904P00756000     qty=100  price=$0.9700  market_value=$9700.00  unrealized_pl=$-800.00
2026-08-31 11:25:37 [INFO] Leg market value: SPY260904P00766000     qty=-100 price=$3.4900  market_value=$-34900.00  unrealized_pl=$500.00
2026-08-31 11:25:37 [INFO] Combined market value: leg_total=$-60400.00  imv=$61500.00  combined=$1100.00  pnl_pct=1.79%
2026-08-31 11:25:52 [INFO] SPY live price: $765.94  (polled @ 11:25:52 ET)
2026-08-31 11:26:22 [INFO] SPY live price: $765.89  (polled @ 11:26:22 ET)
2026-08-31 11:26:37 [INFO] Leg market value: SPY260904C00766000     qty=-100 price=$3.9700  market_value=$-39700.00  unrealized_pl=$3500.00
2026-08-31 11:26:37 [INFO] Leg market value: SPY260904C00776000     qty=100  price=$0.5200  market_value=$5200.00  unrealized_pl=$-1400.00
2026-08-31 11:26:37 [INFO] Leg market value: SPY260904P00756000     qty=100  price=$1.0000  market_value=$10000.00  unrealized_pl=$-500.00
2026-08-31 11:26:37 [INFO] Leg market value: SPY260904P00766000     qty=-100 price=$3.5700  market_value=$-35700.00  unrealized_pl=$-300.00
2026-08-31 11:26:37 [INFO] Combined market value: leg_total=$-60200.00  imv=$61500.00  combined=$1300.00  pnl_pct=2.11%
2026-08-31 11:26:52 [INFO] SPY live price: $765.94  (polled @ 11:26:52 ET)
2026-08-31 11:27:22 [INFO] SPY live price: $765.88  (polled @ 11:27:22 ET)
2026-08-31 11:27:37 [INFO] Leg market value: SPY260904C00766000     qty=-100 price=$3.9800  market_value=$-39800.00  unrealized_pl=$3400.00
2026-08-31 11:27:37 [INFO] Leg market value: SPY260904C00776000     qty=100  price=$0.5200  market_value=$5200.00  unrealized_pl=$-1400.00
2026-08-31 11:27:37 [INFO] Leg market value: SPY260904P00756000     qty=100  price=$1.0000  market_value=$10000.00  unrealized_pl=$-500.00
2026-08-31 11:27:37 [INFO] Leg market value: SPY260904P00766000     qty=-100 price=$3.5600  market_value=$-35600.00  unrealized_pl=$-200.00
2026-08-31 11:27:37 [INFO] Combined market value: leg_total=$-60200.00  imv=$61500.00  combined=$1300.00  pnl_pct=2.11%
2026-08-31 11:27:52 [INFO] SPY live price: $765.99  (polled @ 11:27:52 ET)
2026-08-31 11:28:22 [INFO] SPY live price: $766.04  (polled @ 11:28:22 ET)
2026-08-31 11:28:37 [INFO] Leg market value: SPY260904C00766000     qty=-100 price=$4.0500  market_value=$-40500.00  unrealized_pl=$2700.00
2026-08-31 11:28:37 [INFO] Leg market value: SPY260904C00776000     qty=100  price=$0.5300  market_value=$5300.00  unrealized_pl=$-1300.00
2026-08-31 11:28:37 [INFO] Leg market value: SPY260904P00756000     qty=100  price=$0.9700  market_value=$9700.00  unrealized_pl=$-800.00
2026-08-31 11:28:37 [INFO] Leg market value: SPY260904P00766000     qty=-100 price=$3.5000  market_value=$-35000.00  unrealized_pl=$400.00
2026-08-31 11:28:37 [INFO] Combined market value: leg_total=$-60500.00  imv=$61500.00  combined=$1000.00  pnl_pct=1.63%
2026-08-31 11:28:52 [INFO] SPY live price: $766.10  (polled @ 11:28:52 ET)
2026-08-31 11:29:22 [INFO] Heartbeat [Mon 11:29 ET] — trade_executed=False  open_attempted=True  |  OPEN SUBMITTED (77565f9c-e719-4086-8223-7fb63301ed23)  |  CLOSE in 04h10m37s
2026-08-31 11:29:22 [INFO] Position monitor: 4 SPY opts  pnl=$1200.00  pnl_pct=1.9%
2026-08-31 11:29:22 [INFO] SPY live price: $765.98  (polled @ 11:29:22 ET)
2026-08-31 11:29:37 [INFO] Leg market value: SPY260904C00766000     qty=-100 price=$4.0000  market_value=$-40000.00  unrealized_pl=$3200.00
2026-08-31 11:29:37 [INFO] Leg market value: SPY260904C00776000     qty=100  price=$0.5300  market_value=$5300.00  unrealized_pl=$-1300.00
2026-08-31 11:29:37 [INFO] Leg market value: SPY260904P00756000     qty=100  price=$0.9900  market_value=$9900.00  unrealized_pl=$-600.00
2026-08-31 11:29:37 [INFO] Leg market value: SPY260904P00766000     qty=-100 price=$3.5300  market_value=$-35300.00  unrealized_pl=$100.00
2026-08-31 11:29:37 [INFO] Combined market value: leg_total=$-60100.00  imv=$61500.00  combined=$1400.00  pnl_pct=2.28%
2026-08-31 11:29:52 [INFO] SPY live price: $765.92  (polled @ 11:29:52 ET)
2026-08-31 11:30:22 [INFO] SPY live price: $765.71  (polled @ 11:30:22 ET)
2026-08-31 11:30:52 [INFO] Leg market value: SPY260904C00766000     qty=-100 price=$3.8300  market_value=$-38300.00  unrealized_pl=$4900.00
2026-08-31 11:30:52 [INFO] Leg market value: SPY260904C00776000     qty=100  price=$0.4900  market_value=$4900.00  unrealized_pl=$-1700.00
2026-08-31 11:30:52 [INFO] Leg market value: SPY260904P00756000     qty=100  price=$1.0500  market_value=$10500.00  unrealized_pl=$0.00
2026-08-31 11:30:52 [INFO] Leg market value: SPY260904P00766000     qty=-100 price=$3.7100  market_value=$-37100.00  unrealized_pl=$-1700.00
2026-08-31 11:30:52 [INFO] Combined market value: leg_total=$-60000.00  imv=$61500.00  combined=$1500.00  pnl_pct=2.44%
2026-08-31 11:30:52 [INFO] SPY live price: $765.65  (polled @ 11:30:52 ET)
2026-08-31 11:31:22 [INFO] SPY live price: $765.58  (polled @ 11:31:22 ET)
2026-08-31 11:31:52 [INFO] Leg market value: SPY260904C00766000     qty=-100 price=$3.7500  market_value=$-37500.00  unrealized_pl=$5700.00
2026-08-31 11:31:52 [INFO] Leg market value: SPY260904C00776000     qty=100  price=$0.4700  market_value=$4700.00  unrealized_pl=$-1900.00
2026-08-31 11:31:52 [INFO] Leg market value: SPY260904P00756000     qty=100  price=$1.0800  market_value=$10800.00  unrealized_pl=$300.00
2026-08-31 11:31:52 [INFO] Leg market value: SPY260904P00766000     qty=-100 price=$3.8000  market_value=$-38000.00  unrealized_pl=$-2600.00
2026-08-31 11:31:52 [INFO] Combined market value: leg_total=$-60000.00  imv=$61500.00  combined=$1500.00  pnl_pct=2.44%
2026-08-31 11:31:52 [INFO] SPY live price: $765.46  (polled @ 11:31:52 ET)
2026-08-31 11:32:22 [INFO] SPY live price: $765.83  (polled @ 11:32:22 ET)
2026-08-31 11:32:52 [INFO] SPY live price: $765.70  (polled @ 11:32:52 ET)
2026-08-31 11:32:52 [INFO] Leg market value: SPY260904C00766000     qty=-100 price=$3.8600  market_value=$-38600.00  unrealized_pl=$4600.00
2026-08-31 11:32:52 [INFO] Leg market value: SPY260904C00776000     qty=100  price=$0.5000  market_value=$5000.00  unrealized_pl=$-1600.00
2026-08-31 11:32:52 [INFO] Leg market value: SPY260904P00756000     qty=100  price=$1.0300  market_value=$10300.00  unrealized_pl=$-200.00
2026-08-31 11:32:52 [INFO] Leg market value: SPY260904P00766000     qty=-100 price=$3.6800  market_value=$-36800.00  unrealized_pl=$-1400.00
2026-08-31 11:32:52 [INFO] Combined market value: leg_total=$-60100.00  imv=$61500.00  combined=$1400.00  pnl_pct=2.28%
2026-08-31 11:33:22 [INFO] SPY live price: $765.62  (polled @ 11:33:22 ET)
2026-08-31 11:33:52 [INFO] Leg market value: SPY260904C00766000     qty=-100 price=$3.8400  market_value=$-38400.00  unrealized_pl=$4800.00
2026-08-31 11:33:52 [INFO] Leg market value: SPY260904C00776000     qty=100  price=$0.4900  market_value=$4900.00  unrealized_pl=$-1700.00
2026-08-31 11:33:52 [INFO] Leg market value: SPY260904P00756000     qty=100  price=$1.0400  market_value=$10400.00  unrealized_pl=$-100.00
2026-08-31 11:33:52 [INFO] Leg market value: SPY260904P00766000     qty=-100 price=$3.6900  market_value=$-36900.00  unrealized_pl=$-1500.00
2026-08-31 11:33:52 [INFO] Combined market value: leg_total=$-60000.00  imv=$61500.00  combined=$1500.00  pnl_pct=2.44%
2026-08-31 11:33:52 [INFO] SPY live price: $765.64  (polled @ 11:33:52 ET)
2026-08-31 11:34:22 [INFO] Heartbeat [Mon 11:34 ET] — trade_executed=False  open_attempted=True  |  OPEN SUBMITTED (77565f9c-e719-4086-8223-7fb63301ed23)  |  CLOSE in 04h05m37s
2026-08-31 11:34:22 [INFO] SPY live price: $765.64  (polled @ 11:34:22 ET)
2026-08-31 11:34:22 [INFO] Position monitor: 4 SPY opts  pnl=$1500.00  pnl_pct=2.4%
2026-08-31 11:34:52 [INFO] Leg market value: SPY260904C00766000     qty=-100 price=$3.9000  market_value=$-39000.00  unrealized_pl=$4200.00
2026-08-31 11:34:52 [INFO] Leg market value: SPY260904C00776000     qty=100  price=$0.5000  market_value=$5000.00  unrealized_pl=$-1600.00
2026-08-31 11:34:52 [INFO] Leg market value: SPY260904P00756000     qty=100  price=$1.0200  market_value=$10200.00  unrealized_pl=$-300.00
2026-08-31 11:34:52 [INFO] Leg market value: SPY260904P00766000     qty=-100 price=$3.6300  market_value=$-36300.00  unrealized_pl=$-900.00
2026-08-31 11:34:52 [INFO] Combined market value: leg_total=$-60100.00  imv=$61500.00  combined=$1400.00  pnl_pct=2.28%
2026-08-31 11:34:52 [INFO] SPY live price: $765.79  (polled @ 11:34:52 ET)
2026-08-31 11:35:22 [INFO] SPY live price: $765.77  (polled @ 11:35:22 ET)
2026-08-31 11:35:52 [INFO] Leg market value: SPY260904C00766000     qty=-100 price=$3.8800  market_value=$-38800.00  unrealized_pl=$4400.00
2026-08-31 11:35:52 [INFO] Leg market value: SPY260904C00776000     qty=100  price=$0.5000  market_value=$5000.00  unrealized_pl=$-1600.00
2026-08-31 11:35:52 [INFO] Leg market value: SPY260904P00756000     qty=100  price=$1.0200  market_value=$10200.00  unrealized_pl=$-300.00
2026-08-31 11:35:52 [INFO] Leg market value: SPY260904P00766000     qty=-100 price=$3.6400  market_value=$-36400.00  unrealized_pl=$-1000.00
2026-08-31 11:35:52 [INFO] Combined market value: leg_total=$-60000.00  imv=$61500.00  combined=$1500.00  pnl_pct=2.44%
2026-08-31 11:35:52 [INFO] SPY live price: $765.74  (polled @ 11:35:52 ET)
2026-08-31 11:36:22 [INFO] SPY live price: $765.72  (polled @ 11:36:22 ET)
2026-08-31 11:36:52 [INFO] SPY live price: $765.76  (polled @ 11:36:52 ET)
2026-08-31 11:36:52 [INFO] Leg market value: SPY260904C00766000     qty=-100 price=$3.8900  market_value=$-38900.00  unrealized_pl=$4300.00
2026-08-31 11:36:52 [INFO] Leg market value: SPY260904C00776000     qty=100  price=$0.5000  market_value=$5000.00  unrealized_pl=$-1600.00
2026-08-31 11:36:52 [INFO] Leg market value: SPY260904P00756000     qty=100  price=$1.0100  market_value=$10100.00  unrealized_pl=$-400.00
2026-08-31 11:36:52 [INFO] Leg market value: SPY260904P00766000     qty=-100 price=$3.6200  market_value=$-36200.00  unrealized_pl=$-800.00
2026-08-31 11:36:52 [INFO] Combined market value: leg_total=$-60000.00  imv=$61500.00  combined=$1500.00  pnl_pct=2.44%
2026-08-31 11:37:22 [INFO] SPY live price: $765.64  (polled @ 11:37:22 ET)
2026-08-31 11:37:52 [INFO] SPY live price: $765.77  (polled @ 11:37:52 ET)
2026-08-31 11:37:52 [INFO] Leg market value: SPY260904C00766000     qty=-100 price=$3.8800  market_value=$-38800.00  unrealized_pl=$4400.00
2026-08-31 11:37:52 [INFO] Leg market value: SPY260904C00776000     qty=100  price=$0.5000  market_value=$5000.00  unrealized_pl=$-1600.00
2026-08-31 11:37:52 [INFO] Leg market value: SPY260904P00756000     qty=100  price=$1.0100  market_value=$10100.00  unrealized_pl=$-400.00
2026-08-31 11:37:52 [INFO] Leg market value: SPY260904P00766000     qty=-100 price=$3.6200  market_value=$-36200.00  unrealized_pl=$-800.00
2026-08-31 11:37:52 [INFO] Combined market value: leg_total=$-59900.00  imv=$61500.00  combined=$1600.00  pnl_pct=2.60%
2026-08-31 11:38:22 [INFO] SPY live price: $765.70  (polled @ 11:38:22 ET)
2026-08-31 11:38:52 [INFO] SPY live price: $765.51  (polled @ 11:38:52 ET)
2026-08-31 11:38:52 [INFO] Leg market value: SPY260904C00766000     qty=-100 price=$3.7500  market_value=$-37500.00  unrealized_pl=$5700.00
2026-08-31 11:38:52 [INFO] Leg market value: SPY260904C00776000     qty=100  price=$0.4700  market_value=$4700.00  unrealized_pl=$-1900.00
2026-08-31 11:38:52 [INFO] Leg market value: SPY260904P00756000     qty=100  price=$1.0500  market_value=$10500.00  unrealized_pl=$0.00
2026-08-31 11:38:52 [INFO] Leg market value: SPY260904P00766000     qty=-100 price=$3.7300  market_value=$-37300.00  unrealized_pl=$-1900.00
2026-08-31 11:38:52 [INFO] Combined market value: leg_total=$-59600.00  imv=$61500.00  combined=$1900.00  pnl_pct=3.09%
2026-08-31 11:39:22 [INFO] Heartbeat [Mon 11:39 ET] — trade_executed=False  open_attempted=True  |  OPEN SUBMITTED (77565f9c-e719-4086-8223-7fb63301ed23)  |  CLOSE in 04h00m37s
2026-08-31 11:39:22 [INFO] SPY live price: $765.54  (polled @ 11:39:22 ET)
2026-08-31 11:39:22 [INFO] Position monitor: 4 SPY opts  pnl=$1800.00  pnl_pct=2.9%
2026-08-31 11:39:52 [INFO] Leg market value: SPY260904C00766000     qty=-100 price=$3.7700  market_value=$-37700.00  unrealized_pl=$5500.00
2026-08-31 11:39:52 [INFO] Leg market value: SPY260904C00776000     qty=100  price=$0.4700  market_value=$4700.00  unrealized_pl=$-1900.00
2026-08-31 11:39:52 [INFO] Leg market value: SPY260904P00756000     qty=100  price=$1.0400  market_value=$10400.00  unrealized_pl=$-100.00
2026-08-31 11:39:52 [INFO] Leg market value: SPY260904P00766000     qty=-100 price=$3.7400  market_value=$-37400.00  unrealized_pl=$-2000.00
2026-08-31 11:39:52 [INFO] Combined market value: leg_total=$-60000.00  imv=$61500.00  combined=$1500.00  pnl_pct=2.44%
2026-08-31 11:39:52 [INFO] SPY live price: $765.55  (polled @ 11:39:52 ET)
2026-08-31 11:40:22 [INFO] SPY live price: $765.53  (polled @ 11:40:22 ET)
2026-08-31 11:40:52 [INFO] SPY live price: $765.55  (polled @ 11:40:52 ET)
2026-08-31 11:40:52 [INFO] Leg market value: SPY260904C00766000     qty=-100 price=$3.7600  market_value=$-37600.00  unrealized_pl=$5600.00
2026-08-31 11:40:52 [INFO] Leg market value: SPY260904C00776000     qty=100  price=$0.4700  market_value=$4700.00  unrealized_pl=$-1900.00
2026-08-31 11:40:52 [INFO] Leg market value: SPY260904P00756000     qty=100  price=$1.0500  market_value=$10500.00  unrealized_pl=$0.00
2026-08-31 11:40:52 [INFO] Leg market value: SPY260904P00766000     qty=-100 price=$3.7400  market_value=$-37400.00  unrealized_pl=$-2000.00
2026-08-31 11:40:52 [INFO] Combined market value: leg_total=$-59800.00  imv=$61500.00  combined=$1700.00  pnl_pct=2.76%
2026-08-31 11:41:22 [INFO] SPY live price: $765.45  (polled @ 11:41:22 ET)
2026-08-31 11:41:52 [INFO] SPY live price: $765.59  (polled @ 11:41:52 ET)
2026-08-31 11:41:52 [INFO] Leg market value: SPY260904C00766000     qty=-100 price=$3.7800  market_value=$-37800.00  unrealized_pl=$5400.00
2026-08-31 11:41:52 [INFO] Leg market value: SPY260904C00776000     qty=100  price=$0.4700  market_value=$4700.00  unrealized_pl=$-1900.00
2026-08-31 11:41:52 [INFO] Leg market value: SPY260904P00756000     qty=100  price=$1.0400  market_value=$10400.00  unrealized_pl=$-100.00
2026-08-31 11:41:52 [INFO] Leg market value: SPY260904P00766000     qty=-100 price=$3.7200  market_value=$-37200.00  unrealized_pl=$-1800.00
2026-08-31 11:41:52 [INFO] Combined market value: leg_total=$-59900.00  imv=$61500.00  combined=$1600.00  pnl_pct=2.60%
2026-08-31 11:42:22 [INFO] SPY live price: $765.68  (polled @ 11:42:22 ET)
2026-08-31 11:42:52 [INFO] Leg market value: SPY260904C00766000     qty=-100 price=$3.8500  market_value=$-38500.00  unrealized_pl=$4700.00
2026-08-31 11:42:52 [INFO] Leg market value: SPY260904C00776000     qty=100  price=$0.4900  market_value=$4900.00  unrealized_pl=$-1700.00
2026-08-31 11:42:52 [INFO] Leg market value: SPY260904P00756000     qty=100  price=$1.0300  market_value=$10300.00  unrealized_pl=$-200.00
2026-08-31 11:42:52 [INFO] Leg market value: SPY260904P00766000     qty=-100 price=$3.6700  market_value=$-36700.00  unrealized_pl=$-1300.00
2026-08-31 11:42:52 [INFO] Combined market value: leg_total=$-60000.00  imv=$61500.00  combined=$1500.00  pnl_pct=2.44%
2026-08-31 11:42:52 [INFO] SPY live price: $765.68  (polled @ 11:42:52 ET)
2026-08-31 11:43:22 [INFO] SPY live price: $765.80  (polled @ 11:43:22 ET)
2026-08-31 11:43:52 [INFO] SPY live price: $765.66  (polled @ 11:43:52 ET)
2026-08-31 11:43:52 [INFO] Leg market value: SPY260904C00766000     qty=-100 price=$3.8300  market_value=$-38300.00  unrealized_pl=$4900.00
2026-08-31 11:43:52 [INFO] Leg market value: SPY260904C00776000     qty=100  price=$0.4800  market_value=$4800.00  unrealized_pl=$-1800.00
2026-08-31 11:43:52 [INFO] Leg market value: SPY260904P00756000     qty=100  price=$1.0300  market_value=$10300.00  unrealized_pl=$-200.00
2026-08-31 11:43:52 [INFO] Leg market value: SPY260904P00766000     qty=-100 price=$3.6900  market_value=$-36900.00  unrealized_pl=$-1500.00
2026-08-31 11:43:52 [INFO] Combined market value: leg_total=$-60100.00  imv=$61500.00  combined=$1400.00  pnl_pct=2.28%
2026-08-31 11:44:22 [INFO] Heartbeat [Mon 11:44 ET] — trade_executed=False  open_attempted=True  |  OPEN SUBMITTED (77565f9c-e719-4086-8223-7fb63301ed23)  |  CLOSE in 03h55m37s
2026-08-31 11:44:22 [INFO] SPY live price: $765.63  (polled @ 11:44:22 ET)
2026-08-31 11:44:22 [INFO] Position monitor: 4 SPY opts  pnl=$1500.00  pnl_pct=2.4%
2026-08-31 11:44:52 [INFO] SPY live price: $765.80  (polled @ 11:44:52 ET)
2026-08-31 11:44:52 [INFO] Leg market value: SPY260904C00766000     qty=-100 price=$3.9200  market_value=$-39200.00  unrealized_pl=$4000.00
2026-08-31 11:44:52 [INFO] Leg market value: SPY260904C00776000     qty=100  price=$0.5000  market_value=$5000.00  unrealized_pl=$-1600.00
2026-08-31 11:44:52 [INFO] Leg market value: SPY260904P00756000     qty=100  price=$1.0000  market_value=$10000.00  unrealized_pl=$-500.00
2026-08-31 11:44:52 [INFO] Leg market value: SPY260904P00766000     qty=-100 price=$3.6100  market_value=$-36100.00  unrealized_pl=$-700.00
2026-08-31 11:44:52 [INFO] Combined market value: leg_total=$-60300.00  imv=$61500.00  combined=$1200.00  pnl_pct=1.95%
2026-08-31 11:45:22 [INFO] SPY live price: $765.88  (polled @ 11:45:22 ET)
2026-08-31 11:45:52 [INFO] Leg market value: SPY260904C00766000     qty=-100 price=$3.8800  market_value=$-38800.00  unrealized_pl=$4400.00
2026-08-31 11:45:52 [INFO] Leg market value: SPY260904C00776000     qty=100  price=$0.4900  market_value=$4900.00  unrealized_pl=$-1700.00
2026-08-31 11:45:52 [INFO] Leg market value: SPY260904P00756000     qty=100  price=$1.0200  market_value=$10200.00  unrealized_pl=$-300.00
2026-08-31 11:45:52 [INFO] Leg market value: SPY260904P00766000     qty=-100 price=$3.6500  market_value=$-36500.00  unrealized_pl=$-1100.00
2026-08-31 11:45:52 [INFO] Combined market value: leg_total=$-60200.00  imv=$61500.00  combined=$1300.00  pnl_pct=2.11%
2026-08-31 11:45:52 [INFO] SPY live price: $765.75  (polled @ 11:45:52 ET)
2026-08-31 11:46:22 [INFO] SPY live price: $765.87  (polled @ 11:46:22 ET)
2026-08-31 11:46:52 [INFO] SPY live price: $765.94  (polled @ 11:46:52 ET)
2026-08-31 11:46:52 [INFO] Leg market value: SPY260904C00766000     qty=-100 price=$3.9800  market_value=$-39800.00  unrealized_pl=$3400.00
2026-08-31 11:46:52 [INFO] Leg market value: SPY260904C00776000     qty=100  price=$0.5100  market_value=$5100.00  unrealized_pl=$-1500.00
2026-08-31 11:46:52 [INFO] Leg market value: SPY260904P00756000     qty=100  price=$0.9800  market_value=$9800.00  unrealized_pl=$-700.00
2026-08-31 11:46:52 [INFO] Leg market value: SPY260904P00766000     qty=-100 price=$3.5500  market_value=$-35500.00  unrealized_pl=$-100.00
2026-08-31 11:46:52 [INFO] Combined market value: leg_total=$-60400.00  imv=$61500.00  combined=$1100.00  pnl_pct=1.79%
2026-08-31 11:47:22 [INFO] SPY live price: $765.96  (polled @ 11:47:22 ET)
2026-08-31 11:47:52 [INFO] SPY live price: $765.80  (polled @ 11:47:52 ET)
2026-08-31 11:47:52 [INFO] Leg market value: SPY260904C00766000     qty=-100 price=$3.8900  market_value=$-38900.00  unrealized_pl=$4300.00
2026-08-31 11:47:52 [INFO] Leg market value: SPY260904C00776000     qty=100  price=$0.4900  market_value=$4900.00  unrealized_pl=$-1700.00
2026-08-31 11:47:52 [INFO] Leg market value: SPY260904P00756000     qty=100  price=$1.0100  market_value=$10100.00  unrealized_pl=$-400.00
2026-08-31 11:47:52 [INFO] Leg market value: SPY260904P00766000     qty=-100 price=$3.6200  market_value=$-36200.00  unrealized_pl=$-800.00
2026-08-31 11:47:52 [INFO] Combined market value: leg_total=$-60100.00  imv=$61500.00  combined=$1400.00  pnl_pct=2.28%
2026-08-31 11:48:22 [INFO] SPY live price: $765.87  (polled @ 11:48:22 ET)
2026-08-31 11:48:52 [INFO] SPY live price: $765.81  (polled @ 11:48:52 ET)
2026-08-31 11:48:52 [INFO] Leg market value: SPY260904C00766000     qty=-100 price=$3.9200  market_value=$-39200.00  unrealized_pl=$4000.00
2026-08-31 11:48:52 [INFO] Leg market value: SPY260904C00776000     qty=100  price=$0.5000  market_value=$5000.00  unrealized_pl=$-1600.00
2026-08-31 11:48:52 [INFO] Leg market value: SPY260904P00756000     qty=100  price=$1.0000  market_value=$10000.00  unrealized_pl=$-500.00
2026-08-31 11:48:52 [INFO] Leg market value: SPY260904P00766000     qty=-100 price=$3.6000  market_value=$-36000.00  unrealized_pl=$-600.00
2026-08-31 11:48:52 [INFO] Combined market value: leg_total=$-60200.00  imv=$61500.00  combined=$1300.00  pnl_pct=2.11%
2026-08-31 11:49:22 [INFO] Heartbeat [Mon 11:49 ET] — trade_executed=False  open_attempted=True  |  OPEN SUBMITTED (77565f9c-e719-4086-8223-7fb63301ed23)  |  CLOSE in 03h50m37s
2026-08-31 11:49:22 [INFO] Position monitor: 4 SPY opts  pnl=$1300.00  pnl_pct=2.1%
2026-08-31 11:49:22 [INFO] SPY live price: $765.86  (polled @ 11:49:22 ET)
2026-08-31 11:49:52 [INFO] SPY live price: $765.87  (polled @ 11:49:52 ET)
2026-08-31 11:49:52 [INFO] Leg market value: SPY260904C00766000     qty=-100 price=$3.9300  market_value=$-39300.00  unrealized_pl=$3900.00
2026-08-31 11:49:52 [INFO] Leg market value: SPY260904C00776000     qty=100  price=$0.5000  market_value=$5000.00  unrealized_pl=$-1600.00
2026-08-31 11:49:52 [INFO] Leg market value: SPY260904P00756000     qty=100  price=$1.0000  market_value=$10000.00  unrealized_pl=$-500.00
2026-08-31 11:49:52 [INFO] Leg market value: SPY260904P00766000     qty=-100 price=$3.5900  market_value=$-35900.00  unrealized_pl=$-500.00
2026-08-31 11:49:52 [INFO] Combined market value: leg_total=$-60200.00  imv=$61500.00  combined=$1300.00  pnl_pct=2.11%
2026-08-31 11:50:22 [INFO] SPY live price: $765.98  (polled @ 11:50:22 ET)
2026-08-31 11:50:52 [INFO] SPY live price: $766.05  (polled @ 11:50:52 ET)
2026-08-31 11:50:52 [INFO] Leg market value: SPY260904C00766000     qty=-100 price=$4.0200  market_value=$-40200.00  unrealized_pl=$3000.00
2026-08-31 11:50:52 [INFO] Leg market value: SPY260904C00776000     qty=100  price=$0.5200  market_value=$5200.00  unrealized_pl=$-1400.00
2026-08-31 11:50:52 [INFO] Leg market value: SPY260904P00756000     qty=100  price=$0.9700  market_value=$9700.00  unrealized_pl=$-800.00
2026-08-31 11:50:52 [INFO] Leg market value: SPY260904P00766000     qty=-100 price=$3.5000  market_value=$-35000.00  unrealized_pl=$400.00
2026-08-31 11:50:52 [INFO] Combined market value: leg_total=$-60300.00  imv=$61500.00  combined=$1200.00  pnl_pct=1.95%
2026-08-31 11:51:22 [INFO] SPY live price: $766.18  (polled @ 11:51:22 ET)
2026-08-31 11:51:52 [INFO] Leg market value: SPY260904C00766000     qty=-100 price=$4.0800  market_value=$-40800.00  unrealized_pl=$2400.00
2026-08-31 11:51:52 [INFO] Leg market value: SPY260904C00776000     qty=100  price=$0.5300  market_value=$5300.00  unrealized_pl=$-1300.00
2026-08-31 11:51:52 [INFO] Leg market value: SPY260904P00756000     qty=100  price=$0.9500  market_value=$9500.00  unrealized_pl=$-1000.00
2026-08-31 11:51:52 [INFO] Leg market value: SPY260904P00766000     qty=-100 price=$3.4600  market_value=$-34600.00  unrealized_pl=$800.00
2026-08-31 11:51:52 [INFO] Combined market value: leg_total=$-60600.00  imv=$61500.00  combined=$900.00  pnl_pct=1.46%
2026-08-31 11:51:52 [INFO] SPY live price: $766.15  (polled @ 11:51:52 ET)
2026-08-31 11:52:22 [INFO] SPY live price: $766.08  (polled @ 11:52:22 ET)
2026-08-31 11:52:52 [INFO] SPY live price: $766.12  (polled @ 11:52:52 ET)
2026-08-31 11:52:52 [INFO] Leg market value: SPY260904C00766000     qty=-100 price=$4.0500  market_value=$-40500.00  unrealized_pl=$2700.00
2026-08-31 11:52:52 [INFO] Leg market value: SPY260904C00776000     qty=100  price=$0.5300  market_value=$5300.00  unrealized_pl=$-1300.00
2026-08-31 11:52:52 [INFO] Leg market value: SPY260904P00756000     qty=100  price=$0.9500  market_value=$9500.00  unrealized_pl=$-1000.00
2026-08-31 11:52:52 [INFO] Leg market value: SPY260904P00766000     qty=-100 price=$3.4700  market_value=$-34700.00  unrealized_pl=$700.00
2026-08-31 11:52:52 [INFO] Combined market value: leg_total=$-60400.00  imv=$61500.00  combined=$1100.00  pnl_pct=1.79%
2026-08-31 11:53:22 [INFO] SPY live price: $766.18  (polled @ 11:53:22 ET)
2026-08-31 11:53:52 [INFO] SPY live price: $766.31  (polled @ 11:53:52 ET)
2026-08-31 11:53:52 [INFO] Leg market value: SPY260904C00766000     qty=-100 price=$4.1700  market_value=$-41700.00  unrealized_pl=$1500.00
2026-08-31 11:53:52 [INFO] Leg market value: SPY260904C00776000     qty=100  price=$0.5600  market_value=$5600.00  unrealized_pl=$-1000.00
2026-08-31 11:53:52 [INFO] Leg market value: SPY260904P00756000     qty=100  price=$0.9300  market_value=$9300.00  unrealized_pl=$-1200.00
2026-08-31 11:53:52 [INFO] Leg market value: SPY260904P00766000     qty=-100 price=$3.3700  market_value=$-33700.00  unrealized_pl=$1700.00
2026-08-31 11:53:52 [INFO] Combined market value: leg_total=$-60500.00  imv=$61500.00  combined=$1000.00  pnl_pct=1.63%
2026-08-31 11:54:22 [INFO] Heartbeat [Mon 11:54 ET] — trade_executed=False  open_attempted=True  |  OPEN SUBMITTED (77565f9c-e719-4086-8223-7fb63301ed23)  |  CLOSE in 03h45m37s
2026-08-31 11:54:22 [INFO] Position monitor: 4 SPY opts  pnl=$1000.00  pnl_pct=1.6%
2026-08-31 11:54:22 [INFO] SPY live price: $766.12  (polled @ 11:54:22 ET)
2026-08-31 11:54:52 [INFO] Leg market value: SPY260904C00766000     qty=-100 price=$4.0300  market_value=$-40300.00  unrealized_pl=$2900.00
2026-08-31 11:54:52 [INFO] Leg market value: SPY260904C00776000     qty=100  price=$0.5300  market_value=$5300.00  unrealized_pl=$-1300.00
2026-08-31 11:54:52 [INFO] Leg market value: SPY260904P00756000     qty=100  price=$0.9600  market_value=$9600.00  unrealized_pl=$-900.00
2026-08-31 11:54:52 [INFO] Leg market value: SPY260904P00766000     qty=-100 price=$3.4800  market_value=$-34800.00  unrealized_pl=$600.00
2026-08-31 11:54:52 [INFO] Combined market value: leg_total=$-60200.00  imv=$61500.00  combined=$1300.00  pnl_pct=2.11%
2026-08-31 11:54:53 [INFO] SPY live price: $766.08  (polled @ 11:54:53 ET)
2026-08-31 11:55:23 [INFO] SPY live price: $766.08  (polled @ 11:55:23 ET)
2026-08-31 11:55:53 [INFO] Leg market value: SPY260904C00766000     qty=-100 price=$3.9400  market_value=$-39400.00  unrealized_pl=$3800.00
2026-08-31 11:55:53 [INFO] Leg market value: SPY260904C00776000     qty=100  price=$0.5100  market_value=$5100.00  unrealized_pl=$-1500.00
2026-08-31 11:55:53 [INFO] Leg market value: SPY260904P00756000     qty=100  price=$1.0000  market_value=$10000.00  unrealized_pl=$-500.00
2026-08-31 11:55:53 [INFO] Leg market value: SPY260904P00766000     qty=-100 price=$3.6100  market_value=$-36100.00  unrealized_pl=$-700.00
2026-08-31 11:55:53 [INFO] Combined market value: leg_total=$-60400.00  imv=$61500.00  combined=$1100.00  pnl_pct=1.79%
2026-08-31 11:55:53 [INFO] SPY live price: $765.85  (polled @ 11:55:53 ET)
2026-08-31 11:56:23 [INFO] SPY live price: $765.89  (polled @ 11:56:23 ET)
2026-08-31 11:56:53 [INFO] Leg market value: SPY260904C00766000     qty=-100 price=$3.8900  market_value=$-38900.00  unrealized_pl=$4300.00
2026-08-31 11:56:53 [INFO] Leg market value: SPY260904C00776000     qty=100  price=$0.5100  market_value=$5100.00  unrealized_pl=$-1500.00
2026-08-31 11:56:53 [INFO] Leg market value: SPY260904P00756000     qty=100  price=$1.0200  market_value=$10200.00  unrealized_pl=$-300.00
2026-08-31 11:56:53 [INFO] Leg market value: SPY260904P00766000     qty=-100 price=$3.6600  market_value=$-36600.00  unrealized_pl=$-1200.00
2026-08-31 11:56:53 [INFO] Combined market value: leg_total=$-60200.00  imv=$61500.00  combined=$1300.00  pnl_pct=2.11%
2026-08-31 11:56:53 [INFO] SPY live price: $765.76  (polled @ 11:56:53 ET)
2026-08-31 11:57:23 [INFO] SPY live price: $765.67  (polled @ 11:57:23 ET)
2026-08-31 11:57:53 [INFO] Leg market value: SPY260904C00766000     qty=-100 price=$3.8800  market_value=$-38800.00  unrealized_pl=$4400.00
2026-08-31 11:57:53 [INFO] Leg market value: SPY260904C00776000     qty=100  price=$0.5000  market_value=$5000.00  unrealized_pl=$-1600.00
2026-08-31 11:57:53 [INFO] Leg market value: SPY260904P00756000     qty=100  price=$1.0300  market_value=$10300.00  unrealized_pl=$-200.00
2026-08-31 11:57:53 [INFO] Leg market value: SPY260904P00766000     qty=-100 price=$3.7000  market_value=$-37000.00  unrealized_pl=$-1600.00
2026-08-31 11:57:53 [INFO] Combined market value: leg_total=$-60500.00  imv=$61500.00  combined=$1000.00  pnl_pct=1.63%
2026-08-31 11:57:53 [INFO] SPY live price: $765.71  (polled @ 11:57:53 ET)
2026-08-31 11:58:23 [INFO] SPY live price: $765.55  (polled @ 11:58:23 ET)
2026-08-31 11:58:53 [INFO] Leg market value: SPY260904C00766000     qty=-100 price=$3.8200  market_value=$-38200.00  unrealized_pl=$5000.00
2026-08-31 11:58:53 [INFO] SPY live price: $765.56  (polled @ 11:58:53 ET)
2026-08-31 11:58:53 [INFO] Leg market value: SPY260904C00776000     qty=100  price=$0.4900  market_value=$4900.00  unrealized_pl=$-1700.00
2026-08-31 11:58:53 [INFO] Leg market value: SPY260904P00756000     qty=100  price=$1.0600  market_value=$10600.00  unrealized_pl=$100.00
2026-08-31 11:58:53 [INFO] Leg market value: SPY260904P00766000     qty=-100 price=$3.7700  market_value=$-37700.00  unrealized_pl=$-2300.00
2026-08-31 11:58:53 [INFO] Combined market value: leg_total=$-60400.00  imv=$61500.00  combined=$1100.00  pnl_pct=1.79%
2026-08-31 11:59:22 [INFO] Heartbeat [Mon 11:59 ET] — trade_executed=False  open_attempted=True  |  OPEN SUBMITTED (77565f9c-e719-4086-8223-7fb63301ed23)  |  CLOSE in 03h40m37s
2026-08-31 11:59:23 [INFO] SPY live price: $765.59  (polled @ 11:59:23 ET)
2026-08-31 11:59:23 [INFO] Position monitor: 4 SPY opts  pnl=$1000.00  pnl_pct=1.6%
2026-08-31 11:59:53 [INFO] Leg market value: SPY260904C00766000     qty=-100 price=$3.7300  market_value=$-37300.00  unrealized_pl=$5900.00
2026-08-31 11:59:53 [INFO] Leg market value: SPY260904C00776000     qty=100  price=$0.4700  market_value=$4700.00  unrealized_pl=$-1900.00
2026-08-31 11:59:53 [INFO] Leg market value: SPY260904P00756000     qty=100  price=$1.0900  market_value=$10900.00  unrealized_pl=$400.00
2026-08-31 11:59:53 [INFO] Leg market value: SPY260904P00766000     qty=-100 price=$3.8800  market_value=$-38800.00  unrealized_pl=$-3400.00
2026-08-31 11:59:53 [INFO] Combined market value: leg_total=$-60500.00  imv=$61500.00  combined=$1000.00  pnl_pct=1.63%
2026-08-31 11:59:53 [INFO] SPY live price: $765.36  (polled @ 11:59:53 ET)
2026-08-31 12:00:23 [INFO] SPY live price: $765.33  (polled @ 12:00:23 ET)
2026-08-31 12:00:53 [INFO] SPY live price: $765.36  (polled @ 12:00:53 ET)
2026-08-31 12:00:53 [INFO] Leg market value: SPY260904C00766000     qty=-100 price=$3.7300  market_value=$-37300.00  unrealized_pl=$5900.00
2026-08-31 12:00:53 [INFO] Leg market value: SPY260904C00776000     qty=100  price=$0.4700  market_value=$4700.00  unrealized_pl=$-1900.00
2026-08-31 12:00:53 [INFO] Leg market value: SPY260904P00756000     qty=100  price=$1.1100  market_value=$11100.00  unrealized_pl=$600.00
2026-08-31 12:00:53 [INFO] Leg market value: SPY260904P00766000     qty=-100 price=$3.9000  market_value=$-39000.00  unrealized_pl=$-3600.00
2026-08-31 12:00:53 [INFO] Combined market value: leg_total=$-60500.00  imv=$61500.00  combined=$1000.00  pnl_pct=1.63%
2026-08-31 12:01:23 [INFO] SPY live price: $765.12  (polled @ 12:01:23 ET)
2026-08-31 12:01:53 [INFO] Leg market value: SPY260904C00766000     qty=-100 price=$3.6900  market_value=$-36900.00  unrealized_pl=$6300.00
2026-08-31 12:01:53 [INFO] Leg market value: SPY260904C00776000     qty=100  price=$0.4700  market_value=$4700.00  unrealized_pl=$-1900.00
2026-08-31 12:01:53 [INFO] Leg market value: SPY260904P00756000     qty=100  price=$1.1200  market_value=$11200.00  unrealized_pl=$700.00
2026-08-31 12:01:53 [INFO] Leg market value: SPY260904P00766000     qty=-100 price=$3.9400  market_value=$-39400.00  unrealized_pl=$-4000.00
2026-08-31 12:01:53 [INFO] Combined market value: leg_total=$-60400.00  imv=$61500.00  combined=$1100.00  pnl_pct=1.79%
2026-08-31 12:01:53 [INFO] SPY live price: $765.26  (polled @ 12:01:53 ET)
2026-08-31 12:02:23 [INFO] SPY live price: $765.27  (polled @ 12:02:23 ET)
2026-08-31 12:02:53 [INFO] Leg market value: SPY260904C00766000     qty=-100 price=$3.6700  market_value=$-36700.00  unrealized_pl=$6500.00
2026-08-31 12:02:53 [INFO] Leg market value: SPY260904C00776000     qty=100  price=$0.4600  market_value=$4600.00  unrealized_pl=$-2000.00
2026-08-31 12:02:53 [INFO] Leg market value: SPY260904P00756000     qty=100  price=$1.1400  market_value=$11400.00  unrealized_pl=$900.00
2026-08-31 12:02:53 [INFO] Leg market value: SPY260904P00766000     qty=-100 price=$3.9700  market_value=$-39700.00  unrealized_pl=$-4300.00
2026-08-31 12:02:53 [INFO] Combined market value: leg_total=$-60400.00  imv=$61500.00  combined=$1100.00  pnl_pct=1.79%
2026-08-31 12:02:53 [INFO] SPY live price: $765.21  (polled @ 12:02:53 ET)
2026-08-31 12:03:23 [INFO] SPY live price: $765.29  (polled @ 12:03:23 ET)
2026-08-31 12:03:53 [INFO] SPY live price: $765.28  (polled @ 12:03:53 ET)
2026-08-31 12:03:53 [INFO] Leg market value: SPY260904C00766000     qty=-100 price=$3.7000  market_value=$-37000.00  unrealized_pl=$6200.00
2026-08-31 12:03:53 [INFO] Leg market value: SPY260904C00776000     qty=100  price=$0.4700  market_value=$4700.00  unrealized_pl=$-1900.00
2026-08-31 12:03:53 [INFO] Leg market value: SPY260904P00756000     qty=100  price=$1.1100  market_value=$11100.00  unrealized_pl=$600.00
2026-08-31 12:03:53 [INFO] Leg market value: SPY260904P00766000     qty=-100 price=$3.9100  market_value=$-39100.00  unrealized_pl=$-3700.00
2026-08-31 12:03:53 [INFO] Combined market value: leg_total=$-60300.00  imv=$61500.00  combined=$1200.00  pnl_pct=1.95%
2026-08-31 12:04:23 [INFO] Heartbeat [Mon 12:04 ET] — trade_executed=False  open_attempted=True  |  OPEN SUBMITTED (77565f9c-e719-4086-8223-7fb63301ed23)  |  CLOSE in 03h35m36s
2026-08-31 12:04:23 [INFO] Position monitor: 4 SPY opts  pnl=$1300.00  pnl_pct=2.1%
2026-08-31 12:04:23 [INFO] SPY live price: $765.15  (polled @ 12:04:23 ET)
2026-08-31 12:04:53 [INFO] Leg market value: SPY260904C00766000     qty=-100 price=$3.6200  market_value=$-36200.00  unrealized_pl=$7000.00
2026-08-31 12:04:53 [INFO] Leg market value: SPY260904C00776000     qty=100  price=$0.4500  market_value=$4500.00  unrealized_pl=$-2100.00
2026-08-31 12:04:53 [INFO] Leg market value: SPY260904P00756000     qty=100  price=$1.1300  market_value=$11300.00  unrealized_pl=$800.00
2026-08-31 12:04:53 [INFO] Leg market value: SPY260904P00766000     qty=-100 price=$3.9800  market_value=$-39800.00  unrealized_pl=$-4400.00
2026-08-31 12:04:53 [INFO] Combined market value: leg_total=$-60200.00  imv=$61500.00  combined=$1300.00  pnl_pct=2.11%
2026-08-31 12:04:53 [INFO] SPY live price: $765.16  (polled @ 12:04:53 ET)
2026-08-31 12:05:23 [INFO] SPY live price: $765.17  (polled @ 12:05:23 ET)
2026-08-31 12:05:53 [INFO] Leg market value: SPY260904C00766000     qty=-100 price=$3.5700  market_value=$-35700.00  unrealized_pl=$7500.00
2026-08-31 12:05:53 [INFO] Leg market value: SPY260904C00776000     qty=100  price=$0.4400  market_value=$4400.00  unrealized_pl=$-2200.00
2026-08-31 12:05:53 [INFO] Leg market value: SPY260904P00756000     qty=100  price=$1.1500  market_value=$11500.00  unrealized_pl=$1000.00
2026-08-31 12:05:53 [INFO] Leg market value: SPY260904P00766000     qty=-100 price=$4.0300  market_value=$-40300.00  unrealized_pl=$-4900.00
2026-08-31 12:05:53 [INFO] Combined market value: leg_total=$-60100.00  imv=$61500.00  combined=$1400.00  pnl_pct=2.28%
2026-08-31 12:05:53 [INFO] SPY live price: $765.05  (polled @ 12:05:53 ET)
2026-08-31 12:06:23 [INFO] SPY live price: $765.05  (polled @ 12:06:23 ET)
2026-08-31 12:06:53 [INFO] SPY live price: $765.14  (polled @ 12:06:53 ET)
2026-08-31 12:06:53 [INFO] Leg market value: SPY260904C00766000     qty=-100 price=$3.6000  market_value=$-36000.00  unrealized_pl=$7200.00
2026-08-31 12:06:53 [INFO] Leg market value: SPY260904C00776000     qty=100  price=$0.4400  market_value=$4400.00  unrealized_pl=$-2200.00
2026-08-31 12:06:53 [INFO] Leg market value: SPY260904P00756000     qty=100  price=$1.1200  market_value=$11200.00  unrealized_pl=$700.00
2026-08-31 12:06:53 [INFO] Leg market value: SPY260904P00766000     qty=-100 price=$3.9800  market_value=$-39800.00  unrealized_pl=$-4400.00
2026-08-31 12:06:53 [INFO] Combined market value: leg_total=$-60200.00  imv=$61500.00  combined=$1300.00  pnl_pct=2.11%
2026-08-31 12:07:23 [INFO] SPY live price: $765.11  (polled @ 12:07:23 ET)
2026-08-31 12:07:53 [INFO] Leg market value: SPY260904C00766000     qty=-100 price=$3.6000  market_value=$-36000.00  unrealized_pl=$7200.00
2026-08-31 12:07:53 [INFO] Leg market value: SPY260904C00776000     qty=100  price=$0.4400  market_value=$4400.00  unrealized_pl=$-2200.00
2026-08-31 12:07:53 [INFO] Leg market value: SPY260904P00756000     qty=100  price=$1.1300  market_value=$11300.00  unrealized_pl=$800.00
2026-08-31 12:07:53 [INFO] Leg market value: SPY260904P00766000     qty=-100 price=$3.9800  market_value=$-39800.00  unrealized_pl=$-4400.00
2026-08-31 12:07:53 [INFO] Combined market value: leg_total=$-60100.00  imv=$61500.00  combined=$1400.00  pnl_pct=2.28%
2026-08-31 12:07:53 [INFO] SPY live price: $765.11  (polled @ 12:07:53 ET)
2026-08-31 12:08:23 [INFO] SPY live price: $765.08  (polled @ 12:08:23 ET)
2026-08-31 12:08:53 [INFO] SPY live price: $765.10  (polled @ 12:08:53 ET)
2026-08-31 12:08:53 [INFO] Leg market value: SPY260904C00766000     qty=-100 price=$3.6000  market_value=$-36000.00  unrealized_pl=$7200.00
2026-08-31 12:08:53 [INFO] Leg market value: SPY260904C00776000     qty=100  price=$0.4400  market_value=$4400.00  unrealized_pl=$-2200.00
2026-08-31 12:08:53 [INFO] Leg market value: SPY260904P00756000     qty=100  price=$1.1300  market_value=$11300.00  unrealized_pl=$800.00
2026-08-31 12:08:53 [INFO] Leg market value: SPY260904P00766000     qty=-100 price=$3.9900  market_value=$-39900.00  unrealized_pl=$-4500.00
2026-08-31 12:08:53 [INFO] Combined market value: leg_total=$-60200.00  imv=$61500.00  combined=$1300.00  pnl_pct=2.11%
2026-08-31 12:09:23 [INFO] Heartbeat [Mon 12:09 ET] — trade_executed=False  open_attempted=True  |  OPEN SUBMITTED (77565f9c-e719-4086-8223-7fb63301ed23)  |  CLOSE in 03h30m36s
2026-08-31 12:09:23 [INFO] Position monitor: 4 SPY opts  pnl=$1200.00  pnl_pct=1.9%
2026-08-31 12:09:23 [INFO] SPY live price: $765.11  (polled @ 12:09:23 ET)
2026-08-31 12:09:53 [INFO] SPY live price: $765.18  (polled @ 12:09:53 ET)
2026-08-31 12:09:53 [INFO] Leg market value: SPY260904C00766000     qty=-100 price=$3.6300  market_value=$-36300.00  unrealized_pl=$6900.00
2026-08-31 12:09:53 [INFO] Leg market value: SPY260904C00776000     qty=100  price=$0.4500  market_value=$4500.00  unrealized_pl=$-2100.00
2026-08-31 12:09:53 [INFO] Leg market value: SPY260904P00756000     qty=100  price=$1.1100  market_value=$11100.00  unrealized_pl=$600.00
2026-08-31 12:09:53 [INFO] Leg market value: SPY260904P00766000     qty=-100 price=$3.9500  market_value=$-39500.00  unrealized_pl=$-4100.00
2026-08-31 12:09:53 [INFO] Combined market value: leg_total=$-60200.00  imv=$61500.00  combined=$1300.00  pnl_pct=2.11%
2026-08-31 12:10:23 [INFO] SPY live price: $765.31  (polled @ 12:10:23 ET)
2026-08-31 12:10:53 [INFO] SPY live price: $765.44  (polled @ 12:10:53 ET)
2026-08-31 12:10:53 [INFO] Leg market value: SPY260904C00766000     qty=-100 price=$3.7400  market_value=$-37400.00  unrealized_pl=$5800.00
2026-08-31 12:10:53 [INFO] Leg market value: SPY260904C00776000     qty=100  price=$0.4700  market_value=$4700.00  unrealized_pl=$-1900.00
2026-08-31 12:10:53 [INFO] Leg market value: SPY260904P00756000     qty=100  price=$1.0700  market_value=$10700.00  unrealized_pl=$200.00
2026-08-31 12:10:53 [INFO] Leg market value: SPY260904P00766000     qty=-100 price=$3.8200  market_value=$-38200.00  unrealized_pl=$-2800.00
2026-08-31 12:10:53 [INFO] Combined market value: leg_total=$-60200.00  imv=$61500.00  combined=$1300.00  pnl_pct=2.11%
2026-08-31 12:11:23 [INFO] SPY live price: $765.45  (polled @ 12:11:23 ET)
2026-08-31 12:11:53 [INFO] SPY live price: $765.57  (polled @ 12:11:53 ET)
2026-08-31 12:11:53 [INFO] Leg market value: SPY260904C00766000     qty=-100 price=$3.8100  market_value=$-38100.00  unrealized_pl=$5100.00
2026-08-31 12:11:53 [INFO] Leg market value: SPY260904C00776000     qty=100  price=$0.4900  market_value=$4900.00  unrealized_pl=$-1700.00
2026-08-31 12:11:53 [INFO] Leg market value: SPY260904P00756000     qty=100  price=$1.0400  market_value=$10400.00  unrealized_pl=$-100.00
2026-08-31 12:11:53 [INFO] Leg market value: SPY260904P00766000     qty=-100 price=$3.7500  market_value=$-37500.00  unrealized_pl=$-2100.00
2026-08-31 12:11:53 [INFO] Combined market value: leg_total=$-60300.00  imv=$61500.00  combined=$1200.00  pnl_pct=1.95%
2026-08-31 12:12:23 [INFO] SPY live price: $765.70  (polled @ 12:12:23 ET)
2026-08-31 12:12:53 [INFO] SPY live price: $765.60  (polled @ 12:12:53 ET)
2026-08-31 12:12:53 [INFO] Leg market value: SPY260904C00766000     qty=-100 price=$3.8400  market_value=$-38400.00  unrealized_pl=$4800.00
2026-08-31 12:12:53 [INFO] Leg market value: SPY260904C00776000     qty=100  price=$0.5000  market_value=$5000.00  unrealized_pl=$-1600.00
2026-08-31 12:12:53 [INFO] Leg market value: SPY260904P00756000     qty=100  price=$1.0400  market_value=$10400.00  unrealized_pl=$-100.00
2026-08-31 12:12:53 [INFO] Leg market value: SPY260904P00766000     qty=-100 price=$3.7200  market_value=$-37200.00  unrealized_pl=$-1800.00
2026-08-31 12:12:53 [INFO] Combined market value: leg_total=$-60200.00  imv=$61500.00  combined=$1300.00  pnl_pct=2.11%
2026-08-31 12:13:23 [INFO] SPY live price: $765.56  (polled @ 12:13:23 ET)
2026-08-31 12:13:53 [INFO] SPY live price: $765.57  (polled @ 12:13:53 ET)
2026-08-31 12:13:53 [INFO] Leg market value: SPY260904C00766000     qty=-100 price=$3.8200  market_value=$-38200.00  unrealized_pl=$5000.00
2026-08-31 12:13:53 [INFO] Leg market value: SPY260904C00776000     qty=100  price=$0.4900  market_value=$4900.00  unrealized_pl=$-1700.00
2026-08-31 12:13:53 [INFO] Leg market value: SPY260904P00756000     qty=100  price=$1.0400  market_value=$10400.00  unrealized_pl=$-100.00
2026-08-31 12:13:53 [INFO] Leg market value: SPY260904P00766000     qty=-100 price=$3.7400  market_value=$-37400.00  unrealized_pl=$-2000.00
2026-08-31 12:13:53 [INFO] Combined market value: leg_total=$-60300.00  imv=$61500.00  combined=$1200.00  pnl_pct=1.95%
2026-08-31 12:14:23 [INFO] Heartbeat [Mon 12:14 ET] — trade_executed=False  open_attempted=True  |  OPEN SUBMITTED (77565f9c-e719-4086-8223-7fb63301ed23)  |  CLOSE in 03h25m36s
2026-08-31 12:14:23 [INFO] SPY live price: $765.52  (polled @ 12:14:23 ET)
2026-08-31 12:14:24 [INFO] Position monitor: 4 SPY opts  pnl=$1300.00  pnl_pct=2.1%
2026-08-31 12:14:53 [INFO] SPY live price: $765.77  (polled @ 12:14:53 ET)
2026-08-31 12:14:53 [INFO] Leg market value: SPY260904C00766000     qty=-100 price=$3.9300  market_value=$-39300.00  unrealized_pl=$3900.00
2026-08-31 12:14:53 [INFO] Leg market value: SPY260904C00776000     qty=100  price=$0.5200  market_value=$5200.00  unrealized_pl=$-1400.00
2026-08-31 12:14:53 [INFO] Leg market value: SPY260904P00756000     qty=100  price=$1.0100  market_value=$10100.00  unrealized_pl=$-400.00
2026-08-31 12:14:53 [INFO] Leg market value: SPY260904P00766000     qty=-100 price=$3.6400  market_value=$-36400.00  unrealized_pl=$-1000.00
2026-08-31 12:14:53 [INFO] Combined market value: leg_total=$-60400.00  imv=$61500.00  combined=$1100.00  pnl_pct=1.79%
2026-08-31 12:15:23 [INFO] SPY live price: $765.73  (polled @ 12:15:23 ET)
2026-08-31 12:15:53 [INFO] Leg market value: SPY260904C00766000     qty=-100 price=$3.8700  market_value=$-38700.00  unrealized_pl=$4500.00
2026-08-31 12:15:53 [INFO] Leg market value: SPY260904C00776000     qty=100  price=$0.5000  market_value=$5000.00  unrealized_pl=$-1600.00
2026-08-31 12:15:53 [INFO] Leg market value: SPY260904P00756000     qty=100  price=$1.0300  market_value=$10300.00  unrealized_pl=$-200.00
2026-08-31 12:15:53 [INFO] Leg market value: SPY260904P00766000     qty=-100 price=$3.7000  market_value=$-37000.00  unrealized_pl=$-1600.00
2026-08-31 12:15:53 [INFO] Combined market value: leg_total=$-60400.00  imv=$61500.00  combined=$1100.00  pnl_pct=1.79%
2026-08-31 12:15:53 [INFO] SPY live price: $765.67  (polled @ 12:15:53 ET)
2026-08-31 12:16:23 [INFO] SPY live price: $765.62  (polled @ 12:16:23 ET)
2026-08-31 12:16:53 [INFO] SPY live price: $765.50  (polled @ 12:16:53 ET)
2026-08-31 12:16:53 [INFO] Leg market value: SPY260904C00766000     qty=-100 price=$3.7900  market_value=$-37900.00  unrealized_pl=$5300.00
2026-08-31 12:16:53 [INFO] Leg market value: SPY260904C00776000     qty=100  price=$0.4800  market_value=$4800.00  unrealized_pl=$-1800.00
2026-08-31 12:16:53 [INFO] Leg market value: SPY260904P00756000     qty=100  price=$1.0600  market_value=$10600.00  unrealized_pl=$100.00
2026-08-31 12:16:53 [INFO] Leg market value: SPY260904P00766000     qty=-100 price=$3.7800  market_value=$-37800.00  unrealized_pl=$-2400.00
2026-08-31 12:16:53 [INFO] Combined market value: leg_total=$-60300.00  imv=$61500.00  combined=$1200.00  pnl_pct=1.95%
2026-08-31 12:17:23 [INFO] SPY live price: $765.37  (polled @ 12:17:23 ET)
2026-08-31 12:17:53 [INFO] SPY live price: $765.30  (polled @ 12:17:53 ET)
2026-08-31 12:17:53 [INFO] Leg market value: SPY260904C00766000     qty=-100 price=$3.6900  market_value=$-36900.00  unrealized_pl=$6300.00
2026-08-31 12:17:53 [INFO] Leg market value: SPY260904C00776000     qty=100  price=$0.4600  market_value=$4600.00  unrealized_pl=$-2000.00
2026-08-31 12:17:53 [INFO] Leg market value: SPY260904P00756000     qty=100  price=$1.1000  market_value=$11000.00  unrealized_pl=$500.00
2026-08-31 12:17:53 [INFO] Leg market value: SPY260904P00766000     qty=-100 price=$3.9000  market_value=$-39000.00  unrealized_pl=$-3600.00
2026-08-31 12:17:53 [INFO] Combined market value: leg_total=$-60300.00  imv=$61500.00  combined=$1200.00  pnl_pct=1.95%
2026-08-31 12:18:23 [INFO] SPY live price: $765.38  (polled @ 12:18:23 ET)
2026-08-31 12:18:53 [INFO] Leg market value: SPY260904C00766000     qty=-100 price=$3.7000  market_value=$-37000.00  unrealized_pl=$6200.00
2026-08-31 12:18:53 [INFO] Leg market value: SPY260904C00776000     qty=100  price=$0.4600  market_value=$4600.00  unrealized_pl=$-2000.00
2026-08-31 12:18:53 [INFO] Leg market value: SPY260904P00756000     qty=100  price=$1.0900  market_value=$10900.00  unrealized_pl=$400.00
2026-08-31 12:18:53 [INFO] Leg market value: SPY260904P00766000     qty=-100 price=$3.8700  market_value=$-38700.00  unrealized_pl=$-3300.00
2026-08-31 12:18:53 [INFO] Combined market value: leg_total=$-60200.00  imv=$61500.00  combined=$1300.00  pnl_pct=2.11%
2026-08-31 12:18:53 [INFO] SPY live price: $765.33  (polled @ 12:18:53 ET)
2026-08-31 12:19:23 [INFO] Heartbeat [Mon 12:19 ET] — trade_executed=False  open_attempted=True  |  OPEN SUBMITTED (77565f9c-e719-4086-8223-7fb63301ed23)  |  CLOSE in 03h20m36s
2026-08-31 12:19:23 [INFO] Position monitor: 4 SPY opts  pnl=$1300.00  pnl_pct=2.1%
2026-08-31 12:19:23 [INFO] SPY live price: $765.39  (polled @ 12:19:23 ET)
2026-08-31 12:19:53 [INFO] SPY live price: $765.55  (polled @ 12:19:53 ET)
2026-08-31 12:19:53 [INFO] Leg market value: SPY260904C00766000     qty=-100 price=$3.8100  market_value=$-38100.00  unrealized_pl=$5100.00
2026-08-31 12:19:53 [INFO] Leg market value: SPY260904C00776000     qty=100  price=$0.4900  market_value=$4900.00  unrealized_pl=$-1700.00
2026-08-31 12:19:53 [INFO] Leg market value: SPY260904P00756000     qty=100  price=$1.0500  market_value=$10500.00  unrealized_pl=$0.00
2026-08-31 12:19:53 [INFO] Leg market value: SPY260904P00766000     qty=-100 price=$3.7600  market_value=$-37600.00  unrealized_pl=$-2200.00
2026-08-31 12:19:53 [INFO] Combined market value: leg_total=$-60300.00  imv=$61500.00  combined=$1200.00  pnl_pct=1.95%
2026-08-31 12:20:23 [INFO] SPY live price: $765.61  (polled @ 12:20:23 ET)
2026-08-31 12:20:53 [INFO] SPY live price: $765.60  (polled @ 12:20:53 ET)
2026-08-31 12:20:53 [INFO] Leg market value: SPY260904C00766000     qty=-100 price=$3.8300  market_value=$-38300.00  unrealized_pl=$4900.00
2026-08-31 12:20:53 [INFO] Leg market value: SPY260904C00776000     qty=100  price=$0.4900  market_value=$4900.00  unrealized_pl=$-1700.00
2026-08-31 12:20:53 [INFO] Leg market value: SPY260904P00756000     qty=100  price=$1.0400  market_value=$10400.00  unrealized_pl=$-100.00
2026-08-31 12:20:53 [INFO] Leg market value: SPY260904P00766000     qty=-100 price=$3.7400  market_value=$-37400.00  unrealized_pl=$-2000.00
2026-08-31 12:20:53 [INFO] Combined market value: leg_total=$-60400.00  imv=$61500.00  combined=$1100.00  pnl_pct=1.79%
2026-08-31 12:21:23 [INFO] SPY live price: $765.59  (polled @ 12:21:23 ET)
2026-08-31 12:21:53 [INFO] Leg market value: SPY260904C00766000     qty=-100 price=$3.8200  market_value=$-38200.00  unrealized_pl=$5000.00
2026-08-31 12:21:53 [INFO] Leg market value: SPY260904C00776000     qty=100  price=$0.4900  market_value=$4900.00  unrealized_pl=$-1700.00
2026-08-31 12:21:53 [INFO] Leg market value: SPY260904P00756000     qty=100  price=$1.0500  market_value=$10500.00  unrealized_pl=$0.00
2026-08-31 12:21:53 [INFO] Leg market value: SPY260904P00766000     qty=-100 price=$3.7500  market_value=$-37500.00  unrealized_pl=$-2100.00
2026-08-31 12:21:53 [INFO] Combined market value: leg_total=$-60300.00  imv=$61500.00  combined=$1200.00  pnl_pct=1.95%
2026-08-31 12:21:53 [INFO] SPY live price: $765.57  (polled @ 12:21:53 ET)
2026-08-31 12:22:23 [INFO] SPY live price: $765.40  (polled @ 12:22:23 ET)
2026-08-31 12:22:53 [INFO] SPY live price: $765.39  (polled @ 12:22:53 ET)
2026-08-31 12:22:53 [INFO] Leg market value: SPY260904C00766000     qty=-100 price=$3.7200  market_value=$-37200.00  unrealized_pl=$6000.00
2026-08-31 12:22:53 [INFO] Leg market value: SPY260904C00776000     qty=100  price=$0.4700  market_value=$4700.00  unrealized_pl=$-1900.00
2026-08-31 12:22:53 [INFO] Leg market value: SPY260904P00756000     qty=100  price=$1.0800  market_value=$10800.00  unrealized_pl=$300.00
2026-08-31 12:22:53 [INFO] Leg market value: SPY260904P00766000     qty=-100 price=$3.8500  market_value=$-38500.00  unrealized_pl=$-3100.00
2026-08-31 12:22:53 [INFO] Combined market value: leg_total=$-60200.00  imv=$61500.00  combined=$1300.00  pnl_pct=2.11%
2026-08-31 12:23:23 [INFO] SPY live price: $765.32  (polled @ 12:23:23 ET)
2026-08-31 12:23:53 [INFO] SPY live price: $765.41  (polled @ 12:23:53 ET)
2026-08-31 12:23:53 [INFO] Leg market value: SPY260904C00766000     qty=-100 price=$3.7400  market_value=$-37400.00  unrealized_pl=$5800.00
2026-08-31 12:23:53 [INFO] Leg market value: SPY260904C00776000     qty=100  price=$0.4700  market_value=$4700.00  unrealized_pl=$-1900.00
2026-08-31 12:23:53 [INFO] Leg market value: SPY260904P00756000     qty=100  price=$1.0800  market_value=$10800.00  unrealized_pl=$300.00
2026-08-31 12:23:53 [INFO] Leg market value: SPY260904P00766000     qty=-100 price=$3.8400  market_value=$-38400.00  unrealized_pl=$-3000.00
2026-08-31 12:23:53 [INFO] Combined market value: leg_total=$-60300.00  imv=$61500.00  combined=$1200.00  pnl_pct=1.95%
2026-08-31 12:24:23 [INFO] Heartbeat [Mon 12:24 ET] — trade_executed=False  open_attempted=True  |  OPEN SUBMITTED (77565f9c-e719-4086-8223-7fb63301ed23)  |  CLOSE in 03h15m36s
2026-08-31 12:24:23 [INFO] SPY live price: $765.42  (polled @ 12:24:23 ET)
2026-08-31 12:24:23 [INFO] Position monitor: 4 SPY opts  pnl=$1300.00  pnl_pct=2.1%
2026-08-31 12:24:53 [INFO] Leg market value: SPY260904C00766000     qty=-100 price=$3.7500  market_value=$-37500.00  unrealized_pl=$5700.00
2026-08-31 12:24:53 [INFO] Leg market value: SPY260904C00776000     qty=100  price=$0.4700  market_value=$4700.00  unrealized_pl=$-1900.00
2026-08-31 12:24:53 [INFO] Leg market value: SPY260904P00756000     qty=100  price=$1.0700  market_value=$10700.00  unrealized_pl=$200.00
2026-08-31 12:24:53 [INFO] Leg market value: SPY260904P00766000     qty=-100 price=$3.8300  market_value=$-38300.00  unrealized_pl=$-2900.00
2026-08-31 12:24:53 [INFO] Combined market value: leg_total=$-60400.00  imv=$61500.00  combined=$1100.00  pnl_pct=1.79%
2026-08-31 12:24:53 [INFO] SPY live price: $765.42  (polled @ 12:24:53 ET)
2026-08-31 12:25:23 [INFO] SPY live price: $765.49  (polled @ 12:25:23 ET)
2026-08-31 12:25:53 [INFO] Leg market value: SPY260904C00766000     qty=-100 price=$3.8000  market_value=$-38000.00  unrealized_pl=$5200.00
2026-08-31 12:25:53 [INFO] Leg market value: SPY260904C00776000     qty=100  price=$0.4900  market_value=$4900.00  unrealized_pl=$-1700.00
2026-08-31 12:25:53 [INFO] Leg market value: SPY260904P00756000     qty=100  price=$1.0500  market_value=$10500.00  unrealized_pl=$0.00
2026-08-31 12:25:53 [INFO] Leg market value: SPY260904P00766000     qty=-100 price=$3.7700  market_value=$-37700.00  unrealized_pl=$-2300.00
2026-08-31 12:25:53 [INFO] Combined market value: leg_total=$-60300.00  imv=$61500.00  combined=$1200.00  pnl_pct=1.95%
2026-08-31 12:25:53 [INFO] SPY live price: $765.54  (polled @ 12:25:53 ET)
2026-08-31 12:26:23 [INFO] SPY live price: $765.49  (polled @ 12:26:23 ET)
2026-08-31 12:26:53 [INFO] SPY live price: $765.66  (polled @ 12:26:53 ET)
2026-08-31 12:26:53 [INFO] Leg market value: SPY260904C00766000     qty=-100 price=$3.8500  market_value=$-38500.00  unrealized_pl=$4700.00
2026-08-31 12:26:53 [INFO] Leg market value: SPY260904C00776000     qty=100  price=$0.5000  market_value=$5000.00  unrealized_pl=$-1600.00
2026-08-31 12:26:53 [INFO] Leg market value: SPY260904P00756000     qty=100  price=$1.0300  market_value=$10300.00  unrealized_pl=$-200.00
2026-08-31 12:26:53 [INFO] Leg market value: SPY260904P00766000     qty=-100 price=$3.7100  market_value=$-37100.00  unrealized_pl=$-1700.00
2026-08-31 12:26:53 [INFO] Combined market value: leg_total=$-60300.00  imv=$61500.00  combined=$1200.00  pnl_pct=1.95%
2026-08-31 12:27:23 [INFO] SPY live price: $765.72  (polled @ 12:27:23 ET)
2026-08-31 12:27:53 [INFO] Leg market value: SPY260904C00766000     qty=-100 price=$3.9400  market_value=$-39400.00  unrealized_pl=$3800.00
2026-08-31 12:27:53 [INFO] Leg market value: SPY260904C00776000     qty=100  price=$0.5100  market_value=$5100.00  unrealized_pl=$-1500.00
2026-08-31 12:27:53 [INFO] Leg market value: SPY260904P00756000     qty=100  price=$1.0100  market_value=$10100.00  unrealized_pl=$-400.00
2026-08-31 12:27:53 [INFO] Leg market value: SPY260904P00766000     qty=-100 price=$3.6300  market_value=$-36300.00  unrealized_pl=$-900.00
2026-08-31 12:27:53 [INFO] Combined market value: leg_total=$-60500.00  imv=$61500.00  combined=$1000.00  pnl_pct=1.63%
2026-08-31 12:27:53 [INFO] SPY live price: $765.80  (polled @ 12:27:53 ET)
2026-08-31 12:28:23 [INFO] SPY live price: $765.86  (polled @ 12:28:23 ET)
2026-08-31 12:28:53 [INFO] SPY live price: $765.75  (polled @ 12:28:53 ET)
2026-08-31 12:28:53 [INFO] Leg market value: SPY260904C00766000     qty=-100 price=$3.9100  market_value=$-39100.00  unrealized_pl=$4100.00
2026-08-31 12:28:53 [INFO] Leg market value: SPY260904C00776000     qty=100  price=$0.5000  market_value=$5000.00  unrealized_pl=$-1600.00
2026-08-31 12:28:53 [INFO] Leg market value: SPY260904P00756000     qty=100  price=$1.0100  market_value=$10100.00  unrealized_pl=$-400.00
2026-08-31 12:28:53 [INFO] Leg market value: SPY260904P00766000     qty=-100 price=$3.6500  market_value=$-36500.00  unrealized_pl=$-1100.00
2026-08-31 12:28:53 [INFO] Combined market value: leg_total=$-60500.00  imv=$61500.00  combined=$1000.00  pnl_pct=1.63%
2026-08-31 12:29:23 [INFO] Heartbeat [Mon 12:29 ET] — trade_executed=False  open_attempted=True  |  OPEN SUBMITTED (77565f9c-e719-4086-8223-7fb63301ed23)  |  CLOSE in 03h10m36s
2026-08-31 12:29:23 [INFO] SPY live price: $765.88  (polled @ 12:29:23 ET)
2026-08-31 12:29:23 [INFO] Position monitor: 4 SPY opts  pnl=$1000.00  pnl_pct=1.6%
2026-08-31 12:29:53 [INFO] Leg market value: SPY260904C00766000     qty=-100 price=$3.9500  market_value=$-39500.00  unrealized_pl=$3700.00
2026-08-31 12:29:53 [INFO] Leg market value: SPY260904C00776000     qty=100  price=$0.5200  market_value=$5200.00  unrealized_pl=$-1400.00
2026-08-31 12:29:53 [INFO] Leg market value: SPY260904P00756000     qty=100  price=$0.9900  market_value=$9900.00  unrealized_pl=$-600.00
2026-08-31 12:29:53 [INFO] Leg market value: SPY260904P00766000     qty=-100 price=$3.6000  market_value=$-36000.00  unrealized_pl=$-600.00
2026-08-31 12:29:53 [INFO] Combined market value: leg_total=$-60400.00  imv=$61500.00  combined=$1100.00  pnl_pct=1.79%
2026-08-31 12:29:53 [INFO] SPY live price: $765.88  (polled @ 12:29:53 ET)
2026-08-31 12:30:23 [INFO] SPY live price: $765.86  (polled @ 12:30:23 ET)
2026-08-31 12:30:53 [INFO] SPY live price: $765.82  (polled @ 12:30:53 ET)
2026-08-31 12:30:53 [INFO] Leg market value: SPY260904C00766000     qty=-100 price=$3.9300  market_value=$-39300.00  unrealized_pl=$3900.00
2026-08-31 12:30:53 [INFO] Leg market value: SPY260904C00776000     qty=100  price=$0.5100  market_value=$5100.00  unrealized_pl=$-1500.00
2026-08-31 12:30:53 [INFO] Leg market value: SPY260904P00756000     qty=100  price=$1.0000  market_value=$10000.00  unrealized_pl=$-500.00
2026-08-31 12:30:53 [INFO] Leg market value: SPY260904P00766000     qty=-100 price=$3.6200  market_value=$-36200.00  unrealized_pl=$-800.00
2026-08-31 12:30:53 [INFO] Combined market value: leg_total=$-60400.00  imv=$61500.00  combined=$1100.00  pnl_pct=1.79%
2026-08-31 12:31:23 [INFO] SPY live price: $765.72  (polled @ 12:31:23 ET)
2026-08-31 12:31:53 [INFO] SPY live price: $765.80  (polled @ 12:31:53 ET)
2026-08-31 12:31:53 [INFO] Leg market value: SPY260904C00766000     qty=-100 price=$3.9200  market_value=$-39200.00  unrealized_pl=$4000.00
2026-08-31 12:31:53 [INFO] Leg market value: SPY260904C00776000     qty=100  price=$0.5100  market_value=$5100.00  unrealized_pl=$-1500.00
2026-08-31 12:31:53 [INFO] Leg market value: SPY260904P00756000     qty=100  price=$1.0000  market_value=$10000.00  unrealized_pl=$-500.00
2026-08-31 12:31:53 [INFO] Leg market value: SPY260904P00766000     qty=-100 price=$3.6300  market_value=$-36300.00  unrealized_pl=$-900.00
2026-08-31 12:31:53 [INFO] Combined market value: leg_total=$-60400.00  imv=$61500.00  combined=$1100.00  pnl_pct=1.79%
2026-08-31 12:32:23 [INFO] SPY live price: $765.72  (polled @ 12:32:23 ET)
2026-08-31 12:32:53 [INFO] SPY live price: $765.68  (polled @ 12:32:53 ET)
2026-08-31 12:32:53 [INFO] Leg market value: SPY260904C00766000     qty=-100 price=$3.8700  market_value=$-38700.00  unrealized_pl=$4500.00
2026-08-31 12:32:53 [INFO] Leg market value: SPY260904C00776000     qty=100  price=$0.5000  market_value=$5000.00  unrealized_pl=$-1600.00
2026-08-31 12:32:53 [INFO] Leg market value: SPY260904P00756000     qty=100  price=$1.0300  market_value=$10300.00  unrealized_pl=$-200.00
2026-08-31 12:32:53 [INFO] Leg market value: SPY260904P00766000     qty=-100 price=$3.6900  market_value=$-36900.00  unrealized_pl=$-1500.00
2026-08-31 12:32:53 [INFO] Combined market value: leg_total=$-60300.00  imv=$61500.00  combined=$1200.00  pnl_pct=1.95%
2026-08-31 12:33:23 [INFO] SPY live price: $765.74  (polled @ 12:33:23 ET)
2026-08-31 12:33:53 [INFO] Leg market value: SPY260904C00766000     qty=-100 price=$3.8900  market_value=$-38900.00  unrealized_pl=$4300.00
2026-08-31 12:33:53 [INFO] Leg market value: SPY260904C00776000     qty=100  price=$0.5000  market_value=$5000.00  unrealized_pl=$-1600.00
2026-08-31 12:33:53 [INFO] Leg market value: SPY260904P00756000     qty=100  price=$1.0200  market_value=$10200.00  unrealized_pl=$-300.00
2026-08-31 12:33:53 [INFO] Leg market value: SPY260904P00766000     qty=-100 price=$3.6700  market_value=$-36700.00  unrealized_pl=$-1300.00
2026-08-31 12:33:53 [INFO] Combined market value: leg_total=$-60400.00  imv=$61500.00  combined=$1100.00  pnl_pct=1.79%
2026-08-31 12:33:53 [INFO] SPY live price: $765.71  (polled @ 12:33:53 ET)
2026-08-31 12:34:23 [INFO] Heartbeat [Mon 12:34 ET] — trade_executed=False  open_attempted=True  |  OPEN SUBMITTED (77565f9c-e719-4086-8223-7fb63301ed23)  |  CLOSE in 03h05m36s
2026-08-31 12:34:24 [INFO] SPY live price: $765.83  (polled @ 12:34:24 ET)
2026-08-31 12:34:24 [INFO] Position monitor: 4 SPY opts  pnl=$1100.00  pnl_pct=1.8%
2026-08-31 12:34:54 [INFO] SPY live price: $765.82  (polled @ 12:34:54 ET)
2026-08-31 12:34:54 [INFO] Leg market value: SPY260904C00766000     qty=-100 price=$3.9400  market_value=$-39400.00  unrealized_pl=$3800.00
2026-08-31 12:34:54 [INFO] Leg market value: SPY260904C00776000     qty=100  price=$0.5100  market_value=$5100.00  unrealized_pl=$-1500.00
2026-08-31 12:34:54 [INFO] Leg market value: SPY260904P00756000     qty=100  price=$1.0000  market_value=$10000.00  unrealized_pl=$-500.00
2026-08-31 12:34:54 [INFO] Leg market value: SPY260904P00766000     qty=-100 price=$3.6300  market_value=$-36300.00  unrealized_pl=$-900.00
2026-08-31 12:34:54 [INFO] Combined market value: leg_total=$-60600.00  imv=$61500.00  combined=$900.00  pnl_pct=1.46%
2026-08-31 12:35:24 [INFO] SPY live price: $765.86  (polled @ 12:35:24 ET)
2026-08-31 12:35:54 [INFO] SPY live price: $765.77  (polled @ 12:35:54 ET)
2026-08-31 12:35:54 [INFO] Leg market value: SPY260904C00766000     qty=-100 price=$3.9400  market_value=$-39400.00  unrealized_pl=$3800.00
2026-08-31 12:35:54 [INFO] Leg market value: SPY260904C00776000     qty=100  price=$0.5100  market_value=$5100.00  unrealized_pl=$-1500.00
2026-08-31 12:35:54 [INFO] Leg market value: SPY260904P00756000     qty=100  price=$1.0100  market_value=$10100.00  unrealized_pl=$-400.00
2026-08-31 12:35:54 [INFO] Leg market value: SPY260904P00766000     qty=-100 price=$3.6500  market_value=$-36500.00  unrealized_pl=$-1100.00
2026-08-31 12:35:54 [INFO] Combined market value: leg_total=$-60700.00  imv=$61500.00  combined=$800.00  pnl_pct=1.30%
2026-08-31 12:36:24 [INFO] SPY live price: $765.71  (polled @ 12:36:24 ET)
2026-08-31 12:36:54 [INFO] SPY live price: $765.82  (polled @ 12:36:54 ET)
2026-08-31 12:36:54 [INFO] Leg market value: SPY260904C00766000     qty=-100 price=$3.9600  market_value=$-39600.00  unrealized_pl=$3600.00
2026-08-31 12:36:54 [INFO] Leg market value: SPY260904C00776000     qty=100  price=$0.5200  market_value=$5200.00  unrealized_pl=$-1400.00
2026-08-31 12:36:54 [INFO] Leg market value: SPY260904P00756000     qty=100  price=$1.0000  market_value=$10000.00  unrealized_pl=$-500.00
2026-08-31 12:36:54 [INFO] Leg market value: SPY260904P00766000     qty=-100 price=$3.6200  market_value=$-36200.00  unrealized_pl=$-800.00
2026-08-31 12:36:54 [INFO] Combined market value: leg_total=$-60600.00  imv=$61500.00  combined=$900.00  pnl_pct=1.46%
2026-08-31 12:37:24 [INFO] SPY live price: $765.72  (polled @ 12:37:24 ET)
2026-08-31 12:37:54 [INFO] Leg market value: SPY260904C00766000     qty=-100 price=$3.8800  market_value=$-38800.00  unrealized_pl=$4400.00
2026-08-31 12:37:54 [INFO] Leg market value: SPY260904C00776000     qty=100  price=$0.5000  market_value=$5000.00  unrealized_pl=$-1600.00
2026-08-31 12:37:54 [INFO] Leg market value: SPY260904P00756000     qty=100  price=$1.0300  market_value=$10300.00  unrealized_pl=$-200.00
2026-08-31 12:37:54 [INFO] Leg market value: SPY260904P00766000     qty=-100 price=$3.7000  market_value=$-37000.00  unrealized_pl=$-1600.00
2026-08-31 12:37:54 [INFO] Combined market value: leg_total=$-60500.00  imv=$61500.00  combined=$1000.00  pnl_pct=1.63%
2026-08-31 12:37:54 [INFO] SPY live price: $765.66  (polled @ 12:37:54 ET)
2026-08-31 12:38:24 [INFO] SPY live price: $765.63  (polled @ 12:38:24 ET)
2026-08-31 12:38:54 [INFO] SPY live price: $765.41  (polled @ 12:38:54 ET)
2026-08-31 12:38:54 [INFO] Leg market value: SPY260904C00766000     qty=-100 price=$3.7400  market_value=$-37400.00  unrealized_pl=$5800.00
2026-08-31 12:38:54 [INFO] Leg market value: SPY260904C00776000     qty=100  price=$0.4700  market_value=$4700.00  unrealized_pl=$-1900.00
2026-08-31 12:38:54 [INFO] Leg market value: SPY260904P00756000     qty=100  price=$1.0800  market_value=$10800.00  unrealized_pl=$300.00
2026-08-31 12:38:54 [INFO] Leg market value: SPY260904P00766000     qty=-100 price=$3.8400  market_value=$-38400.00  unrealized_pl=$-3000.00
2026-08-31 12:38:54 [INFO] Combined market value: leg_total=$-60300.00  imv=$61500.00  combined=$1200.00  pnl_pct=1.95%
2026-08-31 12:39:23 [INFO] Heartbeat [Mon 12:39 ET] — trade_executed=False  open_attempted=True  |  OPEN SUBMITTED (77565f9c-e719-4086-8223-7fb63301ed23)  |  CLOSE in 03h00m36s
2026-08-31 12:39:24 [INFO] Position monitor: 4 SPY opts  pnl=$1200.00  pnl_pct=1.9%
2026-08-31 12:39:24 [INFO] SPY live price: $765.38  (polled @ 12:39:24 ET)
2026-08-31 12:39:54 [INFO] Leg market value: SPY260904C00766000     qty=-100 price=$3.7000  market_value=$-37000.00  unrealized_pl=$6200.00
2026-08-31 12:39:54 [INFO] Leg market value: SPY260904C00776000     qty=100  price=$0.4700  market_value=$4700.00  unrealized_pl=$-1900.00
2026-08-31 12:39:54 [INFO] Leg market value: SPY260904P00756000     qty=100  price=$1.0900  market_value=$10900.00  unrealized_pl=$400.00
2026-08-31 12:39:54 [INFO] Leg market value: SPY260904P00766000     qty=-100 price=$3.8900  market_value=$-38900.00  unrealized_pl=$-3500.00
2026-08-31 12:39:54 [INFO] Combined market value: leg_total=$-60300.00  imv=$61500.00  combined=$1200.00  pnl_pct=1.95%
2026-08-31 12:39:54 [INFO] SPY live price: $765.31  (polled @ 12:39:54 ET)
2026-08-31 12:40:24 [INFO] SPY live price: $765.20  (polled @ 12:40:24 ET)
2026-08-31 12:40:54 [INFO] SPY live price: $765.35  (polled @ 12:40:54 ET)
2026-08-31 12:40:54 [INFO] Leg market value: SPY260904C00766000     qty=-100 price=$3.7200  market_value=$-37200.00  unrealized_pl=$6000.00
2026-08-31 12:40:54 [INFO] Leg market value: SPY260904C00776000     qty=100  price=$0.4700  market_value=$4700.00  unrealized_pl=$-1900.00
2026-08-31 12:40:54 [INFO] Leg market value: SPY260904P00756000     qty=100  price=$1.0800  market_value=$10800.00  unrealized_pl=$300.00
2026-08-31 12:40:54 [INFO] Leg market value: SPY260904P00766000     qty=-100 price=$3.8600  market_value=$-38600.00  unrealized_pl=$-3200.00
2026-08-31 12:40:54 [INFO] Combined market value: leg_total=$-60300.00  imv=$61500.00  combined=$1200.00  pnl_pct=1.95%
2026-08-31 12:41:24 [INFO] SPY live price: $765.43  (polled @ 12:41:24 ET)
2026-08-31 12:41:54 [INFO] SPY live price: $765.53  (polled @ 12:41:54 ET)
2026-08-31 12:41:54 [INFO] Leg market value: SPY260904C00766000     qty=-100 price=$3.8000  market_value=$-38000.00  unrealized_pl=$5200.00
2026-08-31 12:41:54 [INFO] Leg market value: SPY260904C00776000     qty=100  price=$0.4900  market_value=$4900.00  unrealized_pl=$-1700.00
2026-08-31 12:41:54 [INFO] Leg market value: SPY260904P00756000     qty=100  price=$1.0400  market_value=$10400.00  unrealized_pl=$-100.00
2026-08-31 12:41:54 [INFO] Leg market value: SPY260904P00766000     qty=-100 price=$3.7600  market_value=$-37600.00  unrealized_pl=$-2200.00
2026-08-31 12:41:54 [INFO] Combined market value: leg_total=$-60300.00  imv=$61500.00  combined=$1200.00  pnl_pct=1.95%
2026-08-31 12:42:24 [INFO] SPY live price: $765.68  (polled @ 12:42:24 ET)
2026-08-31 12:42:54 [INFO] SPY live price: $765.64  (polled @ 12:42:54 ET)
2026-08-31 12:42:54 [INFO] Leg market value: SPY260904C00766000     qty=-100 price=$3.8500  market_value=$-38500.00  unrealized_pl=$4700.00
2026-08-31 12:42:54 [INFO] Leg market value: SPY260904C00776000     qty=100  price=$0.5000  market_value=$5000.00  unrealized_pl=$-1600.00
2026-08-31 12:42:54 [INFO] Leg market value: SPY260904P00756000     qty=100  price=$1.0200  market_value=$10200.00  unrealized_pl=$-300.00
2026-08-31 12:42:54 [INFO] Leg market value: SPY260904P00766000     qty=-100 price=$3.7100  market_value=$-37100.00  unrealized_pl=$-1700.00
2026-08-31 12:42:54 [INFO] Combined market value: leg_total=$-60400.00  imv=$61500.00  combined=$1100.00  pnl_pct=1.79%
2026-08-31 12:43:24 [INFO] SPY live price: $765.58  (polled @ 12:43:24 ET)
2026-08-31 12:43:54 [INFO] Leg market value: SPY260904C00766000     qty=-100 price=$3.9000  market_value=$-39000.00  unrealized_pl=$4200.00
2026-08-31 12:43:54 [INFO] Leg market value: SPY260904C00776000     qty=100  price=$0.5100  market_value=$5100.00  unrealized_pl=$-1500.00
2026-08-31 12:43:54 [INFO] Leg market value: SPY260904P00756000     qty=100  price=$1.0100  market_value=$10100.00  unrealized_pl=$-400.00
2026-08-31 12:43:54 [INFO] Leg market value: SPY260904P00766000     qty=-100 price=$3.6600  market_value=$-36600.00  unrealized_pl=$-1200.00
2026-08-31 12:43:54 [INFO] Combined market value: leg_total=$-60400.00  imv=$61500.00  combined=$1100.00  pnl_pct=1.79%
2026-08-31 12:43:54 [INFO] SPY live price: $765.73  (polled @ 12:43:54 ET)
2026-08-31 12:44:24 [INFO] Heartbeat [Mon 12:44 ET] — trade_executed=False  open_attempted=True  |  OPEN SUBMITTED (77565f9c-e719-4086-8223-7fb63301ed23)  |  CLOSE in 02h55m35s
2026-08-31 12:44:24 [INFO] SPY live price: $765.65  (polled @ 12:44:24 ET)
2026-08-31 12:44:24 [INFO] Position monitor: 4 SPY opts  pnl=$1100.00  pnl_pct=1.8%
2026-08-31 12:44:54 [INFO] SPY live price: $765.44  (polled @ 12:44:54 ET)
2026-08-31 12:44:54 [INFO] Leg market value: SPY260904C00766000     qty=-100 price=$3.7500  market_value=$-37500.00  unrealized_pl=$5700.00
2026-08-31 12:44:54 [INFO] Leg market value: SPY260904C00776000     qty=100  price=$0.4800  market_value=$4800.00  unrealized_pl=$-1800.00
2026-08-31 12:44:54 [INFO] Leg market value: SPY260904P00756000     qty=100  price=$1.0600  market_value=$10600.00  unrealized_pl=$100.00
2026-08-31 12:44:54 [INFO] Leg market value: SPY260904P00766000     qty=-100 price=$3.8100  market_value=$-38100.00  unrealized_pl=$-2700.00
2026-08-31 12:44:54 [INFO] Combined market value: leg_total=$-60200.00  imv=$61500.00  combined=$1300.00  pnl_pct=2.11%
2026-08-31 12:45:24 [INFO] SPY live price: $765.52  (polled @ 12:45:24 ET)
2026-08-31 12:45:54 [INFO] SPY live price: $765.50  (polled @ 12:45:54 ET)
2026-08-31 12:45:54 [INFO] Leg market value: SPY260904C00766000     qty=-100 price=$3.7900  market_value=$-37900.00  unrealized_pl=$5300.00
2026-08-31 12:45:54 [INFO] Leg market value: SPY260904C00776000     qty=100  price=$0.4800  market_value=$4800.00  unrealized_pl=$-1800.00
2026-08-31 12:45:54 [INFO] Leg market value: SPY260904P00756000     qty=100  price=$1.0400  market_value=$10400.00  unrealized_pl=$-100.00
2026-08-31 12:45:54 [INFO] Leg market value: SPY260904P00766000     qty=-100 price=$3.7700  market_value=$-37700.00  unrealized_pl=$-2300.00
2026-08-31 12:45:54 [INFO] Combined market value: leg_total=$-60400.00  imv=$61500.00  combined=$1100.00  pnl_pct=1.79%
2026-08-31 12:46:24 [INFO] SPY live price: $765.45  (polled @ 12:46:24 ET)
2026-08-31 12:46:54 [INFO] Leg market value: SPY260904C00766000     qty=-100 price=$3.7600  market_value=$-37600.00  unrealized_pl=$5600.00
2026-08-31 12:46:54 [INFO] Leg market value: SPY260904C00776000     qty=100  price=$0.4800  market_value=$4800.00  unrealized_pl=$-1800.00
2026-08-31 12:46:54 [INFO] Leg market value: SPY260904P00756000     qty=100  price=$1.0500  market_value=$10500.00  unrealized_pl=$0.00
2026-08-31 12:46:54 [INFO] Leg market value: SPY260904P00766000     qty=-100 price=$3.8000  market_value=$-38000.00  unrealized_pl=$-2600.00
2026-08-31 12:46:54 [INFO] Combined market value: leg_total=$-60300.00  imv=$61500.00  combined=$1200.00  pnl_pct=1.95%
2026-08-31 12:46:54 [INFO] SPY live price: $765.45  (polled @ 12:46:54 ET)
2026-08-31 12:47:24 [INFO] SPY live price: $765.55  (polled @ 12:47:24 ET)
2026-08-31 12:47:54 [INFO] SPY live price: $765.61  (polled @ 12:47:54 ET)
2026-08-31 12:47:54 [INFO] Leg market value: SPY260904C00766000     qty=-100 price=$3.8400  market_value=$-38400.00  unrealized_pl=$4800.00
2026-08-31 12:47:54 [INFO] Leg market value: SPY260904C00776000     qty=100  price=$0.5000  market_value=$5000.00  unrealized_pl=$-1600.00
2026-08-31 12:47:54 [INFO] Leg market value: SPY260904P00756000     qty=100  price=$1.0200  market_value=$10200.00  unrealized_pl=$-300.00
2026-08-31 12:47:54 [INFO] Leg market value: SPY260904P00766000     qty=-100 price=$3.7200  market_value=$-37200.00  unrealized_pl=$-1800.00
2026-08-31 12:47:54 [INFO] Combined market value: leg_total=$-60400.00  imv=$61500.00  combined=$1100.00  pnl_pct=1.79%
2026-08-31 12:48:24 [INFO] SPY live price: $765.64  (polled @ 12:48:24 ET)
2026-08-31 12:48:54 [INFO] SPY live price: $765.69  (polled @ 12:48:54 ET)
2026-08-31 12:48:54 [INFO] Leg market value: SPY260904C00766000     qty=-100 price=$3.8800  market_value=$-38800.00  unrealized_pl=$4400.00
2026-08-31 12:48:54 [INFO] Leg market value: SPY260904C00776000     qty=100  price=$0.5000  market_value=$5000.00  unrealized_pl=$-1600.00
2026-08-31 12:48:54 [INFO] Leg market value: SPY260904P00756000     qty=100  price=$1.0100  market_value=$10100.00  unrealized_pl=$-400.00
2026-08-31 12:48:54 [INFO] Leg market value: SPY260904P00766000     qty=-100 price=$3.6800  market_value=$-36800.00  unrealized_pl=$-1400.00
2026-08-31 12:48:54 [INFO] Combined market value: leg_total=$-60500.00  imv=$61500.00  combined=$1000.00  pnl_pct=1.63%
2026-08-31 12:49:24 [INFO] Heartbeat [Mon 12:49 ET] — trade_executed=False  open_attempted=True  |  OPEN SUBMITTED (77565f9c-e719-4086-8223-7fb63301ed23)  |  CLOSE in 02h50m35s
2026-08-31 12:49:24 [INFO] Position monitor: 4 SPY opts  pnl=$1000.00  pnl_pct=1.6%
2026-08-31 12:49:24 [INFO] SPY live price: $765.79  (polled @ 12:49:24 ET)
2026-08-31 12:49:54 [INFO] SPY live price: $765.76  (polled @ 12:49:54 ET)
2026-08-31 12:49:54 [INFO] Leg market value: SPY260904C00766000     qty=-100 price=$3.9100  market_value=$-39100.00  unrealized_pl=$4100.00
2026-08-31 12:49:54 [INFO] Leg market value: SPY260904C00776000     qty=100  price=$0.5200  market_value=$5200.00  unrealized_pl=$-1400.00
2026-08-31 12:49:54 [INFO] Leg market value: SPY260904P00756000     qty=100  price=$1.0000  market_value=$10000.00  unrealized_pl=$-500.00
2026-08-31 12:49:54 [INFO] Leg market value: SPY260904P00766000     qty=-100 price=$3.6500  market_value=$-36500.00  unrealized_pl=$-1100.00
2026-08-31 12:49:54 [INFO] Combined market value: leg_total=$-60400.00  imv=$61500.00  combined=$1100.00  pnl_pct=1.79%
2026-08-31 12:50:24 [INFO] SPY live price: $765.70  (polled @ 12:50:24 ET)
2026-08-31 12:50:54 [INFO] SPY live price: $765.78  (polled @ 12:50:54 ET)
2026-08-31 12:50:54 [INFO] Leg market value: SPY260904C00766000     qty=-100 price=$3.9400  market_value=$-39400.00  unrealized_pl=$3800.00
2026-08-31 12:50:54 [INFO] Leg market value: SPY260904C00776000     qty=100  price=$0.5200  market_value=$5200.00  unrealized_pl=$-1400.00
2026-08-31 12:50:54 [INFO] Leg market value: SPY260904P00756000     qty=100  price=$0.9900  market_value=$9900.00  unrealized_pl=$-600.00
2026-08-31 12:50:54 [INFO] Leg market value: SPY260904P00766000     qty=-100 price=$3.6300  market_value=$-36300.00  unrealized_pl=$-900.00
2026-08-31 12:50:54 [INFO] Combined market value: leg_total=$-60600.00  imv=$61500.00  combined=$900.00  pnl_pct=1.46%
2026-08-31 12:51:24 [INFO] SPY live price: $765.86  (polled @ 12:51:24 ET)
2026-08-31 12:51:54 [INFO] SPY live price: $765.86  (polled @ 12:51:54 ET)
2026-08-31 12:51:54 [INFO] Leg market value: SPY260904C00766000     qty=-100 price=$3.9800  market_value=$-39800.00  unrealized_pl=$3400.00
2026-08-31 12:51:54 [INFO] Leg market value: SPY260904C00776000     qty=100  price=$0.5300  market_value=$5300.00  unrealized_pl=$-1300.00
2026-08-31 12:51:54 [INFO] Leg market value: SPY260904P00756000     qty=100  price=$0.9900  market_value=$9900.00  unrealized_pl=$-600.00
2026-08-31 12:51:54 [INFO] Leg market value: SPY260904P00766000     qty=-100 price=$3.6000  market_value=$-36000.00  unrealized_pl=$-600.00
2026-08-31 12:51:54 [INFO] Combined market value: leg_total=$-60600.00  imv=$61500.00  combined=$900.00  pnl_pct=1.46%
2026-08-31 12:52:24 [INFO] SPY live price: $765.90  (polled @ 12:52:24 ET)
2026-08-31 12:52:54 [INFO] Leg market value: SPY260904C00766000     qty=-100 price=$3.9900  market_value=$-39900.00  unrealized_pl=$3300.00
2026-08-31 12:52:54 [INFO] Leg market value: SPY260904C00776000     qty=100  price=$0.5300  market_value=$5300.00  unrealized_pl=$-1300.00
2026-08-31 12:52:54 [INFO] Leg market value: SPY260904P00756000     qty=100  price=$0.9800  market_value=$9800.00  unrealized_pl=$-700.00
2026-08-31 12:52:54 [INFO] Leg market value: SPY260904P00766000     qty=-100 price=$3.6000  market_value=$-36000.00  unrealized_pl=$-600.00
2026-08-31 12:52:54 [INFO] Combined market value: leg_total=$-60800.00  imv=$61500.00  combined=$700.00  pnl_pct=1.14%
2026-08-31 12:52:54 [INFO] SPY live price: $765.87  (polled @ 12:52:54 ET)
2026-08-31 12:53:24 [INFO] SPY live price: $765.93  (polled @ 12:53:24 ET)
2026-08-31 12:53:54 [INFO] Leg market value: SPY260904C00766000     qty=-100 price=$3.9800  market_value=$-39800.00  unrealized_pl=$3400.00
2026-08-31 12:53:54 [INFO] Leg market value: SPY260904C00776000     qty=100  price=$0.5300  market_value=$5300.00  unrealized_pl=$-1300.00
2026-08-31 12:53:54 [INFO] Leg market value: SPY260904P00756000     qty=100  price=$0.9900  market_value=$9900.00  unrealized_pl=$-600.00
2026-08-31 12:53:54 [INFO] Leg market value: SPY260904P00766000     qty=-100 price=$3.6000  market_value=$-36000.00  unrealized_pl=$-600.00
2026-08-31 12:53:54 [INFO] Combined market value: leg_total=$-60600.00  imv=$61500.00  combined=$900.00  pnl_pct=1.46%
2026-08-31 12:53:54 [INFO] SPY live price: $765.87  (polled @ 12:53:54 ET)
2026-08-31 12:54:24 [INFO] Heartbeat [Mon 12:54 ET] — trade_executed=False  open_attempted=True  |  OPEN SUBMITTED (77565f9c-e719-4086-8223-7fb63301ed23)  |  CLOSE in 02h45m35s
2026-08-31 12:54:24 [INFO] Position monitor: 4 SPY opts  pnl=$900.00  pnl_pct=1.5%
2026-08-31 12:54:24 [INFO] SPY live price: $765.77  (polled @ 12:54:24 ET)
2026-08-31 12:54:54 [INFO] SPY live price: $765.80  (polled @ 12:54:54 ET)
2026-08-31 12:54:54 [INFO] Leg market value: SPY260904C00766000     qty=-100 price=$3.9400  market_value=$-39400.00  unrealized_pl=$3800.00
2026-08-31 12:54:54 [INFO] Leg market value: SPY260904C00776000     qty=100  price=$0.5200  market_value=$5200.00  unrealized_pl=$-1400.00
2026-08-31 12:54:54 [INFO] Leg market value: SPY260904P00756000     qty=100  price=$1.0000  market_value=$10000.00  unrealized_pl=$-500.00
2026-08-31 12:54:54 [INFO] Leg market value: SPY260904P00766000     qty=-100 price=$3.6300  market_value=$-36300.00  unrealized_pl=$-900.00
2026-08-31 12:54:54 [INFO] Combined market value: leg_total=$-60500.00  imv=$61500.00  combined=$1000.00  pnl_pct=1.63%
2026-08-31 12:55:24 [INFO] SPY live price: $765.84  (polled @ 12:55:24 ET)
2026-08-31 12:55:54 [INFO] Leg market value: SPY260904C00766000     qty=-100 price=$3.9900  market_value=$-39900.00  unrealized_pl=$3300.00
2026-08-31 12:55:54 [INFO] Leg market value: SPY260904C00776000     qty=100  price=$0.5300  market_value=$5300.00  unrealized_pl=$-1300.00
2026-08-31 12:55:54 [INFO] Leg market value: SPY260904P00756000     qty=100  price=$0.9800  market_value=$9800.00  unrealized_pl=$-700.00
2026-08-31 12:55:54 [INFO] Leg market value: SPY260904P00766000     qty=-100 price=$3.5900  market_value=$-35900.00  unrealized_pl=$-500.00
2026-08-31 12:55:54 [INFO] Combined market value: leg_total=$-60700.00  imv=$61500.00  combined=$800.00  pnl_pct=1.30%
2026-08-31 12:55:54 [INFO] SPY live price: $765.89  (polled @ 12:55:54 ET)
2026-08-31 12:56:24 [INFO] SPY live price: $765.84  (polled @ 12:56:24 ET)
2026-08-31 12:56:54 [INFO] Leg market value: SPY260904C00766000     qty=-100 price=$3.9900  market_value=$-39900.00  unrealized_pl=$3300.00
2026-08-31 12:56:54 [INFO] Leg market value: SPY260904C00776000     qty=100  price=$0.5300  market_value=$5300.00  unrealized_pl=$-1300.00
2026-08-31 12:56:54 [INFO] Leg market value: SPY260904P00756000     qty=100  price=$0.9800  market_value=$9800.00  unrealized_pl=$-700.00
2026-08-31 12:56:54 [INFO] Leg market value: SPY260904P00766000     qty=-100 price=$3.6000  market_value=$-36000.00  unrealized_pl=$-600.00
2026-08-31 12:56:54 [INFO] Combined market value: leg_total=$-60800.00  imv=$61500.00  combined=$700.00  pnl_pct=1.14%
2026-08-31 12:56:54 [INFO] SPY live price: $765.89  (polled @ 12:56:54 ET)
2026-08-31 12:57:24 [INFO] SPY live price: $765.91  (polled @ 12:57:24 ET)
2026-08-31 12:57:54 [INFO] Leg market value: SPY260904C00766000     qty=-100 price=$4.0400  market_value=$-40400.00  unrealized_pl=$2800.00
2026-08-31 12:57:54 [INFO] Leg market value: SPY260904C00776000     qty=100  price=$0.5500  market_value=$5500.00  unrealized_pl=$-1100.00
2026-08-31 12:57:54 [INFO] Leg market value: SPY260904P00756000     qty=100  price=$0.9800  market_value=$9800.00  unrealized_pl=$-700.00
2026-08-31 12:57:54 [INFO] Leg market value: SPY260904P00766000     qty=-100 price=$3.5700  market_value=$-35700.00  unrealized_pl=$-300.00
2026-08-31 12:57:54 [INFO] Combined market value: leg_total=$-60800.00  imv=$61500.00  combined=$700.00  pnl_pct=1.14%
2026-08-31 12:57:54 [INFO] SPY live price: $765.96  (polled @ 12:57:54 ET)
2026-08-31 12:58:24 [INFO] SPY live price: $765.96  (polled @ 12:58:24 ET)
2026-08-31 12:58:54 [INFO] Leg market value: SPY260904C00766000     qty=-100 price=$4.0100  market_value=$-40100.00  unrealized_pl=$3100.00
2026-08-31 12:58:54 [INFO] Leg market value: SPY260904C00776000     qty=100  price=$0.5400  market_value=$5400.00  unrealized_pl=$-1200.00
2026-08-31 12:58:54 [INFO] Leg market value: SPY260904P00756000     qty=100  price=$0.9800  market_value=$9800.00  unrealized_pl=$-700.00
2026-08-31 12:58:54 [INFO] Leg market value: SPY260904P00766000     qty=-100 price=$3.5800  market_value=$-35800.00  unrealized_pl=$-400.00
2026-08-31 12:58:54 [INFO] Combined market value: leg_total=$-60700.00  imv=$61500.00  combined=$800.00  pnl_pct=1.30%
2026-08-31 12:58:54 [INFO] SPY live price: $765.91  (polled @ 12:58:54 ET)
2026-08-31 12:59:24 [INFO] Heartbeat [Mon 12:59 ET] — trade_executed=False  open_attempted=True  |  OPEN SUBMITTED (77565f9c-e719-4086-8223-7fb63301ed23)  |  CLOSE in 02h40m35s
2026-08-31 12:59:24 [INFO] SPY live price: $765.83  (polled @ 12:59:24 ET)
2026-08-31 12:59:24 [INFO] Position monitor: 4 SPY opts  pnl=$800.00  pnl_pct=1.3%
2026-08-31 12:59:54 [INFO] SPY live price: $765.84  (polled @ 12:59:54 ET)
2026-08-31 12:59:54 [INFO] Leg market value: SPY260904C00766000     qty=-100 price=$3.9800  market_value=$-39800.00  unrealized_pl=$3400.00
2026-08-31 12:59:54 [INFO] Leg market value: SPY260904C00776000     qty=100  price=$0.5400  market_value=$5400.00  unrealized_pl=$-1200.00
2026-08-31 12:59:54 [INFO] Leg market value: SPY260904P00756000     qty=100  price=$0.9900  market_value=$9900.00  unrealized_pl=$-600.00
2026-08-31 12:59:54 [INFO] Leg market value: SPY260904P00766000     qty=-100 price=$3.6200  market_value=$-36200.00  unrealized_pl=$-800.00
2026-08-31 12:59:54 [INFO] Combined market value: leg_total=$-60700.00  imv=$61500.00  combined=$800.00  pnl_pct=1.30%
2026-08-31 13:00:24 [INFO] SPY live price: $765.81  (polled @ 13:00:24 ET)
2026-08-31 13:00:54 [INFO] Leg market value: SPY260904C00766000     qty=-100 price=$3.9700  market_value=$-39700.00  unrealized_pl=$3500.00
2026-08-31 13:00:54 [INFO] Leg market value: SPY260904C00776000     qty=100  price=$0.5300  market_value=$5300.00  unrealized_pl=$-1300.00
2026-08-31 13:00:54 [INFO] Leg market value: SPY260904P00756000     qty=100  price=$0.9900  market_value=$9900.00  unrealized_pl=$-600.00
2026-08-31 13:00:54 [INFO] Leg market value: SPY260904P00766000     qty=-100 price=$3.6300  market_value=$-36300.00  unrealized_pl=$-900.00
2026-08-31 13:00:54 [INFO] Combined market value: leg_total=$-60800.00  imv=$61500.00  combined=$700.00  pnl_pct=1.14%
2026-08-31 13:00:54 [INFO] SPY live price: $765.82  (polled @ 13:00:54 ET)
2026-08-31 13:01:24 [INFO] SPY live price: $765.70  (polled @ 13:01:24 ET)
2026-08-31 13:01:54 [INFO] Leg market value: SPY260904C00766000     qty=-100 price=$3.9500  market_value=$-39500.00  unrealized_pl=$3700.00
2026-08-31 13:01:54 [INFO] Leg market value: SPY260904C00776000     qty=100  price=$0.5300  market_value=$5300.00  unrealized_pl=$-1300.00
2026-08-31 13:01:54 [INFO] Leg market value: SPY260904P00756000     qty=100  price=$1.0000  market_value=$10000.00  unrealized_pl=$-500.00
2026-08-31 13:01:54 [INFO] Leg market value: SPY260904P00766000     qty=-100 price=$3.6500  market_value=$-36500.00  unrealized_pl=$-1100.00
2026-08-31 13:01:54 [INFO] Combined market value: leg_total=$-60700.00  imv=$61500.00  combined=$800.00  pnl_pct=1.30%
2026-08-31 13:01:54 [INFO] SPY live price: $765.79  (polled @ 13:01:54 ET)
2026-08-31 13:02:24 [INFO] SPY live price: $765.77  (polled @ 13:02:24 ET)
2026-08-31 13:02:54 [INFO] SPY live price: $765.72  (polled @ 13:02:54 ET)
2026-08-31 13:02:54 [INFO] Leg market value: SPY260904C00766000     qty=-100 price=$3.9100  market_value=$-39100.00  unrealized_pl=$4100.00
2026-08-31 13:02:54 [INFO] Leg market value: SPY260904C00776000     qty=100  price=$0.5200  market_value=$5200.00  unrealized_pl=$-1400.00
2026-08-31 13:02:54 [INFO] Leg market value: SPY260904P00756000     qty=100  price=$1.0100  market_value=$10100.00  unrealized_pl=$-400.00
2026-08-31 13:02:54 [INFO] Leg market value: SPY260904P00766000     qty=-100 price=$3.6800  market_value=$-36800.00  unrealized_pl=$-1400.00
2026-08-31 13:02:54 [INFO] Combined market value: leg_total=$-60600.00  imv=$61500.00  combined=$900.00  pnl_pct=1.46%
2026-08-31 13:03:24 [INFO] SPY live price: $765.70  (polled @ 13:03:24 ET)
2026-08-31 13:03:54 [INFO] Leg market value: SPY260904C00766000     qty=-100 price=$3.8900  market_value=$-38900.00  unrealized_pl=$4300.00
2026-08-31 13:03:54 [INFO] Leg market value: SPY260904C00776000     qty=100  price=$0.5200  market_value=$5200.00  unrealized_pl=$-1400.00
2026-08-31 13:03:54 [INFO] Leg market value: SPY260904P00756000     qty=100  price=$1.0200  market_value=$10200.00  unrealized_pl=$-300.00
2026-08-31 13:03:54 [INFO] Leg market value: SPY260904P00766000     qty=-100 price=$3.7100  market_value=$-37100.00  unrealized_pl=$-1700.00
2026-08-31 13:03:54 [INFO] Combined market value: leg_total=$-60600.00  imv=$61500.00  combined=$900.00  pnl_pct=1.46%
2026-08-31 13:03:54 [INFO] SPY live price: $765.67  (polled @ 13:03:54 ET)
2026-08-31 13:04:24 [INFO] Heartbeat [Mon 13:04 ET] — trade_executed=False  open_attempted=True  |  OPEN SUBMITTED (77565f9c-e719-4086-8223-7fb63301ed23)  |  CLOSE in 02h35m35s
2026-08-31 13:04:24 [INFO] SPY live price: $765.67  (polled @ 13:04:24 ET)
2026-08-31 13:04:24 [INFO] Position monitor: 4 SPY opts  pnl=$1100.00  pnl_pct=1.8%
2026-08-31 13:04:54 [INFO] Leg market value: SPY260904C00766000     qty=-100 price=$3.8200  market_value=$-38200.00  unrealized_pl=$5000.00
2026-08-31 13:04:54 [INFO] Leg market value: SPY260904C00776000     qty=100  price=$0.4900  market_value=$4900.00  unrealized_pl=$-1700.00
2026-08-31 13:04:54 [INFO] Leg market value: SPY260904P00756000     qty=100  price=$1.0200  market_value=$10200.00  unrealized_pl=$-300.00
2026-08-31 13:04:54 [INFO] Leg market value: SPY260904P00766000     qty=-100 price=$3.7400  market_value=$-37400.00  unrealized_pl=$-2000.00
2026-08-31 13:04:54 [INFO] Combined market value: leg_total=$-60500.00  imv=$61500.00  combined=$1000.00  pnl_pct=1.63%
2026-08-31 13:04:54 [INFO] SPY live price: $765.58  (polled @ 13:04:54 ET)
2026-08-31 13:05:24 [INFO] SPY live price: $765.77  (polled @ 13:05:24 ET)
2026-08-31 13:05:54 [INFO] Leg market value: SPY260904C00766000     qty=-100 price=$3.8800  market_value=$-38800.00  unrealized_pl=$4400.00
2026-08-31 13:05:54 [INFO] Leg market value: SPY260904C00776000     qty=100  price=$0.5100  market_value=$5100.00  unrealized_pl=$-1500.00
2026-08-31 13:05:54 [INFO] Leg market value: SPY260904P00756000     qty=100  price=$1.0000  market_value=$10000.00  unrealized_pl=$-500.00
2026-08-31 13:05:54 [INFO] Leg market value: SPY260904P00766000     qty=-100 price=$3.6700  market_value=$-36700.00  unrealized_pl=$-1300.00
2026-08-31 13:05:54 [INFO] Combined market value: leg_total=$-60400.00  imv=$61500.00  combined=$1100.00  pnl_pct=1.79%
2026-08-31 13:05:54 [INFO] SPY live price: $765.69  (polled @ 13:05:54 ET)
2026-08-31 13:06:24 [INFO] SPY live price: $765.68  (polled @ 13:06:24 ET)
2026-08-31 13:06:54 [INFO] SPY live price: $765.64  (polled @ 13:06:54 ET)
2026-08-31 13:06:54 [INFO] Leg market value: SPY260904C00766000     qty=-100 price=$3.8500  market_value=$-38500.00  unrealized_pl=$4700.00
2026-08-31 13:06:54 [INFO] Leg market value: SPY260904C00776000     qty=100  price=$0.5000  market_value=$5000.00  unrealized_pl=$-1600.00
2026-08-31 13:06:54 [INFO] Leg market value: SPY260904P00756000     qty=100  price=$1.0200  market_value=$10200.00  unrealized_pl=$-300.00
2026-08-31 13:06:54 [INFO] Leg market value: SPY260904P00766000     qty=-100 price=$3.7100  market_value=$-37100.00  unrealized_pl=$-1700.00
2026-08-31 13:06:54 [INFO] Combined market value: leg_total=$-60400.00  imv=$61500.00  combined=$1100.00  pnl_pct=1.79%
2026-08-31 13:07:24 [INFO] SPY live price: $765.62  (polled @ 13:07:24 ET)
2026-08-31 13:07:54 [INFO] SPY live price: $765.68  (polled @ 13:07:54 ET)
2026-08-31 13:07:54 [INFO] Leg market value: SPY260904C00766000     qty=-100 price=$3.8700  market_value=$-38700.00  unrealized_pl=$4500.00
2026-08-31 13:07:54 [INFO] Leg market value: SPY260904C00776000     qty=100  price=$0.5000  market_value=$5000.00  unrealized_pl=$-1600.00
2026-08-31 13:07:54 [INFO] Leg market value: SPY260904P00756000     qty=100  price=$1.0000  market_value=$10000.00  unrealized_pl=$-500.00
2026-08-31 13:07:54 [INFO] Leg market value: SPY260904P00766000     qty=-100 price=$3.6800  market_value=$-36800.00  unrealized_pl=$-1400.00
2026-08-31 13:07:54 [INFO] Combined market value: leg_total=$-60500.00  imv=$61500.00  combined=$1000.00  pnl_pct=1.63%
2026-08-31 13:08:24 [INFO] SPY live price: $765.71  (polled @ 13:08:24 ET)
2026-08-31 13:08:54 [INFO] Leg market value: SPY260904C00766000     qty=-100 price=$3.8000  market_value=$-38000.00  unrealized_pl=$5200.00
2026-08-31 13:08:54 [INFO] Leg market value: SPY260904C00776000     qty=100  price=$0.4900  market_value=$4900.00  unrealized_pl=$-1700.00
2026-08-31 13:08:54 [INFO] Leg market value: SPY260904P00756000     qty=100  price=$1.0300  market_value=$10300.00  unrealized_pl=$-200.00
2026-08-31 13:08:54 [INFO] Leg market value: SPY260904P00766000     qty=-100 price=$3.7500  market_value=$-37500.00  unrealized_pl=$-2100.00
2026-08-31 13:08:54 [INFO] Combined market value: leg_total=$-60300.00  imv=$61500.00  combined=$1200.00  pnl_pct=1.95%
2026-08-31 13:08:54 [INFO] SPY live price: $765.55  (polled @ 13:08:54 ET)
2026-08-31 13:09:24 [INFO] Heartbeat [Mon 13:09 ET] — trade_executed=False  open_attempted=True  |  OPEN SUBMITTED (77565f9c-e719-4086-8223-7fb63301ed23)  |  CLOSE in 02h30m35s
2026-08-31 13:09:24 [INFO] SPY live price: $765.59  (polled @ 13:09:24 ET)
2026-08-31 13:09:25 [INFO] Position monitor: 4 SPY opts  pnl=$1100.00  pnl_pct=1.8%
2026-08-31 13:09:54 [INFO] Leg market value: SPY260904C00766000     qty=-100 price=$3.8300  market_value=$-38300.00  unrealized_pl=$4900.00
2026-08-31 13:09:54 [INFO] Leg market value: SPY260904C00776000     qty=100  price=$0.5000  market_value=$5000.00  unrealized_pl=$-1600.00
2026-08-31 13:09:54 [INFO] Leg market value: SPY260904P00756000     qty=100  price=$1.0200  market_value=$10200.00  unrealized_pl=$-300.00
2026-08-31 13:09:54 [INFO] Leg market value: SPY260904P00766000     qty=-100 price=$3.7200  market_value=$-37200.00  unrealized_pl=$-1800.00
2026-08-31 13:09:54 [INFO] Combined market value: leg_total=$-60300.00  imv=$61500.00  combined=$1200.00  pnl_pct=1.95%
2026-08-31 13:09:54 [INFO] SPY live price: $765.61  (polled @ 13:09:54 ET)
2026-08-31 13:10:24 [INFO] SPY live price: $765.64  (polled @ 13:10:24 ET)
2026-08-31 13:10:55 [INFO] Leg market value: SPY260904C00766000     qty=-100 price=$3.8500  market_value=$-38500.00  unrealized_pl=$4700.00
2026-08-31 13:10:55 [INFO] Leg market value: SPY260904C00776000     qty=100  price=$0.5000  market_value=$5000.00  unrealized_pl=$-1600.00
2026-08-31 13:10:55 [INFO] Leg market value: SPY260904P00756000     qty=100  price=$1.0100  market_value=$10100.00  unrealized_pl=$-400.00
2026-08-31 13:10:55 [INFO] Leg market value: SPY260904P00766000     qty=-100 price=$3.6800  market_value=$-36800.00  unrealized_pl=$-1400.00
2026-08-31 13:10:55 [INFO] Combined market value: leg_total=$-60200.00  imv=$61500.00  combined=$1300.00  pnl_pct=2.11%
2026-08-31 13:10:55 [INFO] SPY live price: $765.66  (polled @ 13:10:55 ET)
2026-08-31 13:11:25 [INFO] SPY live price: $765.74  (polled @ 13:11:25 ET)
2026-08-31 13:11:55 [INFO] Leg market value: SPY260904C00766000     qty=-100 price=$3.8900  market_value=$-38900.00  unrealized_pl=$4300.00
2026-08-31 13:11:55 [INFO] Leg market value: SPY260904C00776000     qty=100  price=$0.5100  market_value=$5100.00  unrealized_pl=$-1500.00
2026-08-31 13:11:55 [INFO] Leg market value: SPY260904P00756000     qty=100  price=$0.9900  market_value=$9900.00  unrealized_pl=$-600.00
2026-08-31 13:11:55 [INFO] Leg market value: SPY260904P00766000     qty=-100 price=$3.6400  market_value=$-36400.00  unrealized_pl=$-1000.00
2026-08-31 13:11:55 [INFO] Combined market value: leg_total=$-60300.00  imv=$61500.00  combined=$1200.00  pnl_pct=1.95%
2026-08-31 13:11:55 [INFO] SPY live price: $765.74  (polled @ 13:11:55 ET)
2026-08-31 13:12:25 [INFO] SPY live price: $765.82  (polled @ 13:12:25 ET)
2026-08-31 13:12:55 [INFO] Leg market value: SPY260904C00766000     qty=-100 price=$3.9400  market_value=$-39400.00  unrealized_pl=$3800.00
2026-08-31 13:12:55 [INFO] Leg market value: SPY260904C00776000     qty=100  price=$0.5200  market_value=$5200.00  unrealized_pl=$-1400.00
2026-08-31 13:12:55 [INFO] Leg market value: SPY260904P00756000     qty=100  price=$0.9800  market_value=$9800.00  unrealized_pl=$-700.00
2026-08-31 13:12:55 [INFO] Leg market value: SPY260904P00766000     qty=-100 price=$3.6000  market_value=$-36000.00  unrealized_pl=$-600.00
2026-08-31 13:12:55 [INFO] Combined market value: leg_total=$-60400.00  imv=$61500.00  combined=$1100.00  pnl_pct=1.79%
2026-08-31 13:12:55 [INFO] SPY live price: $765.83  (polled @ 13:12:55 ET)
2026-08-31 13:13:25 [INFO] SPY live price: $765.84  (polled @ 13:13:25 ET)
2026-08-31 13:13:55 [INFO] SPY live price: $765.83  (polled @ 13:13:55 ET)
2026-08-31 13:13:55 [INFO] Leg market value: SPY260904C00766000     qty=-100 price=$3.9300  market_value=$-39300.00  unrealized_pl=$3900.00
2026-08-31 13:13:55 [INFO] Leg market value: SPY260904C00776000     qty=100  price=$0.5200  market_value=$5200.00  unrealized_pl=$-1400.00
2026-08-31 13:13:55 [INFO] Leg market value: SPY260904P00756000     qty=100  price=$0.9800  market_value=$9800.00  unrealized_pl=$-700.00
2026-08-31 13:13:55 [INFO] Leg market value: SPY260904P00766000     qty=-100 price=$3.6000  market_value=$-36000.00  unrealized_pl=$-600.00
2026-08-31 13:13:55 [INFO] Combined market value: leg_total=$-60300.00  imv=$61500.00  combined=$1200.00  pnl_pct=1.95%
2026-08-31 13:14:24 [INFO] Heartbeat [Mon 13:14 ET] — trade_executed=False  open_attempted=True  |  OPEN SUBMITTED (77565f9c-e719-4086-8223-7fb63301ed23)  |  CLOSE in 02h25m35s
2026-08-31 13:14:25 [INFO] Position monitor: 4 SPY opts  pnl=$1000.00  pnl_pct=1.6%
2026-08-31 13:14:25 [INFO] SPY live price: $765.82  (polled @ 13:14:25 ET)
2026-08-31 13:14:55 [INFO] SPY live price: $765.90  (polled @ 13:14:55 ET)
2026-08-31 13:14:55 [INFO] Leg market value: SPY260904C00766000     qty=-100 price=$3.9700  market_value=$-39700.00  unrealized_pl=$3500.00
2026-08-31 13:14:55 [INFO] Leg market value: SPY260904C00776000     qty=100  price=$0.5200  market_value=$5200.00  unrealized_pl=$-1400.00
2026-08-31 13:14:55 [INFO] Leg market value: SPY260904P00756000     qty=100  price=$0.9600  market_value=$9600.00  unrealized_pl=$-900.00
2026-08-31 13:14:55 [INFO] Leg market value: SPY260904P00766000     qty=-100 price=$3.5600  market_value=$-35600.00  unrealized_pl=$-200.00
2026-08-31 13:14:55 [INFO] Combined market value: leg_total=$-60500.00  imv=$61500.00  combined=$1000.00  pnl_pct=1.63%
2026-08-31 13:15:25 [INFO] SPY live price: $765.86  (polled @ 13:15:25 ET)
2026-08-31 13:15:55 [INFO] SPY live price: $765.95  (polled @ 13:15:55 ET)
2026-08-31 13:15:55 [INFO] Leg market value: SPY260904C00766000     qty=-100 price=$4.0000  market_value=$-40000.00  unrealized_pl=$3200.00
2026-08-31 13:15:55 [INFO] Leg market value: SPY260904C00776000     qty=100  price=$0.5300  market_value=$5300.00  unrealized_pl=$-1300.00
2026-08-31 13:15:55 [INFO] Leg market value: SPY260904P00756000     qty=100  price=$0.9500  market_value=$9500.00  unrealized_pl=$-1000.00
2026-08-31 13:15:55 [INFO] Leg market value: SPY260904P00766000     qty=-100 price=$3.5300  market_value=$-35300.00  unrealized_pl=$100.00
2026-08-31 13:15:55 [INFO] Combined market value: leg_total=$-60500.00  imv=$61500.00  combined=$1000.00  pnl_pct=1.63%
2026-08-31 13:16:25 [INFO] SPY live price: $765.96  (polled @ 13:16:25 ET)
2026-08-31 13:16:55 [INFO] Leg market value: SPY260904C00766000     qty=-100 price=$4.0300  market_value=$-40300.00  unrealized_pl=$2900.00
2026-08-31 13:16:55 [INFO] Leg market value: SPY260904C00776000     qty=100  price=$0.5400  market_value=$5400.00  unrealized_pl=$-1200.00
2026-08-31 13:16:55 [INFO] Leg market value: SPY260904P00756000     qty=100  price=$0.9500  market_value=$9500.00  unrealized_pl=$-1000.00
2026-08-31 13:16:55 [INFO] Leg market value: SPY260904P00766000     qty=-100 price=$3.5100  market_value=$-35100.00  unrealized_pl=$300.00
2026-08-31 13:16:55 [INFO] Combined market value: leg_total=$-60500.00  imv=$61500.00  combined=$1000.00  pnl_pct=1.63%
2026-08-31 13:16:55 [INFO] SPY live price: $766.01  (polled @ 13:16:55 ET)
2026-08-31 13:17:25 [INFO] SPY live price: $766.03  (polled @ 13:17:25 ET)
2026-08-31 13:17:55 [INFO] Leg market value: SPY260904C00766000     qty=-100 price=$3.9900  market_value=$-39900.00  unrealized_pl=$3300.00
2026-08-31 13:17:55 [INFO] Leg market value: SPY260904C00776000     qty=100  price=$0.5300  market_value=$5300.00  unrealized_pl=$-1300.00
2026-08-31 13:17:55 [INFO] Leg market value: SPY260904P00756000     qty=100  price=$0.9700  market_value=$9700.00  unrealized_pl=$-800.00
2026-08-31 13:17:55 [INFO] Leg market value: SPY260904P00766000     qty=-100 price=$3.5500  market_value=$-35500.00  unrealized_pl=$-100.00
2026-08-31 13:17:55 [INFO] Combined market value: leg_total=$-60400.00  imv=$61500.00  combined=$1100.00  pnl_pct=1.79%
2026-08-31 13:17:55 [INFO] SPY live price: $765.93  (polled @ 13:17:55 ET)
2026-08-31 13:18:25 [INFO] SPY live price: $765.91  (polled @ 13:18:25 ET)
2026-08-31 13:18:55 [INFO] SPY live price: $765.83  (polled @ 13:18:55 ET)
2026-08-31 13:18:55 [INFO] Leg market value: SPY260904C00766000     qty=-100 price=$3.9400  market_value=$-39400.00  unrealized_pl=$3800.00
2026-08-31 13:18:55 [INFO] Leg market value: SPY260904C00776000     qty=100  price=$0.5200  market_value=$5200.00  unrealized_pl=$-1400.00
2026-08-31 13:18:55 [INFO] Leg market value: SPY260904P00756000     qty=100  price=$0.9800  market_value=$9800.00  unrealized_pl=$-700.00
2026-08-31 13:18:55 [INFO] Leg market value: SPY260904P00766000     qty=-100 price=$3.6100  market_value=$-36100.00  unrealized_pl=$-700.00
2026-08-31 13:18:55 [INFO] Combined market value: leg_total=$-60500.00  imv=$61500.00  combined=$1000.00  pnl_pct=1.63%
2026-08-31 13:19:25 [INFO] Heartbeat [Mon 13:19 ET] — trade_executed=False  open_attempted=True  |  OPEN SUBMITTED (77565f9c-e719-4086-8223-7fb63301ed23)  |  CLOSE in 02h20m34s
2026-08-31 13:19:25 [INFO] SPY live price: $765.75  (polled @ 13:19:25 ET)
2026-08-31 13:19:25 [INFO] Position monitor: 4 SPY opts  pnl=$1200.00  pnl_pct=1.9%
2026-08-31 13:19:55 [INFO] Leg market value: SPY260904C00766000     qty=-100 price=$3.9400  market_value=$-39400.00  unrealized_pl=$3800.00
2026-08-31 13:19:55 [INFO] Leg market value: SPY260904C00776000     qty=100  price=$0.5200  market_value=$5200.00  unrealized_pl=$-1400.00
2026-08-31 13:19:55 [INFO] Leg market value: SPY260904P00756000     qty=100  price=$0.9800  market_value=$9800.00  unrealized_pl=$-700.00
2026-08-31 13:19:55 [INFO] Leg market value: SPY260904P00766000     qty=-100 price=$3.6000  market_value=$-36000.00  unrealized_pl=$-600.00
2026-08-31 13:19:55 [INFO] Combined market value: leg_total=$-60400.00  imv=$61500.00  combined=$1100.00  pnl_pct=1.79%
2026-08-31 13:19:55 [INFO] SPY live price: $765.85  (polled @ 13:19:55 ET)
2026-08-31 13:20:25 [INFO] SPY live price: $765.79  (polled @ 13:20:25 ET)
2026-08-31 13:20:55 [INFO] Leg market value: SPY260904C00766000     qty=-100 price=$3.9100  market_value=$-39100.00  unrealized_pl=$4100.00
2026-08-31 13:20:55 [INFO] Leg market value: SPY260904C00776000     qty=100  price=$0.5100  market_value=$5100.00  unrealized_pl=$-1500.00
2026-08-31 13:20:55 [INFO] Leg market value: SPY260904P00756000     qty=100  price=$0.9900  market_value=$9900.00  unrealized_pl=$-600.00
2026-08-31 13:20:55 [INFO] Leg market value: SPY260904P00766000     qty=-100 price=$3.6300  market_value=$-36300.00  unrealized_pl=$-900.00
2026-08-31 13:20:55 [INFO] Combined market value: leg_total=$-60400.00  imv=$61500.00  combined=$1100.00  pnl_pct=1.79%
2026-08-31 13:20:55 [INFO] SPY live price: $765.78  (polled @ 13:20:55 ET)
2026-08-31 13:21:25 [INFO] SPY live price: $765.81  (polled @ 13:21:25 ET)
2026-08-31 13:21:55 [INFO] Leg market value: SPY260904C00766000     qty=-100 price=$3.9000  market_value=$-39000.00  unrealized_pl=$4200.00
2026-08-31 13:21:55 [INFO] Leg market value: SPY260904C00776000     qty=100  price=$0.5100  market_value=$5100.00  unrealized_pl=$-1500.00
2026-08-31 13:21:55 [INFO] Leg market value: SPY260904P00756000     qty=100  price=$0.9900  market_value=$9900.00  unrealized_pl=$-600.00
2026-08-31 13:21:55 [INFO] Leg market value: SPY260904P00766000     qty=-100 price=$3.6400  market_value=$-36400.00  unrealized_pl=$-1000.00
2026-08-31 13:21:55 [INFO] Combined market value: leg_total=$-60400.00  imv=$61500.00  combined=$1100.00  pnl_pct=1.79%
2026-08-31 13:21:55 [INFO] SPY live price: $765.74  (polled @ 13:21:55 ET)
2026-08-31 13:22:25 [INFO] SPY live price: $765.86  (polled @ 13:22:25 ET)
2026-08-31 13:22:55 [INFO] Leg market value: SPY260904C00766000     qty=-100 price=$3.9600  market_value=$-39600.00  unrealized_pl=$3600.00
2026-08-31 13:22:55 [INFO] Leg market value: SPY260904C00776000     qty=100  price=$0.5200  market_value=$5200.00  unrealized_pl=$-1400.00
2026-08-31 13:22:55 [INFO] Leg market value: SPY260904P00756000     qty=100  price=$0.9700  market_value=$9700.00  unrealized_pl=$-800.00
2026-08-31 13:22:55 [INFO] Leg market value: SPY260904P00766000     qty=-100 price=$3.5800  market_value=$-35800.00  unrealized_pl=$-400.00
2026-08-31 13:22:55 [INFO] Combined market value: leg_total=$-60500.00  imv=$61500.00  combined=$1000.00  pnl_pct=1.63%
2026-08-31 13:22:55 [INFO] SPY live price: $765.87  (polled @ 13:22:55 ET)
2026-08-31 13:23:25 [INFO] SPY live price: $765.89  (polled @ 13:23:25 ET)
2026-08-31 13:23:55 [INFO] SPY live price: $765.91  (polled @ 13:23:55 ET)
2026-08-31 13:23:55 [INFO] Leg market value: SPY260904C00766000     qty=-100 price=$3.9900  market_value=$-39900.00  unrealized_pl=$3300.00
2026-08-31 13:23:55 [INFO] Leg market value: SPY260904C00776000     qty=100  price=$0.5300  market_value=$5300.00  unrealized_pl=$-1300.00
2026-08-31 13:23:55 [INFO] Leg market value: SPY260904P00756000     qty=100  price=$0.9600  market_value=$9600.00  unrealized_pl=$-900.00
2026-08-31 13:23:55 [INFO] Leg market value: SPY260904P00766000     qty=-100 price=$3.5600  market_value=$-35600.00  unrealized_pl=$-200.00
2026-08-31 13:23:55 [INFO] Combined market value: leg_total=$-60600.00  imv=$61500.00  combined=$900.00  pnl_pct=1.46%
2026-08-31 13:24:25 [INFO] Heartbeat [Mon 13:24 ET] — trade_executed=False  open_attempted=True  |  OPEN SUBMITTED (77565f9c-e719-4086-8223-7fb63301ed23)  |  CLOSE in 02h15m34s
2026-08-31 13:24:25 [INFO] SPY live price: $765.86  (polled @ 13:24:25 ET)
2026-08-31 13:24:25 [INFO] Position monitor: 4 SPY opts  pnl=$1000.00  pnl_pct=1.6%
2026-08-31 13:24:55 [INFO] SPY live price: $765.80  (polled @ 13:24:55 ET)
2026-08-31 13:24:55 [INFO] Leg market value: SPY260904C00766000     qty=-100 price=$3.9200  market_value=$-39200.00  unrealized_pl=$4000.00
2026-08-31 13:24:55 [INFO] Leg market value: SPY260904C00776000     qty=100  price=$0.5100  market_value=$5100.00  unrealized_pl=$-1500.00
2026-08-31 13:24:55 [INFO] Leg market value: SPY260904P00756000     qty=100  price=$0.9800  market_value=$9800.00  unrealized_pl=$-700.00
2026-08-31 13:24:55 [INFO] Leg market value: SPY260904P00766000     qty=-100 price=$3.6200  market_value=$-36200.00  unrealized_pl=$-800.00
2026-08-31 13:24:55 [INFO] Combined market value: leg_total=$-60500.00  imv=$61500.00  combined=$1000.00  pnl_pct=1.63%
2026-08-31 13:25:25 [INFO] SPY live price: $765.69  (polled @ 13:25:25 ET)
2026-08-31 13:25:55 [INFO] Leg market value: SPY260904C00766000     qty=-100 price=$3.8100  market_value=$-38100.00  unrealized_pl=$5100.00
2026-08-31 13:25:55 [INFO] Leg market value: SPY260904C00776000     qty=100  price=$0.4900  market_value=$4900.00  unrealized_pl=$-1700.00
2026-08-31 13:25:55 [INFO] Leg market value: SPY260904P00756000     qty=100  price=$1.0200  market_value=$10200.00  unrealized_pl=$-300.00
2026-08-31 13:25:55 [INFO] Leg market value: SPY260904P00766000     qty=-100 price=$3.7300  market_value=$-37300.00  unrealized_pl=$-1900.00
2026-08-31 13:25:55 [INFO] Combined market value: leg_total=$-60300.00  imv=$61500.00  combined=$1200.00  pnl_pct=1.95%
2026-08-31 13:25:55 [INFO] SPY live price: $765.58  (polled @ 13:25:55 ET)
2026-08-31 13:26:25 [INFO] SPY live price: $765.51  (polled @ 13:26:25 ET)
2026-08-31 13:26:55 [INFO] Leg market value: SPY260904C00766000     qty=-100 price=$3.7700  market_value=$-37700.00  unrealized_pl=$5500.00
2026-08-31 13:26:55 [INFO] Leg market value: SPY260904C00776000     qty=100  price=$0.4800  market_value=$4800.00  unrealized_pl=$-1800.00
2026-08-31 13:26:55 [INFO] Leg market value: SPY260904P00756000     qty=100  price=$1.0300  market_value=$10300.00  unrealized_pl=$-200.00
2026-08-31 13:26:55 [INFO] Leg market value: SPY260904P00766000     qty=-100 price=$3.7600  market_value=$-37600.00  unrealized_pl=$-2200.00
2026-08-31 13:26:55 [INFO] Combined market value: leg_total=$-60200.00  imv=$61500.00  combined=$1300.00  pnl_pct=2.11%
2026-08-31 13:26:55 [INFO] SPY live price: $765.51  (polled @ 13:26:55 ET)
2026-08-31 13:27:25 [INFO] SPY live price: $765.46  (polled @ 13:27:25 ET)
2026-08-31 13:27:55 [INFO] SPY live price: $765.49  (polled @ 13:27:55 ET)
2026-08-31 13:27:55 [INFO] Leg market value: SPY260904C00766000     qty=-100 price=$3.7700  market_value=$-37700.00  unrealized_pl=$5500.00
2026-08-31 13:27:55 [INFO] Leg market value: SPY260904C00776000     qty=100  price=$0.4800  market_value=$4800.00  unrealized_pl=$-1800.00
2026-08-31 13:27:55 [INFO] Leg market value: SPY260904P00756000     qty=100  price=$1.0300  market_value=$10300.00  unrealized_pl=$-200.00
2026-08-31 13:27:55 [INFO] Leg market value: SPY260904P00766000     qty=-100 price=$3.7700  market_value=$-37700.00  unrealized_pl=$-2300.00
2026-08-31 13:27:55 [INFO] Combined market value: leg_total=$-60300.00  imv=$61500.00  combined=$1200.00  pnl_pct=1.95%
2026-08-31 13:28:25 [INFO] SPY live price: $765.47  (polled @ 13:28:25 ET)
2026-08-31 13:28:55 [INFO] Leg market value: SPY260904C00766000     qty=-100 price=$3.7700  market_value=$-37700.00  unrealized_pl=$5500.00
2026-08-31 13:28:55 [INFO] Leg market value: SPY260904C00776000     qty=100  price=$0.4800  market_value=$4800.00  unrealized_pl=$-1800.00
2026-08-31 13:28:55 [INFO] Leg market value: SPY260904P00756000     qty=100  price=$1.0300  market_value=$10300.00  unrealized_pl=$-200.00
2026-08-31 13:28:55 [INFO] Leg market value: SPY260904P00766000     qty=-100 price=$3.7700  market_value=$-37700.00  unrealized_pl=$-2300.00
2026-08-31 13:28:55 [INFO] Combined market value: leg_total=$-60300.00  imv=$61500.00  combined=$1200.00  pnl_pct=1.95%
2026-08-31 13:28:55 [INFO] SPY live price: $765.49  (polled @ 13:28:55 ET)
2026-08-31 13:29:25 [INFO] Heartbeat [Mon 13:29 ET] — trade_executed=False  open_attempted=True  |  OPEN SUBMITTED (77565f9c-e719-4086-8223-7fb63301ed23)  |  CLOSE in 02h10m34s
2026-08-31 13:29:25 [INFO] SPY live price: $765.40  (polled @ 13:29:25 ET)
2026-08-31 13:29:25 [INFO] Position monitor: 4 SPY opts  pnl=$1200.00  pnl_pct=1.9%
2026-08-31 13:29:55 [INFO] Leg market value: SPY260904C00766000     qty=-100 price=$3.7500  market_value=$-37500.00  unrealized_pl=$5700.00
2026-08-31 13:29:55 [INFO] Leg market value: SPY260904C00776000     qty=100  price=$0.4800  market_value=$4800.00  unrealized_pl=$-1800.00
2026-08-31 13:29:55 [INFO] Leg market value: SPY260904P00756000     qty=100  price=$1.0400  market_value=$10400.00  unrealized_pl=$-100.00
2026-08-31 13:29:55 [INFO] Leg market value: SPY260904P00766000     qty=-100 price=$3.7800  market_value=$-37800.00  unrealized_pl=$-2400.00
2026-08-31 13:29:55 [INFO] Combined market value: leg_total=$-60100.00  imv=$61500.00  combined=$1400.00  pnl_pct=2.28%
2026-08-31 13:29:55 [INFO] SPY live price: $765.47  (polled @ 13:29:55 ET)
2026-08-31 13:30:25 [INFO] SPY live price: $765.39  (polled @ 13:30:25 ET)
2026-08-31 13:30:55 [INFO] Leg market value: SPY260904C00766000     qty=-100 price=$3.6500  market_value=$-36500.00  unrealized_pl=$6700.00
2026-08-31 13:30:55 [INFO] Leg market value: SPY260904C00776000     qty=100  price=$0.4600  market_value=$4600.00  unrealized_pl=$-2000.00
2026-08-31 13:30:55 [INFO] Leg market value: SPY260904P00756000     qty=100  price=$1.0700  market_value=$10700.00  unrealized_pl=$200.00
2026-08-31 13:30:55 [INFO] Leg market value: SPY260904P00766000     qty=-100 price=$3.8800  market_value=$-38800.00  unrealized_pl=$-3400.00
2026-08-31 13:30:55 [INFO] Combined market value: leg_total=$-60000.00  imv=$61500.00  combined=$1500.00  pnl_pct=2.44%
2026-08-31 13:30:55 [INFO] SPY live price: $765.26  (polled @ 13:30:55 ET)
2026-08-31 13:31:25 [INFO] SPY live price: $765.26  (polled @ 13:31:25 ET)
2026-08-31 13:31:55 [INFO] Leg market value: SPY260904C00766000     qty=-100 price=$3.6700  market_value=$-36700.00  unrealized_pl=$6500.00
2026-08-31 13:31:55 [INFO] Leg market value: SPY260904C00776000     qty=100  price=$0.4600  market_value=$4600.00  unrealized_pl=$-2000.00
2026-08-31 13:31:55 [INFO] Leg market value: SPY260904P00756000     qty=100  price=$1.0700  market_value=$10700.00  unrealized_pl=$200.00
2026-08-31 13:31:55 [INFO] Leg market value: SPY260904P00766000     qty=-100 price=$3.8800  market_value=$-38800.00  unrealized_pl=$-3400.00
2026-08-31 13:31:55 [INFO] Combined market value: leg_total=$-60200.00  imv=$61500.00  combined=$1300.00  pnl_pct=2.11%
2026-08-31 13:31:55 [INFO] SPY live price: $765.27  (polled @ 13:31:55 ET)
2026-08-31 13:32:25 [INFO] SPY live price: $765.44  (polled @ 13:32:25 ET)
2026-08-31 13:32:55 [INFO] SPY live price: $765.46  (polled @ 13:32:55 ET)
2026-08-31 13:32:55 [INFO] Leg market value: SPY260904C00766000     qty=-100 price=$3.7300  market_value=$-37300.00  unrealized_pl=$5900.00
2026-08-31 13:32:55 [INFO] Leg market value: SPY260904C00776000     qty=100  price=$0.4700  market_value=$4700.00  unrealized_pl=$-1900.00
2026-08-31 13:32:55 [INFO] Leg market value: SPY260904P00756000     qty=100  price=$1.0300  market_value=$10300.00  unrealized_pl=$-200.00
2026-08-31 13:32:55 [INFO] Leg market value: SPY260904P00766000     qty=-100 price=$3.7700  market_value=$-37700.00  unrealized_pl=$-2300.00
2026-08-31 13:32:55 [INFO] Combined market value: leg_total=$-60000.00  imv=$61500.00  combined=$1500.00  pnl_pct=2.44%
2026-08-31 13:33:25 [INFO] SPY live price: $765.45  (polled @ 13:33:25 ET)
2026-08-31 13:33:55 [INFO] Leg market value: SPY260904C00766000     qty=-100 price=$3.7900  market_value=$-37900.00  unrealized_pl=$5300.00
2026-08-31 13:33:55 [INFO] Leg market value: SPY260904C00776000     qty=100  price=$0.4800  market_value=$4800.00  unrealized_pl=$-1800.00
2026-08-31 13:33:55 [INFO] Leg market value: SPY260904P00756000     qty=100  price=$1.0100  market_value=$10100.00  unrealized_pl=$-400.00
2026-08-31 13:33:55 [INFO] Leg market value: SPY260904P00766000     qty=-100 price=$3.7200  market_value=$-37200.00  unrealized_pl=$-1800.00
2026-08-31 13:33:55 [INFO] Combined market value: leg_total=$-60200.00  imv=$61500.00  combined=$1300.00  pnl_pct=2.11%
2026-08-31 13:33:55 [INFO] SPY live price: $765.53  (polled @ 13:33:55 ET)
2026-08-31 13:34:25 [INFO] Heartbeat [Mon 13:34 ET] — trade_executed=False  open_attempted=True  |  OPEN SUBMITTED (77565f9c-e719-4086-8223-7fb63301ed23)  |  CLOSE in 02h05m34s
2026-08-31 13:34:25 [INFO] Position monitor: 4 SPY opts  pnl=$1400.00  pnl_pct=2.3%
2026-08-31 13:34:25 [INFO] SPY live price: $765.41  (polled @ 13:34:25 ET)
2026-08-31 13:34:55 [INFO] Leg market value: SPY260904C00766000     qty=-100 price=$3.6800  market_value=$-36800.00  unrealized_pl=$6400.00
2026-08-31 13:34:55 [INFO] Leg market value: SPY260904C00776000     qty=100  price=$0.4600  market_value=$4600.00  unrealized_pl=$-2000.00
2026-08-31 13:34:55 [INFO] Leg market value: SPY260904P00756000     qty=100  price=$1.0500  market_value=$10500.00  unrealized_pl=$0.00
2026-08-31 13:34:55 [INFO] Leg market value: SPY260904P00766000     qty=-100 price=$3.8400  market_value=$-38400.00  unrealized_pl=$-3000.00
2026-08-31 13:34:55 [INFO] Combined market value: leg_total=$-60100.00  imv=$61500.00  combined=$1400.00  pnl_pct=2.28%
2026-08-31 13:34:55 [INFO] SPY live price: $765.32  (polled @ 13:34:55 ET)
2026-08-31 13:35:25 [INFO] SPY live price: $765.50  (polled @ 13:35:25 ET)
2026-08-31 13:35:55 [INFO] SPY live price: $765.52  (polled @ 13:35:55 ET)
2026-08-31 13:35:55 [INFO] Leg market value: SPY260904C00766000     qty=-100 price=$3.7600  market_value=$-37600.00  unrealized_pl=$5600.00
2026-08-31 13:35:55 [INFO] Leg market value: SPY260904C00776000     qty=100  price=$0.4800  market_value=$4800.00  unrealized_pl=$-1800.00
2026-08-31 13:35:55 [INFO] Leg market value: SPY260904P00756000     qty=100  price=$1.0200  market_value=$10200.00  unrealized_pl=$-300.00
2026-08-31 13:35:55 [INFO] Leg market value: SPY260904P00766000     qty=-100 price=$3.7400  market_value=$-37400.00  unrealized_pl=$-2000.00
2026-08-31 13:35:55 [INFO] Combined market value: leg_total=$-60000.00  imv=$61500.00  combined=$1500.00  pnl_pct=2.44%
2026-08-31 13:36:25 [INFO] SPY live price: $765.53  (polled @ 13:36:25 ET)
2026-08-31 13:36:55 [INFO] SPY live price: $765.69  (polled @ 13:36:55 ET)
2026-08-31 13:36:55 [INFO] Leg market value: SPY260904C00766000     qty=-100 price=$3.8500  market_value=$-38500.00  unrealized_pl=$4700.00
2026-08-31 13:36:55 [INFO] Leg market value: SPY260904C00776000     qty=100  price=$0.5000  market_value=$5000.00  unrealized_pl=$-1600.00
2026-08-31 13:36:55 [INFO] Leg market value: SPY260904P00756000     qty=100  price=$0.9700  market_value=$9700.00  unrealized_pl=$-800.00
2026-08-31 13:36:55 [INFO] Leg market value: SPY260904P00766000     qty=-100 price=$3.6200  market_value=$-36200.00  unrealized_pl=$-800.00
2026-08-31 13:36:55 [INFO] Combined market value: leg_total=$-60000.00  imv=$61500.00  combined=$1500.00  pnl_pct=2.44%
2026-08-31 13:37:25 [INFO] SPY live price: $765.73  (polled @ 13:37:25 ET)
2026-08-31 13:37:55 [INFO] Leg market value: SPY260904C00766000     qty=-100 price=$3.8500  market_value=$-38500.00  unrealized_pl=$4700.00
2026-08-31 13:37:55 [INFO] Leg market value: SPY260904C00776000     qty=100  price=$0.4900  market_value=$4900.00  unrealized_pl=$-1700.00
2026-08-31 13:37:55 [INFO] Leg market value: SPY260904P00756000     qty=100  price=$0.9700  market_value=$9700.00  unrealized_pl=$-800.00
2026-08-31 13:37:55 [INFO] Leg market value: SPY260904P00766000     qty=-100 price=$3.6100  market_value=$-36100.00  unrealized_pl=$-700.00
2026-08-31 13:37:55 [INFO] Combined market value: leg_total=$-60000.00  imv=$61500.00  combined=$1500.00  pnl_pct=2.44%
2026-08-31 13:37:55 [INFO] SPY live price: $765.72  (polled @ 13:37:55 ET)
2026-08-31 13:38:25 [INFO] SPY live price: $765.68  (polled @ 13:38:25 ET)
2026-08-31 13:38:55 [INFO] SPY live price: $765.66  (polled @ 13:38:55 ET)
2026-08-31 13:38:55 [INFO] Leg market value: SPY260904C00766000     qty=-100 price=$3.8300  market_value=$-38300.00  unrealized_pl=$4900.00
2026-08-31 13:38:55 [INFO] Leg market value: SPY260904C00776000     qty=100  price=$0.4900  market_value=$4900.00  unrealized_pl=$-1700.00
2026-08-31 13:38:55 [INFO] Leg market value: SPY260904P00756000     qty=100  price=$0.9800  market_value=$9800.00  unrealized_pl=$-700.00
2026-08-31 13:38:55 [INFO] Leg market value: SPY260904P00766000     qty=-100 price=$3.6400  market_value=$-36400.00  unrealized_pl=$-1000.00
2026-08-31 13:38:55 [INFO] Combined market value: leg_total=$-60000.00  imv=$61500.00  combined=$1500.00  pnl_pct=2.44%
2026-08-31 13:39:25 [INFO] Heartbeat [Mon 13:39 ET] — trade_executed=False  open_attempted=True  |  OPEN SUBMITTED (77565f9c-e719-4086-8223-7fb63301ed23)  |  CLOSE in 02h00m34s
2026-08-31 13:39:25 [INFO] SPY live price: $765.66  (polled @ 13:39:25 ET)
2026-08-31 13:39:25 [INFO] Position monitor: 4 SPY opts  pnl=$1500.00  pnl_pct=2.4%
2026-08-31 13:39:55 [INFO] SPY live price: $765.78  (polled @ 13:39:55 ET)
2026-08-31 13:40:10 [INFO] Leg market value: SPY260904C00766000     qty=-100 price=$3.9100  market_value=$-39100.00  unrealized_pl=$4100.00
2026-08-31 13:40:10 [INFO] Leg market value: SPY260904C00776000     qty=100  price=$0.5100  market_value=$5100.00  unrealized_pl=$-1500.00
2026-08-31 13:40:10 [INFO] Leg market value: SPY260904P00756000     qty=100  price=$0.9500  market_value=$9500.00  unrealized_pl=$-1000.00
2026-08-31 13:40:10 [INFO] Leg market value: SPY260904P00766000     qty=-100 price=$3.5500  market_value=$-35500.00  unrealized_pl=$-100.00
2026-08-31 13:40:10 [INFO] Combined market value: leg_total=$-60000.00  imv=$61500.00  combined=$1500.00  pnl_pct=2.44%
2026-08-31 13:40:25 [INFO] SPY live price: $765.89  (polled @ 13:40:25 ET)
2026-08-31 13:40:55 [INFO] SPY live price: $765.86  (polled @ 13:40:55 ET)
2026-08-31 13:41:10 [INFO] Leg market value: SPY260904C00766000     qty=-100 price=$3.9500  market_value=$-39500.00  unrealized_pl=$3700.00
2026-08-31 13:41:10 [INFO] Leg market value: SPY260904C00776000     qty=100  price=$0.5200  market_value=$5200.00  unrealized_pl=$-1400.00
2026-08-31 13:41:10 [INFO] Leg market value: SPY260904P00756000     qty=100  price=$0.9400  market_value=$9400.00  unrealized_pl=$-1100.00
2026-08-31 13:41:10 [INFO] Leg market value: SPY260904P00766000     qty=-100 price=$3.5200  market_value=$-35200.00  unrealized_pl=$200.00
2026-08-31 13:41:10 [INFO] Combined market value: leg_total=$-60100.00  imv=$61500.00  combined=$1400.00  pnl_pct=2.28%
2026-08-31 13:41:25 [INFO] SPY live price: $765.98  (polled @ 13:41:25 ET)
2026-08-31 13:41:55 [INFO] SPY live price: $766.01  (polled @ 13:41:55 ET)
2026-08-31 13:42:10 [INFO] Leg market value: SPY260904C00766000     qty=-100 price=$4.0300  market_value=$-40300.00  unrealized_pl=$2900.00
2026-08-31 13:42:10 [INFO] Leg market value: SPY260904C00776000     qty=100  price=$0.5300  market_value=$5300.00  unrealized_pl=$-1300.00
2026-08-31 13:42:10 [INFO] Leg market value: SPY260904P00756000     qty=100  price=$0.9100  market_value=$9100.00  unrealized_pl=$-1400.00
2026-08-31 13:42:10 [INFO] Leg market value: SPY260904P00766000     qty=-100 price=$3.4400  market_value=$-34400.00  unrealized_pl=$1000.00
2026-08-31 13:42:10 [INFO] Combined market value: leg_total=$-60300.00  imv=$61500.00  combined=$1200.00  pnl_pct=1.95%
2026-08-31 13:42:25 [INFO] SPY live price: $766.03  (polled @ 13:42:25 ET)
2026-08-31 13:42:55 [INFO] SPY live price: $765.99  (polled @ 13:42:55 ET)
2026-08-31 13:43:10 [INFO] Leg market value: SPY260904C00766000     qty=-100 price=$4.0100  market_value=$-40100.00  unrealized_pl=$3100.00
2026-08-31 13:43:10 [INFO] Leg market value: SPY260904C00776000     qty=100  price=$0.5300  market_value=$5300.00  unrealized_pl=$-1300.00
2026-08-31 13:43:10 [INFO] Leg market value: SPY260904P00756000     qty=100  price=$0.9300  market_value=$9300.00  unrealized_pl=$-1200.00
2026-08-31 13:43:10 [INFO] Leg market value: SPY260904P00766000     qty=-100 price=$3.4700  market_value=$-34700.00  unrealized_pl=$700.00
2026-08-31 13:43:10 [INFO] Combined market value: leg_total=$-60200.00  imv=$61500.00  combined=$1300.00  pnl_pct=2.11%
2026-08-31 13:43:25 [INFO] SPY live price: $766.06  (polled @ 13:43:25 ET)
2026-08-31 13:43:55 [INFO] SPY live price: $766.17  (polled @ 13:43:55 ET)
2026-08-31 13:44:10 [INFO] Leg market value: SPY260904C00766000     qty=-100 price=$4.1000  market_value=$-41000.00  unrealized_pl=$2200.00
2026-08-31 13:44:10 [INFO] Leg market value: SPY260904C00776000     qty=100  price=$0.5500  market_value=$5500.00  unrealized_pl=$-1100.00
2026-08-31 13:44:10 [INFO] Leg market value: SPY260904P00756000     qty=100  price=$0.9000  market_value=$9000.00  unrealized_pl=$-1500.00
2026-08-31 13:44:10 [INFO] Leg market value: SPY260904P00766000     qty=-100 price=$3.3900  market_value=$-33900.00  unrealized_pl=$1500.00
2026-08-31 13:44:10 [INFO] Combined market value: leg_total=$-60400.00  imv=$61500.00  combined=$1100.00  pnl_pct=1.79%
2026-08-31 13:44:25 [INFO] Heartbeat [Mon 13:44 ET] — trade_executed=False  open_attempted=True  |  OPEN SUBMITTED (77565f9c-e719-4086-8223-7fb63301ed23)  |  CLOSE in 01h55m34s
2026-08-31 13:44:25 [INFO] Position monitor: 4 SPY opts  pnl=$1200.00  pnl_pct=1.9%
2026-08-31 13:44:25 [INFO] SPY live price: $766.18  (polled @ 13:44:25 ET)
2026-08-31 13:44:55 [INFO] SPY live price: $766.20  (polled @ 13:44:55 ET)
2026-08-31 13:45:10 [INFO] Leg market value: SPY260904C00766000     qty=-100 price=$4.1400  market_value=$-41400.00  unrealized_pl=$1800.00
2026-08-31 13:45:10 [INFO] Leg market value: SPY260904C00776000     qty=100  price=$0.5600  market_value=$5600.00  unrealized_pl=$-1000.00
2026-08-31 13:45:10 [INFO] Leg market value: SPY260904P00756000     qty=100  price=$0.9000  market_value=$9000.00  unrealized_pl=$-1500.00
2026-08-31 13:45:10 [INFO] Leg market value: SPY260904P00766000     qty=-100 price=$3.3700  market_value=$-33700.00  unrealized_pl=$1700.00
2026-08-31 13:45:10 [INFO] Combined market value: leg_total=$-60500.00  imv=$61500.00  combined=$1000.00  pnl_pct=1.63%
2026-08-31 13:45:25 [INFO] SPY live price: $766.26  (polled @ 13:45:25 ET)
2026-08-31 13:45:55 [INFO] SPY live price: $766.24  (polled @ 13:45:55 ET)
2026-08-31 13:46:10 [INFO] Leg market value: SPY260904C00766000     qty=-100 price=$4.1400  market_value=$-41400.00  unrealized_pl=$1800.00
2026-08-31 13:46:10 [INFO] Leg market value: SPY260904C00776000     qty=100  price=$0.5500  market_value=$5500.00  unrealized_pl=$-1100.00
2026-08-31 13:46:10 [INFO] Leg market value: SPY260904P00756000     qty=100  price=$0.9000  market_value=$9000.00  unrealized_pl=$-1500.00
2026-08-31 13:46:10 [INFO] Leg market value: SPY260904P00766000     qty=-100 price=$3.3800  market_value=$-33800.00  unrealized_pl=$1600.00
2026-08-31 13:46:10 [INFO] Combined market value: leg_total=$-60700.00  imv=$61500.00  combined=$800.00  pnl_pct=1.30%
2026-08-31 13:46:25 [INFO] SPY live price: $766.24  (polled @ 13:46:25 ET)
2026-08-31 13:46:55 [INFO] SPY live price: $766.19  (polled @ 13:46:55 ET)
2026-08-31 13:47:10 [INFO] Leg market value: SPY260904C00766000     qty=-100 price=$4.1500  market_value=$-41500.00  unrealized_pl=$1700.00
2026-08-31 13:47:10 [INFO] Leg market value: SPY260904C00776000     qty=100  price=$0.5600  market_value=$5600.00  unrealized_pl=$-1000.00
2026-08-31 13:47:10 [INFO] Leg market value: SPY260904P00756000     qty=100  price=$0.9000  market_value=$9000.00  unrealized_pl=$-1500.00
2026-08-31 13:47:10 [INFO] Leg market value: SPY260904P00766000     qty=-100 price=$3.3600  market_value=$-33600.00  unrealized_pl=$1800.00
2026-08-31 13:47:10 [INFO] Combined market value: leg_total=$-60500.00  imv=$61500.00  combined=$1000.00  pnl_pct=1.63%
2026-08-31 13:47:25 [INFO] SPY live price: $766.23  (polled @ 13:47:25 ET)
2026-08-31 13:47:55 [INFO] SPY live price: $766.28  (polled @ 13:47:55 ET)
2026-08-31 13:48:10 [INFO] Leg market value: SPY260904C00766000     qty=-100 price=$4.1900  market_value=$-41900.00  unrealized_pl=$1300.00
2026-08-31 13:48:10 [INFO] Leg market value: SPY260904C00776000     qty=100  price=$0.5700  market_value=$5700.00  unrealized_pl=$-900.00
2026-08-31 13:48:10 [INFO] Leg market value: SPY260904P00756000     qty=100  price=$0.8900  market_value=$8900.00  unrealized_pl=$-1600.00
2026-08-31 13:48:10 [INFO] Leg market value: SPY260904P00766000     qty=-100 price=$3.3300  market_value=$-33300.00  unrealized_pl=$2100.00
2026-08-31 13:48:10 [INFO] Combined market value: leg_total=$-60600.00  imv=$61500.00  combined=$900.00  pnl_pct=1.46%
2026-08-31 13:48:25 [INFO] SPY live price: $766.29  (polled @ 13:48:25 ET)
2026-08-31 13:48:55 [INFO] SPY live price: $766.32  (polled @ 13:48:55 ET)
2026-08-31 13:49:10 [INFO] Leg market value: SPY260904C00766000     qty=-100 price=$4.2000  market_value=$-42000.00  unrealized_pl=$1200.00
2026-08-31 13:49:10 [INFO] Leg market value: SPY260904C00776000     qty=100  price=$0.5700  market_value=$5700.00  unrealized_pl=$-900.00
2026-08-31 13:49:10 [INFO] Leg market value: SPY260904P00756000     qty=100  price=$0.8900  market_value=$8900.00  unrealized_pl=$-1600.00
2026-08-31 13:49:10 [INFO] Leg market value: SPY260904P00766000     qty=-100 price=$3.3200  market_value=$-33200.00  unrealized_pl=$2200.00
2026-08-31 13:49:10 [INFO] Combined market value: leg_total=$-60600.00  imv=$61500.00  combined=$900.00  pnl_pct=1.46%
2026-08-31 13:49:25 [INFO] Heartbeat [Mon 13:49 ET] — trade_executed=False  open_attempted=True  |  OPEN SUBMITTED (77565f9c-e719-4086-8223-7fb63301ed23)  |  CLOSE in 01h50m34s
2026-08-31 13:49:25 [INFO] Position monitor: 4 SPY opts  pnl=$1000.00  pnl_pct=1.6%
2026-08-31 13:49:25 [INFO] SPY live price: $766.37  (polled @ 13:49:25 ET)
2026-08-31 13:49:55 [INFO] SPY live price: $766.31  (polled @ 13:49:55 ET)
2026-08-31 13:50:10 [INFO] Leg market value: SPY260904C00766000     qty=-100 price=$4.1800  market_value=$-41800.00  unrealized_pl=$1400.00
2026-08-31 13:50:10 [INFO] Leg market value: SPY260904C00776000     qty=100  price=$0.5600  market_value=$5600.00  unrealized_pl=$-1000.00
2026-08-31 13:50:10 [INFO] Leg market value: SPY260904P00756000     qty=100  price=$0.8800  market_value=$8800.00  unrealized_pl=$-1700.00
2026-08-31 13:50:10 [INFO] Leg market value: SPY260904P00766000     qty=-100 price=$3.3200  market_value=$-33200.00  unrealized_pl=$2200.00
2026-08-31 13:50:10 [INFO] Combined market value: leg_total=$-60600.00  imv=$61500.00  combined=$900.00  pnl_pct=1.46%
2026-08-31 13:50:26 [INFO] SPY live price: $766.44  (polled @ 13:50:26 ET)
2026-08-31 13:50:56 [INFO] SPY live price: $766.66  (polled @ 13:50:56 ET)
2026-08-31 13:51:11 [INFO] Leg market value: SPY260904C00766000     qty=-100 price=$4.3800  market_value=$-43800.00  unrealized_pl=$-600.00
2026-08-31 13:51:11 [INFO] Leg market value: SPY260904C00776000     qty=100  price=$0.6100  market_value=$6100.00  unrealized_pl=$-500.00
2026-08-31 13:51:11 [INFO] Leg market value: SPY260904P00756000     qty=100  price=$0.8500  market_value=$8500.00  unrealized_pl=$-2000.00
2026-08-31 13:51:11 [INFO] Leg market value: SPY260904P00766000     qty=-100 price=$3.2000  market_value=$-32000.00  unrealized_pl=$3400.00
2026-08-31 13:51:11 [INFO] Combined market value: leg_total=$-61200.00  imv=$61500.00  combined=$300.00  pnl_pct=0.49%
2026-08-31 13:51:26 [INFO] SPY live price: $766.66  (polled @ 13:51:26 ET)
2026-08-31 13:51:56 [INFO] SPY live price: $766.71  (polled @ 13:51:56 ET)
2026-08-31 13:52:11 [INFO] Leg market value: SPY260904C00766000     qty=-100 price=$4.4200  market_value=$-44200.00  unrealized_pl=$-1000.00
2026-08-31 13:52:11 [INFO] Leg market value: SPY260904C00776000     qty=100  price=$0.6300  market_value=$6300.00  unrealized_pl=$-300.00
2026-08-31 13:52:11 [INFO] Leg market value: SPY260904P00756000     qty=100  price=$0.8400  market_value=$8400.00  unrealized_pl=$-2100.00
2026-08-31 13:52:11 [INFO] Leg market value: SPY260904P00766000     qty=-100 price=$3.1700  market_value=$-31700.00  unrealized_pl=$3700.00
2026-08-31 13:52:11 [INFO] Combined market value: leg_total=$-61200.00  imv=$61500.00  combined=$300.00  pnl_pct=0.49%
2026-08-31 13:52:26 [INFO] SPY live price: $766.70  (polled @ 13:52:26 ET)
2026-08-31 13:52:56 [INFO] SPY live price: $766.64  (polled @ 13:52:56 ET)
2026-08-31 13:53:11 [INFO] Leg market value: SPY260904C00766000     qty=-100 price=$4.3600  market_value=$-43600.00  unrealized_pl=$-400.00
2026-08-31 13:53:11 [INFO] Leg market value: SPY260904C00776000     qty=100  price=$0.6100  market_value=$6100.00  unrealized_pl=$-500.00
2026-08-31 13:53:11 [INFO] Leg market value: SPY260904P00756000     qty=100  price=$0.8600  market_value=$8600.00  unrealized_pl=$-1900.00
2026-08-31 13:53:11 [INFO] Leg market value: SPY260904P00766000     qty=-100 price=$3.2100  market_value=$-32100.00  unrealized_pl=$3300.00
2026-08-31 13:53:11 [INFO] Combined market value: leg_total=$-61000.00  imv=$61500.00  combined=$500.00  pnl_pct=0.81%
2026-08-31 13:53:26 [INFO] SPY live price: $766.67  (polled @ 13:53:26 ET)
2026-08-31 13:53:56 [INFO] SPY live price: $766.76  (polled @ 13:53:56 ET)
2026-08-31 13:54:11 [INFO] Leg market value: SPY260904C00766000     qty=-100 price=$4.4300  market_value=$-44300.00  unrealized_pl=$-1100.00
2026-08-31 13:54:11 [INFO] Leg market value: SPY260904C00776000     qty=100  price=$0.6200  market_value=$6200.00  unrealized_pl=$-400.00
2026-08-31 13:54:11 [INFO] Leg market value: SPY260904P00756000     qty=100  price=$0.8400  market_value=$8400.00  unrealized_pl=$-2100.00
2026-08-31 13:54:11 [INFO] Leg market value: SPY260904P00766000     qty=-100 price=$3.1700  market_value=$-31700.00  unrealized_pl=$3700.00
2026-08-31 13:54:11 [INFO] Combined market value: leg_total=$-61400.00  imv=$61500.00  combined=$100.00  pnl_pct=0.16%
2026-08-31 13:54:25 [INFO] Heartbeat [Mon 13:54 ET] — trade_executed=False  open_attempted=True  |  OPEN SUBMITTED (77565f9c-e719-4086-8223-7fb63301ed23)  |  CLOSE in 01h45m34s
2026-08-31 13:54:26 [INFO] Position monitor: 4 SPY opts  pnl=$200.00  pnl_pct=0.3%
2026-08-31 13:54:26 [INFO] SPY live price: $766.69  (polled @ 13:54:26 ET)
2026-08-31 13:54:56 [INFO] SPY live price: $766.76  (polled @ 13:54:56 ET)
2026-08-31 13:55:11 [INFO] Leg market value: SPY260904C00766000     qty=-100 price=$4.4400  market_value=$-44400.00  unrealized_pl=$-1200.00
2026-08-31 13:55:11 [INFO] Leg market value: SPY260904C00776000     qty=100  price=$0.6300  market_value=$6300.00  unrealized_pl=$-300.00
2026-08-31 13:55:11 [INFO] Leg market value: SPY260904P00756000     qty=100  price=$0.8400  market_value=$8400.00  unrealized_pl=$-2100.00
2026-08-31 13:55:11 [INFO] Leg market value: SPY260904P00766000     qty=-100 price=$3.1700  market_value=$-31700.00  unrealized_pl=$3700.00
2026-08-31 13:55:11 [INFO] Combined market value: leg_total=$-61400.00  imv=$61500.00  combined=$100.00  pnl_pct=0.16%
2026-08-31 13:55:26 [INFO] SPY live price: $766.71  (polled @ 13:55:26 ET)
2026-08-31 13:55:56 [INFO] SPY live price: $766.69  (polled @ 13:55:56 ET)
2026-08-31 13:56:11 [INFO] Leg market value: SPY260904C00766000     qty=-100 price=$4.3900  market_value=$-43900.00  unrealized_pl=$-700.00
2026-08-31 13:56:11 [INFO] Leg market value: SPY260904C00776000     qty=100  price=$0.6100  market_value=$6100.00  unrealized_pl=$-500.00
2026-08-31 13:56:11 [INFO] Leg market value: SPY260904P00756000     qty=100  price=$0.8600  market_value=$8600.00  unrealized_pl=$-1900.00
2026-08-31 13:56:11 [INFO] Leg market value: SPY260904P00766000     qty=-100 price=$3.2000  market_value=$-32000.00  unrealized_pl=$3400.00
2026-08-31 13:56:11 [INFO] Combined market value: leg_total=$-61200.00  imv=$61500.00  combined=$300.00  pnl_pct=0.49%
2026-08-31 13:56:26 [INFO] SPY live price: $766.67  (polled @ 13:56:26 ET)
2026-08-31 13:56:56 [INFO] SPY live price: $766.67  (polled @ 13:56:56 ET)
2026-08-31 13:57:11 [INFO] Leg market value: SPY260904C00766000     qty=-100 price=$4.3700  market_value=$-43700.00  unrealized_pl=$-500.00
2026-08-31 13:57:11 [INFO] Leg market value: SPY260904C00776000     qty=100  price=$0.6000  market_value=$6000.00  unrealized_pl=$-600.00
2026-08-31 13:57:11 [INFO] Leg market value: SPY260904P00756000     qty=100  price=$0.8700  market_value=$8700.00  unrealized_pl=$-1800.00
2026-08-31 13:57:11 [INFO] Leg market value: SPY260904P00766000     qty=-100 price=$3.2400  market_value=$-32400.00  unrealized_pl=$3000.00
2026-08-31 13:57:11 [INFO] Combined market value: leg_total=$-61400.00  imv=$61500.00  combined=$100.00  pnl_pct=0.16%
2026-08-31 13:57:26 [INFO] SPY live price: $766.50  (polled @ 13:57:26 ET)
2026-08-31 13:57:56 [INFO] SPY live price: $766.40  (polled @ 13:57:56 ET)
2026-08-31 13:58:11 [INFO] Leg market value: SPY260904C00766000     qty=-100 price=$4.2200  market_value=$-42200.00  unrealized_pl=$1000.00
2026-08-31 13:58:11 [INFO] Leg market value: SPY260904C00776000     qty=100  price=$0.5700  market_value=$5700.00  unrealized_pl=$-900.00
2026-08-31 13:58:11 [INFO] Leg market value: SPY260904P00756000     qty=100  price=$0.9000  market_value=$9000.00  unrealized_pl=$-1500.00
2026-08-31 13:58:11 [INFO] Leg market value: SPY260904P00766000     qty=-100 price=$3.3300  market_value=$-33300.00  unrealized_pl=$2100.00
2026-08-31 13:58:11 [INFO] Combined market value: leg_total=$-60800.00  imv=$61500.00  combined=$700.00  pnl_pct=1.14%
2026-08-31 13:58:26 [INFO] SPY live price: $766.41  (polled @ 13:58:26 ET)
2026-08-31 13:58:56 [INFO] SPY live price: $766.45  (polled @ 13:58:56 ET)
2026-08-31 13:59:11 [INFO] Leg market value: SPY260904C00766000     qty=-100 price=$4.2500  market_value=$-42500.00  unrealized_pl=$700.00
2026-08-31 13:59:11 [INFO] Leg market value: SPY260904C00776000     qty=100  price=$0.5800  market_value=$5800.00  unrealized_pl=$-800.00
2026-08-31 13:59:11 [INFO] Leg market value: SPY260904P00756000     qty=100  price=$0.8900  market_value=$8900.00  unrealized_pl=$-1600.00
2026-08-31 13:59:11 [INFO] Leg market value: SPY260904P00766000     qty=-100 price=$3.3100  market_value=$-33100.00  unrealized_pl=$2300.00
2026-08-31 13:59:11 [INFO] Combined market value: leg_total=$-60900.00  imv=$61500.00  combined=$600.00  pnl_pct=0.98%
2026-08-31 13:59:26 [INFO] Heartbeat [Mon 13:59 ET] — trade_executed=False  open_attempted=True  |  OPEN SUBMITTED (77565f9c-e719-4086-8223-7fb63301ed23)  |  CLOSE in 01h40m33s
2026-08-31 13:59:26 [INFO] Position monitor: 4 SPY opts  pnl=$500.00  pnl_pct=0.8%
2026-08-31 13:59:26 [INFO] SPY live price: $766.50  (polled @ 13:59:26 ET)
2026-08-31 13:59:56 [INFO] SPY live price: $766.50  (polled @ 13:59:56 ET)
2026-08-31 14:00:11 [INFO] Leg market value: SPY260904C00766000     qty=-100 price=$4.2100  market_value=$-42100.00  unrealized_pl=$1100.00
2026-08-31 14:00:11 [INFO] Leg market value: SPY260904C00776000     qty=100  price=$0.5700  market_value=$5700.00  unrealized_pl=$-900.00
2026-08-31 14:00:11 [INFO] Leg market value: SPY260904P00756000     qty=100  price=$0.8900  market_value=$8900.00  unrealized_pl=$-1600.00
2026-08-31 14:00:11 [INFO] Leg market value: SPY260904P00766000     qty=-100 price=$3.3300  market_value=$-33300.00  unrealized_pl=$2100.00
2026-08-31 14:00:11 [INFO] Combined market value: leg_total=$-60800.00  imv=$61500.00  combined=$700.00  pnl_pct=1.14%
2026-08-31 14:00:26 [INFO] SPY live price: $766.23  (polled @ 14:00:26 ET)
2026-08-31 14:00:56 [INFO] SPY live price: $766.31  (polled @ 14:00:56 ET)
2026-08-31 14:01:11 [INFO] Leg market value: SPY260904C00766000     qty=-100 price=$4.2000  market_value=$-42000.00  unrealized_pl=$1200.00
2026-08-31 14:01:11 [INFO] Leg market value: SPY260904C00776000     qty=100  price=$0.5800  market_value=$5800.00  unrealized_pl=$-800.00
2026-08-31 14:01:11 [INFO] Leg market value: SPY260904P00756000     qty=100  price=$0.9000  market_value=$9000.00  unrealized_pl=$-1500.00
2026-08-31 14:01:11 [INFO] Leg market value: SPY260904P00766000     qty=-100 price=$3.3500  market_value=$-33500.00  unrealized_pl=$1900.00
2026-08-31 14:01:11 [INFO] Combined market value: leg_total=$-60700.00  imv=$61500.00  combined=$800.00  pnl_pct=1.30%
2026-08-31 14:01:26 [INFO] SPY live price: $766.37  (polled @ 14:01:26 ET)
2026-08-31 14:01:56 [INFO] SPY live price: $766.47  (polled @ 14:01:56 ET)
2026-08-31 14:02:11 [INFO] Leg market value: SPY260904C00766000     qty=-100 price=$4.2400  market_value=$-42400.00  unrealized_pl=$800.00
2026-08-31 14:02:11 [INFO] Leg market value: SPY260904C00776000     qty=100  price=$0.5800  market_value=$5800.00  unrealized_pl=$-800.00
2026-08-31 14:02:11 [INFO] Leg market value: SPY260904P00756000     qty=100  price=$0.8900  market_value=$8900.00  unrealized_pl=$-1600.00
2026-08-31 14:02:11 [INFO] Leg market value: SPY260904P00766000     qty=-100 price=$3.3100  market_value=$-33100.00  unrealized_pl=$2300.00
2026-08-31 14:02:11 [INFO] Combined market value: leg_total=$-60800.00  imv=$61500.00  combined=$700.00  pnl_pct=1.14%
2026-08-31 14:02:26 [INFO] SPY live price: $766.38  (polled @ 14:02:26 ET)
2026-08-31 14:02:56 [INFO] SPY live price: $766.43  (polled @ 14:02:56 ET)
2026-08-31 14:03:11 [INFO] Leg market value: SPY260904C00766000     qty=-100 price=$4.2600  market_value=$-42600.00  unrealized_pl=$600.00
2026-08-31 14:03:11 [INFO] Leg market value: SPY260904C00776000     qty=100  price=$0.6000  market_value=$6000.00  unrealized_pl=$-600.00
2026-08-31 14:03:11 [INFO] Leg market value: SPY260904P00756000     qty=100  price=$0.8900  market_value=$8900.00  unrealized_pl=$-1600.00
2026-08-31 14:03:11 [INFO] Leg market value: SPY260904P00766000     qty=-100 price=$3.3000  market_value=$-33000.00  unrealized_pl=$2400.00
2026-08-31 14:03:11 [INFO] Combined market value: leg_total=$-60700.00  imv=$61500.00  combined=$800.00  pnl_pct=1.30%
2026-08-31 14:03:26 [INFO] SPY live price: $766.51  (polled @ 14:03:26 ET)
2026-08-31 14:03:56 [INFO] SPY live price: $766.64  (polled @ 14:03:56 ET)
2026-08-31 14:04:11 [INFO] Leg market value: SPY260904C00766000     qty=-100 price=$4.3300  market_value=$-43300.00  unrealized_pl=$-100.00
2026-08-31 14:04:11 [INFO] Leg market value: SPY260904C00776000     qty=100  price=$0.6200  market_value=$6200.00  unrealized_pl=$-400.00
2026-08-31 14:04:11 [INFO] Leg market value: SPY260904P00756000     qty=100  price=$0.8700  market_value=$8700.00  unrealized_pl=$-1800.00
2026-08-31 14:04:11 [INFO] Leg market value: SPY260904P00766000     qty=-100 price=$3.2500  market_value=$-32500.00  unrealized_pl=$2900.00
2026-08-31 14:04:11 [INFO] Combined market value: leg_total=$-60900.00  imv=$61500.00  combined=$600.00  pnl_pct=0.98%
2026-08-31 14:04:26 [INFO] Heartbeat [Mon 14:04 ET] — trade_executed=False  open_attempted=True  |  OPEN SUBMITTED (77565f9c-e719-4086-8223-7fb63301ed23)  |  CLOSE in 01h35m33s
2026-08-31 14:04:26 [INFO] SPY live price: $766.58  (polled @ 14:04:26 ET)
2026-08-31 14:04:26 [INFO] Position monitor: 4 SPY opts  pnl=$600.00  pnl_pct=1.0%
2026-08-31 14:04:56 [INFO] SPY live price: $766.62  (polled @ 14:04:56 ET)
2026-08-31 14:05:11 [INFO] Leg market value: SPY260904C00766000     qty=-100 price=$4.3000  market_value=$-43000.00  unrealized_pl=$200.00
2026-08-31 14:05:11 [INFO] Leg market value: SPY260904C00776000     qty=100  price=$0.6100  market_value=$6100.00  unrealized_pl=$-500.00
2026-08-31 14:05:11 [INFO] Leg market value: SPY260904P00756000     qty=100  price=$0.8900  market_value=$8900.00  unrealized_pl=$-1600.00
2026-08-31 14:05:11 [INFO] Leg market value: SPY260904P00766000     qty=-100 price=$3.2900  market_value=$-32900.00  unrealized_pl=$2500.00
2026-08-31 14:05:11 [INFO] Combined market value: leg_total=$-60900.00  imv=$61500.00  combined=$600.00  pnl_pct=0.98%
2026-08-31 14:05:26 [INFO] SPY live price: $766.53  (polled @ 14:05:26 ET)
2026-08-31 14:05:56 [INFO] SPY live price: $766.52  (polled @ 14:05:56 ET)
2026-08-31 14:06:11 [INFO] Leg market value: SPY260904C00766000     qty=-100 price=$4.3100  market_value=$-43100.00  unrealized_pl=$100.00
2026-08-31 14:06:11 [INFO] Leg market value: SPY260904C00776000     qty=100  price=$0.6200  market_value=$6200.00  unrealized_pl=$-400.00
2026-08-31 14:06:11 [INFO] Leg market value: SPY260904P00756000     qty=100  price=$0.8900  market_value=$8900.00  unrealized_pl=$-1600.00
2026-08-31 14:06:11 [INFO] Leg market value: SPY260904P00766000     qty=-100 price=$3.3000  market_value=$-33000.00  unrealized_pl=$2400.00
2026-08-31 14:06:11 [INFO] Combined market value: leg_total=$-61000.00  imv=$61500.00  combined=$500.00  pnl_pct=0.81%
2026-08-31 14:06:26 [INFO] SPY live price: $766.60  (polled @ 14:06:26 ET)
2026-08-31 14:06:56 [INFO] SPY live price: $766.65  (polled @ 14:06:56 ET)
2026-08-31 14:07:11 [INFO] Leg market value: SPY260904C00766000     qty=-100 price=$4.3800  market_value=$-43800.00  unrealized_pl=$-600.00
2026-08-31 14:07:11 [INFO] Leg market value: SPY260904C00776000     qty=100  price=$0.6400  market_value=$6400.00  unrealized_pl=$-200.00
2026-08-31 14:07:11 [INFO] Leg market value: SPY260904P00756000     qty=100  price=$0.8700  market_value=$8700.00  unrealized_pl=$-1800.00
2026-08-31 14:07:11 [INFO] Leg market value: SPY260904P00766000     qty=-100 price=$3.2400  market_value=$-32400.00  unrealized_pl=$3000.00
2026-08-31 14:07:11 [INFO] Combined market value: leg_total=$-61100.00  imv=$61500.00  combined=$400.00  pnl_pct=0.65%
2026-08-31 14:07:26 [INFO] SPY live price: $766.60  (polled @ 14:07:26 ET)
2026-08-31 14:07:56 [INFO] SPY live price: $766.59  (polled @ 14:07:56 ET)
2026-08-31 14:08:11 [INFO] Leg market value: SPY260904C00766000     qty=-100 price=$4.3700  market_value=$-43700.00  unrealized_pl=$-500.00
2026-08-31 14:08:11 [INFO] Leg market value: SPY260904C00776000     qty=100  price=$0.6300  market_value=$6300.00  unrealized_pl=$-300.00
2026-08-31 14:08:11 [INFO] Leg market value: SPY260904P00756000     qty=100  price=$0.8800  market_value=$8800.00  unrealized_pl=$-1700.00
2026-08-31 14:08:11 [INFO] Leg market value: SPY260904P00766000     qty=-100 price=$3.2600  market_value=$-32600.00  unrealized_pl=$2800.00
2026-08-31 14:08:11 [INFO] Combined market value: leg_total=$-61200.00  imv=$61500.00  combined=$300.00  pnl_pct=0.49%
2026-08-31 14:08:26 [INFO] SPY live price: $766.60  (polled @ 14:08:26 ET)
2026-08-31 14:08:56 [INFO] SPY live price: $766.69  (polled @ 14:08:56 ET)
2026-08-31 14:09:11 [INFO] Leg market value: SPY260904C00766000     qty=-100 price=$4.3900  market_value=$-43900.00  unrealized_pl=$-700.00
2026-08-31 14:09:11 [INFO] Leg market value: SPY260904C00776000     qty=100  price=$0.6300  market_value=$6300.00  unrealized_pl=$-300.00
2026-08-31 14:09:11 [INFO] Leg market value: SPY260904P00756000     qty=100  price=$0.8700  market_value=$8700.00  unrealized_pl=$-1800.00
2026-08-31 14:09:11 [INFO] Leg market value: SPY260904P00766000     qty=-100 price=$3.2400  market_value=$-32400.00  unrealized_pl=$3000.00
2026-08-31 14:09:11 [INFO] Combined market value: leg_total=$-61300.00  imv=$61500.00  combined=$200.00  pnl_pct=0.33%
2026-08-31 14:09:26 [INFO] Heartbeat [Mon 14:09 ET] — trade_executed=False  open_attempted=True  |  OPEN SUBMITTED (77565f9c-e719-4086-8223-7fb63301ed23)  |  CLOSE in 01h30m33s
2026-08-31 14:09:26 [INFO] SPY live price: $766.66  (polled @ 14:09:26 ET)
2026-08-31 14:09:26 [INFO] Position monitor: 4 SPY opts  pnl=$200.00  pnl_pct=0.3%
2026-08-31 14:09:56 [INFO] SPY live price: $766.67  (polled @ 14:09:56 ET)
2026-08-31 14:10:11 [INFO] Leg market value: SPY260904C00766000     qty=-100 price=$4.3700  market_value=$-43700.00  unrealized_pl=$-500.00
2026-08-31 14:10:11 [INFO] Leg market value: SPY260904C00776000     qty=100  price=$0.6300  market_value=$6300.00  unrealized_pl=$-300.00
2026-08-31 14:10:11 [INFO] Leg market value: SPY260904P00756000     qty=100  price=$0.8800  market_value=$8800.00  unrealized_pl=$-1700.00
2026-08-31 14:10:11 [INFO] Leg market value: SPY260904P00766000     qty=-100 price=$3.2600  market_value=$-32600.00  unrealized_pl=$2800.00
2026-08-31 14:10:11 [INFO] Combined market value: leg_total=$-61200.00  imv=$61500.00  combined=$300.00  pnl_pct=0.49%
2026-08-31 14:10:26 [INFO] SPY live price: $766.58  (polled @ 14:10:26 ET)
2026-08-31 14:10:56 [INFO] SPY live price: $766.58  (polled @ 14:10:56 ET)
2026-08-31 14:11:11 [INFO] Leg market value: SPY260904C00766000     qty=-100 price=$4.3300  market_value=$-43300.00  unrealized_pl=$-100.00
2026-08-31 14:11:11 [INFO] Leg market value: SPY260904C00776000     qty=100  price=$0.6200  market_value=$6200.00  unrealized_pl=$-400.00
2026-08-31 14:11:11 [INFO] Leg market value: SPY260904P00756000     qty=100  price=$0.8800  market_value=$8800.00  unrealized_pl=$-1700.00
2026-08-31 14:11:11 [INFO] Leg market value: SPY260904P00766000     qty=-100 price=$3.2900  market_value=$-32900.00  unrealized_pl=$2500.00
2026-08-31 14:11:11 [INFO] Combined market value: leg_total=$-61200.00  imv=$61500.00  combined=$300.00  pnl_pct=0.49%
2026-08-31 14:11:26 [INFO] SPY live price: $766.49  (polled @ 14:11:26 ET)
2026-08-31 14:11:56 [INFO] SPY live price: $766.56  (polled @ 14:11:56 ET)
2026-08-31 14:12:11 [INFO] Leg market value: SPY260904C00766000     qty=-100 price=$4.3400  market_value=$-43400.00  unrealized_pl=$-200.00
2026-08-31 14:12:11 [INFO] Leg market value: SPY260904C00776000     qty=100  price=$0.6200  market_value=$6200.00  unrealized_pl=$-400.00
2026-08-31 14:12:11 [INFO] Leg market value: SPY260904P00756000     qty=100  price=$0.8900  market_value=$8900.00  unrealized_pl=$-1600.00
2026-08-31 14:12:11 [INFO] Leg market value: SPY260904P00766000     qty=-100 price=$3.2900  market_value=$-32900.00  unrealized_pl=$2500.00
2026-08-31 14:12:11 [INFO] Combined market value: leg_total=$-61200.00  imv=$61500.00  combined=$300.00  pnl_pct=0.49%
2026-08-31 14:12:26 [INFO] SPY live price: $766.58  (polled @ 14:12:26 ET)
2026-08-31 14:12:56 [INFO] SPY live price: $766.53  (polled @ 14:12:56 ET)
2026-08-31 14:13:11 [INFO] Leg market value: SPY260904C00766000     qty=-100 price=$4.3300  market_value=$-43300.00  unrealized_pl=$-100.00
2026-08-31 14:13:11 [INFO] Leg market value: SPY260904C00776000     qty=100  price=$0.6200  market_value=$6200.00  unrealized_pl=$-400.00
2026-08-31 14:13:11 [INFO] Leg market value: SPY260904P00756000     qty=100  price=$0.8900  market_value=$8900.00  unrealized_pl=$-1600.00
2026-08-31 14:13:11 [INFO] Leg market value: SPY260904P00766000     qty=-100 price=$3.2900  market_value=$-32900.00  unrealized_pl=$2500.00
2026-08-31 14:13:11 [INFO] Combined market value: leg_total=$-61100.00  imv=$61500.00  combined=$400.00  pnl_pct=0.65%
2026-08-31 14:13:26 [INFO] SPY live price: $766.56  (polled @ 14:13:26 ET)
2026-08-31 14:13:56 [INFO] SPY live price: $766.54  (polled @ 14:13:56 ET)
2026-08-31 14:14:11 [INFO] Leg market value: SPY260904C00766000     qty=-100 price=$4.3400  market_value=$-43400.00  unrealized_pl=$-200.00
2026-08-31 14:14:11 [INFO] Leg market value: SPY260904C00776000     qty=100  price=$0.6200  market_value=$6200.00  unrealized_pl=$-400.00
2026-08-31 14:14:11 [INFO] Leg market value: SPY260904P00756000     qty=100  price=$0.8800  market_value=$8800.00  unrealized_pl=$-1700.00
2026-08-31 14:14:11 [INFO] Leg market value: SPY260904P00766000     qty=-100 price=$3.2800  market_value=$-32800.00  unrealized_pl=$2600.00
2026-08-31 14:14:11 [INFO] Combined market value: leg_total=$-61200.00  imv=$61500.00  combined=$300.00  pnl_pct=0.49%
2026-08-31 14:14:26 [INFO] Heartbeat [Mon 14:14 ET] — trade_executed=False  open_attempted=True  |  OPEN SUBMITTED (77565f9c-e719-4086-8223-7fb63301ed23)  |  CLOSE in 01h25m33s
2026-08-31 14:14:26 [INFO] Position monitor: 4 SPY opts  pnl=$400.00  pnl_pct=0.6%
2026-08-31 14:14:26 [INFO] SPY live price: $766.60  (polled @ 14:14:26 ET)
2026-08-31 14:14:56 [INFO] SPY live price: $766.71  (polled @ 14:14:56 ET)
2026-08-31 14:15:11 [INFO] Leg market value: SPY260904C00766000     qty=-100 price=$4.4200  market_value=$-44200.00  unrealized_pl=$-1000.00
2026-08-31 14:15:11 [INFO] Leg market value: SPY260904C00776000     qty=100  price=$0.6400  market_value=$6400.00  unrealized_pl=$-200.00
2026-08-31 14:15:11 [INFO] Leg market value: SPY260904P00756000     qty=100  price=$0.8600  market_value=$8600.00  unrealized_pl=$-1900.00
2026-08-31 14:15:11 [INFO] Leg market value: SPY260904P00766000     qty=-100 price=$3.2200  market_value=$-32200.00  unrealized_pl=$3200.00
2026-08-31 14:15:11 [INFO] Combined market value: leg_total=$-61400.00  imv=$61500.00  combined=$100.00  pnl_pct=0.16%
2026-08-31 14:15:26 [INFO] SPY live price: $766.69  (polled @ 14:15:26 ET)
2026-08-31 14:15:56 [INFO] SPY live price: $766.67  (polled @ 14:15:56 ET)
2026-08-31 14:16:11 [INFO] Leg market value: SPY260904C00766000     qty=-100 price=$4.3400  market_value=$-43400.00  unrealized_pl=$-200.00
2026-08-31 14:16:11 [INFO] Leg market value: SPY260904C00776000     qty=100  price=$0.6200  market_value=$6200.00  unrealized_pl=$-400.00
2026-08-31 14:16:11 [INFO] Leg market value: SPY260904P00756000     qty=100  price=$0.8800  market_value=$8800.00  unrealized_pl=$-1700.00
2026-08-31 14:16:11 [INFO] Leg market value: SPY260904P00766000     qty=-100 price=$3.2800  market_value=$-32800.00  unrealized_pl=$2600.00
2026-08-31 14:16:11 [INFO] Combined market value: leg_total=$-61200.00  imv=$61500.00  combined=$300.00  pnl_pct=0.49%
2026-08-31 14:16:26 [INFO] SPY live price: $766.70  (polled @ 14:16:26 ET)
2026-08-31 14:16:56 [INFO] SPY live price: $766.74  (polled @ 14:16:56 ET)
2026-08-31 14:17:11 [INFO] Leg market value: SPY260904C00766000     qty=-100 price=$4.3700  market_value=$-43700.00  unrealized_pl=$-500.00
2026-08-31 14:17:11 [INFO] Leg market value: SPY260904C00776000     qty=100  price=$0.6200  market_value=$6200.00  unrealized_pl=$-400.00
2026-08-31 14:17:11 [INFO] Leg market value: SPY260904P00756000     qty=100  price=$0.8700  market_value=$8700.00  unrealized_pl=$-1800.00
2026-08-31 14:17:11 [INFO] Leg market value: SPY260904P00766000     qty=-100 price=$3.2500  market_value=$-32500.00  unrealized_pl=$2900.00
2026-08-31 14:17:11 [INFO] Combined market value: leg_total=$-61300.00  imv=$61500.00  combined=$200.00  pnl_pct=0.33%
2026-08-31 14:17:26 [INFO] SPY live price: $766.60  (polled @ 14:17:26 ET)
2026-08-31 14:17:56 [INFO] SPY live price: $766.62  (polled @ 14:17:56 ET)
2026-08-31 14:18:11 [INFO] Leg market value: SPY260904C00766000     qty=-100 price=$4.4000  market_value=$-44000.00  unrealized_pl=$-800.00
2026-08-31 14:18:11 [INFO] Leg market value: SPY260904C00776000     qty=100  price=$0.6300  market_value=$6300.00  unrealized_pl=$-300.00
2026-08-31 14:18:11 [INFO] Leg market value: SPY260904P00756000     qty=100  price=$0.8700  market_value=$8700.00  unrealized_pl=$-1800.00
2026-08-31 14:18:11 [INFO] Leg market value: SPY260904P00766000     qty=-100 price=$3.2400  market_value=$-32400.00  unrealized_pl=$3000.00
2026-08-31 14:18:11 [INFO] Combined market value: leg_total=$-61400.00  imv=$61500.00  combined=$100.00  pnl_pct=0.16%
2026-08-31 14:18:26 [INFO] SPY live price: $766.62  (polled @ 14:18:26 ET)
2026-08-31 14:18:56 [INFO] SPY live price: $766.66  (polled @ 14:18:56 ET)
2026-08-31 14:19:11 [INFO] Leg market value: SPY260904C00766000     qty=-100 price=$4.3800  market_value=$-43800.00  unrealized_pl=$-600.00
2026-08-31 14:19:11 [INFO] Leg market value: SPY260904C00776000     qty=100  price=$0.6300  market_value=$6300.00  unrealized_pl=$-300.00
2026-08-31 14:19:11 [INFO] Leg market value: SPY260904P00756000     qty=100  price=$0.8800  market_value=$8800.00  unrealized_pl=$-1700.00
2026-08-31 14:19:11 [INFO] Leg market value: SPY260904P00766000     qty=-100 price=$3.2500  market_value=$-32500.00  unrealized_pl=$2900.00
2026-08-31 14:19:11 [INFO] Combined market value: leg_total=$-61200.00  imv=$61500.00  combined=$300.00  pnl_pct=0.49%
2026-08-31 14:19:26 [INFO] Heartbeat [Mon 14:19 ET] — trade_executed=False  open_attempted=True  |  OPEN SUBMITTED (77565f9c-e719-4086-8223-7fb63301ed23)  |  CLOSE in 01h20m33s
2026-08-31 14:19:26 [INFO] SPY live price: $766.64  (polled @ 14:19:26 ET)
2026-08-31 14:19:26 [INFO] Position monitor: 4 SPY opts  pnl=$200.00  pnl_pct=0.3%
2026-08-31 14:19:56 [INFO] SPY live price: $766.67  (polled @ 14:19:56 ET)
2026-08-31 14:20:11 [INFO] Leg market value: SPY260904C00766000     qty=-100 price=$4.4300  market_value=$-44300.00  unrealized_pl=$-1100.00
2026-08-31 14:20:11 [INFO] Leg market value: SPY260904C00776000     qty=100  price=$0.6400  market_value=$6400.00  unrealized_pl=$-200.00
2026-08-31 14:20:11 [INFO] Leg market value: SPY260904P00756000     qty=100  price=$0.8600  market_value=$8600.00  unrealized_pl=$-1900.00
2026-08-31 14:20:11 [INFO] Leg market value: SPY260904P00766000     qty=-100 price=$3.2000  market_value=$-32000.00  unrealized_pl=$3400.00
2026-08-31 14:20:11 [INFO] Combined market value: leg_total=$-61300.00  imv=$61500.00  combined=$200.00  pnl_pct=0.33%
2026-08-31 14:20:26 [INFO] SPY live price: $766.76  (polled @ 14:20:26 ET)
2026-08-31 14:20:56 [INFO] SPY live price: $766.72  (polled @ 14:20:56 ET)
2026-08-31 14:21:11 [INFO] Leg market value: SPY260904C00766000     qty=-100 price=$4.4000  market_value=$-44000.00  unrealized_pl=$-800.00
2026-08-31 14:21:11 [INFO] Leg market value: SPY260904C00776000     qty=100  price=$0.6300  market_value=$6300.00  unrealized_pl=$-300.00
2026-08-31 14:21:11 [INFO] Leg market value: SPY260904P00756000     qty=100  price=$0.8600  market_value=$8600.00  unrealized_pl=$-1900.00
2026-08-31 14:21:11 [INFO] Leg market value: SPY260904P00766000     qty=-100 price=$3.2200  market_value=$-32200.00  unrealized_pl=$3200.00
2026-08-31 14:21:11 [INFO] Combined market value: leg_total=$-61300.00  imv=$61500.00  combined=$200.00  pnl_pct=0.33%
2026-08-31 14:21:26 [INFO] SPY live price: $766.67  (polled @ 14:21:26 ET)
2026-08-31 14:21:56 [INFO] SPY live price: $766.61  (polled @ 14:21:56 ET)
2026-08-31 14:22:11 [INFO] Leg market value: SPY260904C00766000     qty=-100 price=$4.3400  market_value=$-43400.00  unrealized_pl=$-200.00
2026-08-31 14:22:11 [INFO] Leg market value: SPY260904C00776000     qty=100  price=$0.6200  market_value=$6200.00  unrealized_pl=$-400.00
2026-08-31 14:22:11 [INFO] Leg market value: SPY260904P00756000     qty=100  price=$0.8800  market_value=$8800.00  unrealized_pl=$-1700.00
2026-08-31 14:22:11 [INFO] Leg market value: SPY260904P00766000     qty=-100 price=$3.2600  market_value=$-32600.00  unrealized_pl=$2800.00
2026-08-31 14:22:11 [INFO] Combined market value: leg_total=$-61000.00  imv=$61500.00  combined=$500.00  pnl_pct=0.81%
2026-08-31 14:22:26 [INFO] SPY live price: $766.57  (polled @ 14:22:26 ET)
2026-08-31 14:22:56 [INFO] SPY live price: $766.51  (polled @ 14:22:56 ET)
2026-08-31 14:23:11 [INFO] Leg market value: SPY260904C00766000     qty=-100 price=$4.3000  market_value=$-43000.00  unrealized_pl=$200.00
2026-08-31 14:23:11 [INFO] Leg market value: SPY260904C00776000     qty=100  price=$0.6000  market_value=$6000.00  unrealized_pl=$-600.00
2026-08-31 14:23:11 [INFO] Leg market value: SPY260904P00756000     qty=100  price=$0.8700  market_value=$8700.00  unrealized_pl=$-1800.00
2026-08-31 14:23:11 [INFO] Leg market value: SPY260904P00766000     qty=-100 price=$3.2600  market_value=$-32600.00  unrealized_pl=$2800.00
2026-08-31 14:23:11 [INFO] Combined market value: leg_total=$-60900.00  imv=$61500.00  combined=$600.00  pnl_pct=0.98%
2026-08-31 14:23:26 [INFO] SPY live price: $766.60  (polled @ 14:23:26 ET)
2026-08-31 14:23:56 [INFO] SPY live price: $766.70  (polled @ 14:23:56 ET)
2026-08-31 14:24:11 [INFO] Leg market value: SPY260904C00766000     qty=-100 price=$4.3900  market_value=$-43900.00  unrealized_pl=$-700.00
2026-08-31 14:24:11 [INFO] Leg market value: SPY260904C00776000     qty=100  price=$0.6200  market_value=$6200.00  unrealized_pl=$-400.00
2026-08-31 14:24:11 [INFO] Leg market value: SPY260904P00756000     qty=100  price=$0.8400  market_value=$8400.00  unrealized_pl=$-2100.00
2026-08-31 14:24:11 [INFO] Leg market value: SPY260904P00766000     qty=-100 price=$3.1800  market_value=$-31800.00  unrealized_pl=$3600.00
2026-08-31 14:24:11 [INFO] Combined market value: leg_total=$-61100.00  imv=$61500.00  combined=$400.00  pnl_pct=0.65%
2026-08-31 14:24:26 [INFO] Heartbeat [Mon 14:24 ET] — trade_executed=False  open_attempted=True  |  OPEN SUBMITTED (77565f9c-e719-4086-8223-7fb63301ed23)  |  CLOSE in 01h15m33s
2026-08-31 14:24:26 [INFO] Position monitor: 4 SPY opts  pnl=$400.00  pnl_pct=0.6%
2026-08-31 14:24:26 [INFO] SPY live price: $766.72  (polled @ 14:24:26 ET)
2026-08-31 14:24:56 [INFO] SPY live price: $766.64  (polled @ 14:24:56 ET)
2026-08-31 14:25:11 [INFO] Leg market value: SPY260904C00766000     qty=-100 price=$4.3200  market_value=$-43200.00  unrealized_pl=$0.00
2026-08-31 14:25:11 [INFO] Leg market value: SPY260904C00776000     qty=100  price=$0.6000  market_value=$6000.00  unrealized_pl=$-600.00
2026-08-31 14:25:11 [INFO] Leg market value: SPY260904P00756000     qty=100  price=$0.8600  market_value=$8600.00  unrealized_pl=$-1900.00
2026-08-31 14:25:11 [INFO] Leg market value: SPY260904P00766000     qty=-100 price=$3.2300  market_value=$-32300.00  unrealized_pl=$3100.00
2026-08-31 14:25:11 [INFO] Combined market value: leg_total=$-60900.00  imv=$61500.00  combined=$600.00  pnl_pct=0.98%
2026-08-31 14:25:26 [INFO] SPY live price: $766.54  (polled @ 14:25:26 ET)
2026-08-31 14:25:56 [INFO] SPY live price: $766.46  (polled @ 14:25:56 ET)
2026-08-31 14:26:11 [INFO] Leg market value: SPY260904C00766000     qty=-100 price=$4.2300  market_value=$-42300.00  unrealized_pl=$900.00
2026-08-31 14:26:11 [INFO] Leg market value: SPY260904C00776000     qty=100  price=$0.5700  market_value=$5700.00  unrealized_pl=$-900.00
2026-08-31 14:26:11 [INFO] Leg market value: SPY260904P00756000     qty=100  price=$0.8900  market_value=$8900.00  unrealized_pl=$-1600.00
2026-08-31 14:26:11 [INFO] Leg market value: SPY260904P00766000     qty=-100 price=$3.3200  market_value=$-33200.00  unrealized_pl=$2200.00
2026-08-31 14:26:11 [INFO] Combined market value: leg_total=$-60900.00  imv=$61500.00  combined=$600.00  pnl_pct=0.98%
2026-08-31 14:26:26 [INFO] SPY live price: $766.30  (polled @ 14:26:26 ET)
2026-08-31 14:26:56 [INFO] SPY live price: $766.34  (polled @ 14:26:56 ET)
2026-08-31 14:27:11 [INFO] Leg market value: SPY260904C00766000     qty=-100 price=$4.1900  market_value=$-41900.00  unrealized_pl=$1300.00
2026-08-31 14:27:11 [INFO] Leg market value: SPY260904C00776000     qty=100  price=$0.5700  market_value=$5700.00  unrealized_pl=$-900.00
2026-08-31 14:27:11 [INFO] Leg market value: SPY260904P00756000     qty=100  price=$0.8800  market_value=$8800.00  unrealized_pl=$-1700.00
2026-08-31 14:27:11 [INFO] Leg market value: SPY260904P00766000     qty=-100 price=$3.3200  market_value=$-33200.00  unrealized_pl=$2200.00
2026-08-31 14:27:11 [INFO] Combined market value: leg_total=$-60600.00  imv=$61500.00  combined=$900.00  pnl_pct=1.46%
2026-08-31 14:27:26 [INFO] SPY live price: $766.41  (polled @ 14:27:26 ET)
2026-08-31 14:27:56 [INFO] SPY live price: $766.41  (polled @ 14:27:56 ET)
2026-08-31 14:28:11 [INFO] Leg market value: SPY260904C00766000     qty=-100 price=$4.1900  market_value=$-41900.00  unrealized_pl=$1300.00
2026-08-31 14:28:11 [INFO] Leg market value: SPY260904C00776000     qty=100  price=$0.5700  market_value=$5700.00  unrealized_pl=$-900.00
2026-08-31 14:28:11 [INFO] Leg market value: SPY260904P00756000     qty=100  price=$0.8700  market_value=$8700.00  unrealized_pl=$-1800.00
2026-08-31 14:28:11 [INFO] Leg market value: SPY260904P00766000     qty=-100 price=$3.2900  market_value=$-32900.00  unrealized_pl=$2500.00
2026-08-31 14:28:11 [INFO] Combined market value: leg_total=$-60400.00  imv=$61500.00  combined=$1100.00  pnl_pct=1.79%
2026-08-31 14:28:26 [INFO] SPY live price: $766.47  (polled @ 14:28:26 ET)
2026-08-31 14:28:56 [INFO] SPY live price: $766.45  (polled @ 14:28:56 ET)
2026-08-31 14:29:11 [INFO] Leg market value: SPY260904C00766000     qty=-100 price=$4.2100  market_value=$-42100.00  unrealized_pl=$1100.00
2026-08-31 14:29:11 [INFO] Leg market value: SPY260904C00776000     qty=100  price=$0.5700  market_value=$5700.00  unrealized_pl=$-900.00
2026-08-31 14:29:11 [INFO] Leg market value: SPY260904P00756000     qty=100  price=$0.8700  market_value=$8700.00  unrealized_pl=$-1800.00
2026-08-31 14:29:11 [INFO] Leg market value: SPY260904P00766000     qty=-100 price=$3.2800  market_value=$-32800.00  unrealized_pl=$2600.00
2026-08-31 14:29:11 [INFO] Combined market value: leg_total=$-60500.00  imv=$61500.00  combined=$1000.00  pnl_pct=1.63%
2026-08-31 14:29:26 [INFO] Heartbeat [Mon 14:29 ET] — trade_executed=False  open_attempted=True  |  OPEN SUBMITTED (77565f9c-e719-4086-8223-7fb63301ed23)  |  CLOSE in 01h10m33s
2026-08-31 14:29:26 [INFO] Position monitor: 4 SPY opts  pnl=$1200.00  pnl_pct=1.9%
2026-08-31 14:29:26 [INFO] SPY live price: $766.35  (polled @ 14:29:26 ET)
2026-08-31 14:29:56 [INFO] SPY live price: $766.30  (polled @ 14:29:56 ET)
2026-08-31 14:30:11 [INFO] Leg market value: SPY260904C00766000     qty=-100 price=$4.1200  market_value=$-41200.00  unrealized_pl=$2000.00
2026-08-31 14:30:11 [INFO] Leg market value: SPY260904C00776000     qty=100  price=$0.5500  market_value=$5500.00  unrealized_pl=$-1100.00
2026-08-31 14:30:11 [INFO] Leg market value: SPY260904P00756000     qty=100  price=$0.8900  market_value=$8900.00  unrealized_pl=$-1600.00
2026-08-31 14:30:11 [INFO] Leg market value: SPY260904P00766000     qty=-100 price=$3.3500  market_value=$-33500.00  unrealized_pl=$1900.00
2026-08-31 14:30:11 [INFO] Combined market value: leg_total=$-60300.00  imv=$61500.00  combined=$1200.00  pnl_pct=1.95%
2026-08-31 14:30:26 [INFO] SPY live price: $766.36  (polled @ 14:30:26 ET)
2026-08-31 14:30:56 [INFO] SPY live price: $766.42  (polled @ 14:30:56 ET)
2026-08-31 14:31:11 [INFO] Leg market value: SPY260904C00766000     qty=-100 price=$4.1800  market_value=$-41800.00  unrealized_pl=$1400.00
2026-08-31 14:31:11 [INFO] Leg market value: SPY260904C00776000     qty=100  price=$0.5700  market_value=$5700.00  unrealized_pl=$-900.00
2026-08-31 14:31:11 [INFO] Leg market value: SPY260904P00756000     qty=100  price=$0.8800  market_value=$8800.00  unrealized_pl=$-1700.00
2026-08-31 14:31:11 [INFO] Leg market value: SPY260904P00766000     qty=-100 price=$3.3100  market_value=$-33100.00  unrealized_pl=$2300.00
2026-08-31 14:31:11 [INFO] Combined market value: leg_total=$-60400.00  imv=$61500.00  combined=$1100.00  pnl_pct=1.79%
2026-08-31 14:31:26 [INFO] SPY live price: $766.34  (polled @ 14:31:26 ET)
2026-08-31 14:31:56 [INFO] SPY live price: $766.25  (polled @ 14:31:56 ET)
2026-08-31 14:32:11 [INFO] Leg market value: SPY260904C00766000     qty=-100 price=$4.1200  market_value=$-41200.00  unrealized_pl=$2000.00
2026-08-31 14:32:11 [INFO] Leg market value: SPY260904C00776000     qty=100  price=$0.5500  market_value=$5500.00  unrealized_pl=$-1100.00
2026-08-31 14:32:11 [INFO] Leg market value: SPY260904P00756000     qty=100  price=$0.8900  market_value=$8900.00  unrealized_pl=$-1600.00
2026-08-31 14:32:11 [INFO] Leg market value: SPY260904P00766000     qty=-100 price=$3.3600  market_value=$-33600.00  unrealized_pl=$1800.00
2026-08-31 14:32:11 [INFO] Combined market value: leg_total=$-60400.00  imv=$61500.00  combined=$1100.00  pnl_pct=1.79%
2026-08-31 14:32:26 [INFO] SPY live price: $766.26  (polled @ 14:32:26 ET)
2026-08-31 14:32:56 [INFO] SPY live price: $766.28  (polled @ 14:32:56 ET)
2026-08-31 14:33:11 [INFO] Leg market value: SPY260904C00766000     qty=-100 price=$4.1300  market_value=$-41300.00  unrealized_pl=$1900.00
2026-08-31 14:33:11 [INFO] Leg market value: SPY260904C00776000     qty=100  price=$0.5500  market_value=$5500.00  unrealized_pl=$-1100.00
2026-08-31 14:33:11 [INFO] Leg market value: SPY260904P00756000     qty=100  price=$0.8900  market_value=$8900.00  unrealized_pl=$-1600.00
2026-08-31 14:33:11 [INFO] Leg market value: SPY260904P00766000     qty=-100 price=$3.3500  market_value=$-33500.00  unrealized_pl=$1900.00
2026-08-31 14:33:11 [INFO] Combined market value: leg_total=$-60400.00  imv=$61500.00  combined=$1100.00  pnl_pct=1.79%
2026-08-31 14:33:26 [INFO] SPY live price: $766.22  (polled @ 14:33:26 ET)
2026-08-31 14:33:56 [INFO] SPY live price: $766.18  (polled @ 14:33:56 ET)
2026-08-31 14:34:11 [INFO] Leg market value: SPY260904C00766000     qty=-100 price=$4.0900  market_value=$-40900.00  unrealized_pl=$2300.00
2026-08-31 14:34:11 [INFO] Leg market value: SPY260904C00776000     qty=100  price=$0.5400  market_value=$5400.00  unrealized_pl=$-1200.00
2026-08-31 14:34:11 [INFO] Leg market value: SPY260904P00756000     qty=100  price=$0.9000  market_value=$9000.00  unrealized_pl=$-1500.00
2026-08-31 14:34:11 [INFO] Leg market value: SPY260904P00766000     qty=-100 price=$3.3900  market_value=$-33900.00  unrealized_pl=$1500.00
2026-08-31 14:34:11 [INFO] Combined market value: leg_total=$-60400.00  imv=$61500.00  combined=$1100.00  pnl_pct=1.79%
2026-08-31 14:34:26 [INFO] Heartbeat [Mon 14:34 ET] — trade_executed=False  open_attempted=True  |  OPEN SUBMITTED (77565f9c-e719-4086-8223-7fb63301ed23)  |  CLOSE in 01h05m33s
2026-08-31 14:34:26 [INFO] Position monitor: 4 SPY opts  pnl=$1300.00  pnl_pct=2.1%
2026-08-31 14:34:26 [INFO] SPY live price: $766.15  (polled @ 14:34:26 ET)
2026-08-31 14:34:56 [INFO] SPY live price: $766.02  (polled @ 14:34:56 ET)
2026-08-31 14:35:11 [INFO] Leg market value: SPY260904C00766000     qty=-100 price=$4.0200  market_value=$-40200.00  unrealized_pl=$3000.00
2026-08-31 14:35:11 [INFO] Leg market value: SPY260904C00776000     qty=100  price=$0.5200  market_value=$5200.00  unrealized_pl=$-1400.00
2026-08-31 14:35:11 [INFO] Leg market value: SPY260904P00756000     qty=100  price=$0.9200  market_value=$9200.00  unrealized_pl=$-1300.00
2026-08-31 14:35:11 [INFO] Leg market value: SPY260904P00766000     qty=-100 price=$3.4400  market_value=$-34400.00  unrealized_pl=$1000.00
2026-08-31 14:35:11 [INFO] Combined market value: leg_total=$-60200.00  imv=$61500.00  combined=$1300.00  pnl_pct=2.11%
2026-08-31 14:35:26 [INFO] SPY live price: $765.96  (polled @ 14:35:26 ET)
2026-08-31 14:35:56 [INFO] SPY live price: $765.76  (polled @ 14:35:56 ET)
2026-08-31 14:36:11 [INFO] Leg market value: SPY260904C00766000     qty=-100 price=$3.8500  market_value=$-38500.00  unrealized_pl=$4700.00
2026-08-31 14:36:11 [INFO] Leg market value: SPY260904C00776000     qty=100  price=$0.4900  market_value=$4900.00  unrealized_pl=$-1700.00
2026-08-31 14:36:11 [INFO] Leg market value: SPY260904P00756000     qty=100  price=$0.9700  market_value=$9700.00  unrealized_pl=$-800.00
2026-08-31 14:36:11 [INFO] Leg market value: SPY260904P00766000     qty=-100 price=$3.6000  market_value=$-36000.00  unrealized_pl=$-600.00
2026-08-31 14:36:11 [INFO] Combined market value: leg_total=$-59900.00  imv=$61500.00  combined=$1600.00  pnl_pct=2.60%
2026-08-31 14:36:26 [INFO] SPY live price: $765.67  (polled @ 14:36:26 ET)
2026-08-31 14:36:56 [INFO] SPY live price: $765.70  (polled @ 14:36:56 ET)
2026-08-31 14:37:11 [INFO] Leg market value: SPY260904C00766000     qty=-100 price=$3.8200  market_value=$-38200.00  unrealized_pl=$5000.00
2026-08-31 14:37:11 [INFO] Leg market value: SPY260904C00776000     qty=100  price=$0.4800  market_value=$4800.00  unrealized_pl=$-1800.00
2026-08-31 14:37:11 [INFO] Leg market value: SPY260904P00756000     qty=100  price=$0.9700  market_value=$9700.00  unrealized_pl=$-800.00
2026-08-31 14:37:11 [INFO] Leg market value: SPY260904P00766000     qty=-100 price=$3.6300  market_value=$-36300.00  unrealized_pl=$-900.00
2026-08-31 14:37:11 [INFO] Combined market value: leg_total=$-60000.00  imv=$61500.00  combined=$1500.00  pnl_pct=2.44%
2026-08-31 14:37:26 [INFO] SPY live price: $765.75  (polled @ 14:37:26 ET)
2026-08-31 14:37:56 [INFO] SPY live price: $765.64  (polled @ 14:37:56 ET)
2026-08-31 14:38:11 [INFO] Leg market value: SPY260904C00766000     qty=-100 price=$3.7900  market_value=$-37900.00  unrealized_pl=$5300.00
2026-08-31 14:38:11 [INFO] Leg market value: SPY260904C00776000     qty=100  price=$0.4700  market_value=$4700.00  unrealized_pl=$-1900.00
2026-08-31 14:38:11 [INFO] Leg market value: SPY260904P00756000     qty=100  price=$0.9800  market_value=$9800.00  unrealized_pl=$-700.00
2026-08-31 14:38:11 [INFO] Leg market value: SPY260904P00766000     qty=-100 price=$3.6700  market_value=$-36700.00  unrealized_pl=$-1300.00
2026-08-31 14:38:11 [INFO] Combined market value: leg_total=$-60100.00  imv=$61500.00  combined=$1400.00  pnl_pct=2.28%
2026-08-31 14:38:26 [INFO] SPY live price: $765.50  (polled @ 14:38:26 ET)
2026-08-31 14:38:56 [INFO] SPY live price: $765.34  (polled @ 14:38:56 ET)
2026-08-31 14:39:11 [INFO] Leg market value: SPY260904C00766000     qty=-100 price=$3.7300  market_value=$-37300.00  unrealized_pl=$5900.00
2026-08-31 14:39:11 [INFO] Leg market value: SPY260904C00776000     qty=100  price=$0.4500  market_value=$4500.00  unrealized_pl=$-2100.00
2026-08-31 14:39:11 [INFO] Leg market value: SPY260904P00756000     qty=100  price=$1.0100  market_value=$10100.00  unrealized_pl=$-400.00
2026-08-31 14:39:11 [INFO] Leg market value: SPY260904P00766000     qty=-100 price=$3.7400  market_value=$-37400.00  unrealized_pl=$-2000.00
2026-08-31 14:39:11 [INFO] Combined market value: leg_total=$-60100.00  imv=$61500.00  combined=$1400.00  pnl_pct=2.28%
2026-08-31 14:39:26 [INFO] Heartbeat [Mon 14:39 ET] — trade_executed=False  open_attempted=True  |  OPEN SUBMITTED (77565f9c-e719-4086-8223-7fb63301ed23)  |  CLOSE in 01h00m33s
2026-08-31 14:39:26 [INFO] SPY live price: $765.47  (polled @ 14:39:26 ET)
2026-08-31 14:39:26 [INFO] Position monitor: 4 SPY opts  pnl=$1500.00  pnl_pct=2.4%
2026-08-31 14:39:56 [INFO] SPY live price: $765.49  (polled @ 14:39:56 ET)
2026-08-31 14:40:11 [INFO] Leg market value: SPY260904C00766000     qty=-100 price=$3.6800  market_value=$-36800.00  unrealized_pl=$6400.00
2026-08-31 14:40:11 [INFO] Leg market value: SPY260904C00776000     qty=100  price=$0.4500  market_value=$4500.00  unrealized_pl=$-2100.00
2026-08-31 14:40:11 [INFO] Leg market value: SPY260904P00756000     qty=100  price=$1.0200  market_value=$10200.00  unrealized_pl=$-300.00
2026-08-31 14:40:11 [INFO] Leg market value: SPY260904P00766000     qty=-100 price=$3.7800  market_value=$-37800.00  unrealized_pl=$-2400.00
2026-08-31 14:40:11 [INFO] Combined market value: leg_total=$-59900.00  imv=$61500.00  combined=$1600.00  pnl_pct=2.60%
2026-08-31 14:40:26 [INFO] SPY live price: $765.46  (polled @ 14:40:26 ET)
2026-08-31 14:40:56 [INFO] SPY live price: $765.53  (polled @ 14:40:56 ET)
2026-08-31 14:41:11 [INFO] Leg market value: SPY260904C00766000     qty=-100 price=$3.7600  market_value=$-37600.00  unrealized_pl=$5600.00
2026-08-31 14:41:11 [INFO] Leg market value: SPY260904C00776000     qty=100  price=$0.4600  market_value=$4600.00  unrealized_pl=$-2000.00
2026-08-31 14:41:11 [INFO] Leg market value: SPY260904P00756000     qty=100  price=$1.0000  market_value=$10000.00  unrealized_pl=$-500.00
2026-08-31 14:41:11 [INFO] Leg market value: SPY260904P00766000     qty=-100 price=$3.7100  market_value=$-37100.00  unrealized_pl=$-1700.00
2026-08-31 14:41:11 [INFO] Combined market value: leg_total=$-60100.00  imv=$61500.00  combined=$1400.00  pnl_pct=2.28%
2026-08-31 14:41:26 [INFO] SPY live price: $765.50  (polled @ 14:41:26 ET)
2026-08-31 14:41:57 [INFO] SPY live price: $765.27  (polled @ 14:41:57 ET)
2026-08-31 14:42:12 [INFO] Leg market value: SPY260904C00766000     qty=-100 price=$3.6600  market_value=$-36600.00  unrealized_pl=$6600.00
2026-08-31 14:42:12 [INFO] Leg market value: SPY260904C00776000     qty=100  price=$0.4400  market_value=$4400.00  unrealized_pl=$-2200.00
2026-08-31 14:42:12 [INFO] Leg market value: SPY260904P00756000     qty=100  price=$1.0400  market_value=$10400.00  unrealized_pl=$-100.00
2026-08-31 14:42:12 [INFO] Leg market value: SPY260904P00766000     qty=-100 price=$3.8200  market_value=$-38200.00  unrealized_pl=$-2800.00
2026-08-31 14:42:12 [INFO] Combined market value: leg_total=$-60000.00  imv=$61500.00  combined=$1500.00  pnl_pct=2.44%
2026-08-31 14:42:27 [INFO] SPY live price: $765.36  (polled @ 14:42:27 ET)
2026-08-31 14:42:56 [INFO] SPY live price: $765.35  (polled @ 14:42:56 ET)
2026-08-31 14:43:11 [INFO] Leg market value: SPY260904C00766000     qty=-100 price=$3.6200  market_value=$-36200.00  unrealized_pl=$7000.00
2026-08-31 14:43:11 [INFO] Leg market value: SPY260904C00776000     qty=100  price=$0.4300  market_value=$4300.00  unrealized_pl=$-2300.00
2026-08-31 14:43:11 [INFO] Leg market value: SPY260904P00756000     qty=100  price=$1.0500  market_value=$10500.00  unrealized_pl=$0.00
2026-08-31 14:43:11 [INFO] Leg market value: SPY260904P00766000     qty=-100 price=$3.8600  market_value=$-38600.00  unrealized_pl=$-3200.00
2026-08-31 14:43:11 [INFO] Combined market value: leg_total=$-60000.00  imv=$61500.00  combined=$1500.00  pnl_pct=2.44%
2026-08-31 14:43:27 [INFO] SPY live price: $765.22  (polled @ 14:43:27 ET)
2026-08-31 14:43:57 [INFO] SPY live price: $765.08  (polled @ 14:43:57 ET)
2026-08-31 14:44:12 [INFO] Leg market value: SPY260904C00766000     qty=-100 price=$3.6400  market_value=$-36400.00  unrealized_pl=$6800.00
2026-08-31 14:44:12 [INFO] Leg market value: SPY260904C00776000     qty=100  price=$0.4400  market_value=$4400.00  unrealized_pl=$-2200.00
2026-08-31 14:44:12 [INFO] Leg market value: SPY260904P00756000     qty=100  price=$1.0500  market_value=$10500.00  unrealized_pl=$0.00
2026-08-31 14:44:12 [INFO] Leg market value: SPY260904P00766000     qty=-100 price=$3.8600  market_value=$-38600.00  unrealized_pl=$-3200.00
2026-08-31 14:44:12 [INFO] Combined market value: leg_total=$-60100.00  imv=$61500.00  combined=$1400.00  pnl_pct=2.28%
2026-08-31 14:44:26 [INFO] Heartbeat [Mon 14:44 ET] — trade_executed=False  open_attempted=True  |  OPEN SUBMITTED (77565f9c-e719-4086-8223-7fb63301ed23)  |  CLOSE in 00h55m33s
2026-08-31 14:44:26 [INFO] SPY live price: $765.34  (polled @ 14:44:26 ET)
2026-08-31 14:44:26 [INFO] Position monitor: 4 SPY opts  pnl=$1400.00  pnl_pct=2.3%
2026-08-31 14:44:57 [INFO] SPY live price: $765.37  (polled @ 14:44:57 ET)
2026-08-31 14:45:12 [INFO] Leg market value: SPY260904C00766000     qty=-100 price=$3.6400  market_value=$-36400.00  unrealized_pl=$6800.00
2026-08-31 14:45:12 [INFO] Leg market value: SPY260904C00776000     qty=100  price=$0.4400  market_value=$4400.00  unrealized_pl=$-2200.00
2026-08-31 14:45:12 [INFO] Leg market value: SPY260904P00756000     qty=100  price=$1.0400  market_value=$10400.00  unrealized_pl=$-100.00
2026-08-31 14:45:12 [INFO] Leg market value: SPY260904P00766000     qty=-100 price=$3.8400  market_value=$-38400.00  unrealized_pl=$-3000.00
2026-08-31 14:45:12 [INFO] Combined market value: leg_total=$-60000.00  imv=$61500.00  combined=$1500.00  pnl_pct=2.44%
2026-08-31 14:45:27 [INFO] SPY live price: $765.26  (polled @ 14:45:27 ET)
2026-08-31 14:45:57 [INFO] SPY live price: $765.26  (polled @ 14:45:57 ET)
2026-08-31 14:46:12 [INFO] Leg market value: SPY260904C00766000     qty=-100 price=$3.6200  market_value=$-36200.00  unrealized_pl=$7000.00
2026-08-31 14:46:12 [INFO] Leg market value: SPY260904C00776000     qty=100  price=$0.4400  market_value=$4400.00  unrealized_pl=$-2200.00
2026-08-31 14:46:12 [INFO] Leg market value: SPY260904P00756000     qty=100  price=$1.0500  market_value=$10500.00  unrealized_pl=$0.00
2026-08-31 14:46:12 [INFO] Leg market value: SPY260904P00766000     qty=-100 price=$3.8700  market_value=$-38700.00  unrealized_pl=$-3300.00
2026-08-31 14:46:12 [INFO] Combined market value: leg_total=$-60000.00  imv=$61500.00  combined=$1500.00  pnl_pct=2.44%
2026-08-31 14:46:27 [INFO] SPY live price: $765.22  (polled @ 14:46:27 ET)
2026-08-31 14:46:57 [INFO] SPY live price: $765.27  (polled @ 14:46:57 ET)
2026-08-31 14:47:12 [INFO] Leg market value: SPY260904C00766000     qty=-100 price=$3.6700  market_value=$-36700.00  unrealized_pl=$6500.00
2026-08-31 14:47:12 [INFO] Leg market value: SPY260904C00776000     qty=100  price=$0.4500  market_value=$4500.00  unrealized_pl=$-2100.00
2026-08-31 14:47:12 [INFO] Leg market value: SPY260904P00756000     qty=100  price=$1.0400  market_value=$10400.00  unrealized_pl=$-100.00
2026-08-31 14:47:12 [INFO] Leg market value: SPY260904P00766000     qty=-100 price=$3.8200  market_value=$-38200.00  unrealized_pl=$-2800.00
2026-08-31 14:47:12 [INFO] Combined market value: leg_total=$-60000.00  imv=$61500.00  combined=$1500.00  pnl_pct=2.44%
2026-08-31 14:47:27 [INFO] SPY live price: $765.32  (polled @ 14:47:27 ET)
2026-08-31 14:47:57 [INFO] SPY live price: $765.23  (polled @ 14:47:57 ET)
2026-08-31 14:48:12 [INFO] Leg market value: SPY260904C00766000     qty=-100 price=$3.6300  market_value=$-36300.00  unrealized_pl=$6900.00
2026-08-31 14:48:12 [INFO] Leg market value: SPY260904C00776000     qty=100  price=$0.4400  market_value=$4400.00  unrealized_pl=$-2200.00
2026-08-31 14:48:12 [INFO] Leg market value: SPY260904P00756000     qty=100  price=$1.0600  market_value=$10600.00  unrealized_pl=$100.00
2026-08-31 14:48:12 [INFO] Leg market value: SPY260904P00766000     qty=-100 price=$3.8800  market_value=$-38800.00  unrealized_pl=$-3400.00
2026-08-31 14:48:12 [INFO] Combined market value: leg_total=$-60100.00  imv=$61500.00  combined=$1400.00  pnl_pct=2.28%
2026-08-31 14:48:27 [INFO] SPY live price: $765.29  (polled @ 14:48:27 ET)
2026-08-31 14:48:57 [INFO] SPY live price: $765.41  (polled @ 14:48:57 ET)
2026-08-31 14:49:12 [INFO] Leg market value: SPY260904C00766000     qty=-100 price=$3.6800  market_value=$-36800.00  unrealized_pl=$6400.00
2026-08-31 14:49:12 [INFO] Leg market value: SPY260904C00776000     qty=100  price=$0.4500  market_value=$4500.00  unrealized_pl=$-2100.00
2026-08-31 14:49:12 [INFO] Leg market value: SPY260904P00756000     qty=100  price=$1.0400  market_value=$10400.00  unrealized_pl=$-100.00
2026-08-31 14:49:12 [INFO] Leg market value: SPY260904P00766000     qty=-100 price=$3.8300  market_value=$-38300.00  unrealized_pl=$-2900.00
2026-08-31 14:49:12 [INFO] Combined market value: leg_total=$-60200.00  imv=$61500.00  combined=$1300.00  pnl_pct=2.11%
2026-08-31 14:49:26 [INFO] Heartbeat [Mon 14:49 ET] — trade_executed=False  open_attempted=True  |  OPEN SUBMITTED (77565f9c-e719-4086-8223-7fb63301ed23)  |  CLOSE in 00h50m33s
2026-08-31 14:49:27 [INFO] Position monitor: 4 SPY opts  pnl=$1300.00  pnl_pct=2.1%
2026-08-31 14:49:27 [INFO] SPY live price: $765.35  (polled @ 14:49:27 ET)
2026-08-31 14:49:57 [INFO] SPY live price: $765.43  (polled @ 14:49:57 ET)
2026-08-31 14:50:12 [INFO] Leg market value: SPY260904C00766000     qty=-100 price=$3.7200  market_value=$-37200.00  unrealized_pl=$6000.00
2026-08-31 14:50:12 [INFO] Leg market value: SPY260904C00776000     qty=100  price=$0.4600  market_value=$4600.00  unrealized_pl=$-2000.00
2026-08-31 14:50:12 [INFO] Leg market value: SPY260904P00756000     qty=100  price=$1.0200  market_value=$10200.00  unrealized_pl=$-300.00
2026-08-31 14:50:12 [INFO] Leg market value: SPY260904P00766000     qty=-100 price=$3.7800  market_value=$-37800.00  unrealized_pl=$-2400.00
2026-08-31 14:50:12 [INFO] Combined market value: leg_total=$-60200.00  imv=$61500.00  combined=$1300.00  pnl_pct=2.11%
2026-08-31 14:50:27 [INFO] SPY live price: $765.30  (polled @ 14:50:27 ET)
2026-08-31 14:50:57 [INFO] SPY live price: $765.31  (polled @ 14:50:57 ET)
2026-08-31 14:51:12 [INFO] Leg market value: SPY260904C00766000     qty=-100 price=$3.6800  market_value=$-36800.00  unrealized_pl=$6400.00
2026-08-31 14:51:12 [INFO] Leg market value: SPY260904C00776000     qty=100  price=$0.4500  market_value=$4500.00  unrealized_pl=$-2100.00
2026-08-31 14:51:12 [INFO] Leg market value: SPY260904P00756000     qty=100  price=$1.0400  market_value=$10400.00  unrealized_pl=$-100.00
2026-08-31 14:51:12 [INFO] Leg market value: SPY260904P00766000     qty=-100 price=$3.8200  market_value=$-38200.00  unrealized_pl=$-2800.00
2026-08-31 14:51:12 [INFO] Combined market value: leg_total=$-60100.00  imv=$61500.00  combined=$1400.00  pnl_pct=2.28%
2026-08-31 14:51:27 [INFO] SPY live price: $765.39  (polled @ 14:51:27 ET)
2026-08-31 14:51:57 [INFO] SPY live price: $765.40  (polled @ 14:51:57 ET)
2026-08-31 14:52:12 [INFO] Leg market value: SPY260904C00766000     qty=-100 price=$3.7000  market_value=$-37000.00  unrealized_pl=$6200.00
2026-08-31 14:52:12 [INFO] Leg market value: SPY260904C00776000     qty=100  price=$0.4500  market_value=$4500.00  unrealized_pl=$-2100.00
2026-08-31 14:52:12 [INFO] Leg market value: SPY260904P00756000     qty=100  price=$1.0300  market_value=$10300.00  unrealized_pl=$-200.00
2026-08-31 14:52:12 [INFO] Leg market value: SPY260904P00766000     qty=-100 price=$3.7900  market_value=$-37900.00  unrealized_pl=$-2500.00
2026-08-31 14:52:12 [INFO] Combined market value: leg_total=$-60100.00  imv=$61500.00  combined=$1400.00  pnl_pct=2.28%
2026-08-31 14:52:27 [INFO] SPY live price: $765.41  (polled @ 14:52:27 ET)
2026-08-31 14:52:57 [INFO] SPY live price: $765.49  (polled @ 14:52:57 ET)
2026-08-31 14:53:12 [INFO] Leg market value: SPY260904C00766000     qty=-100 price=$3.7300  market_value=$-37300.00  unrealized_pl=$5900.00
2026-08-31 14:53:12 [INFO] Leg market value: SPY260904C00776000     qty=100  price=$0.4600  market_value=$4600.00  unrealized_pl=$-2000.00
2026-08-31 14:53:12 [INFO] Leg market value: SPY260904P00756000     qty=100  price=$1.0100  market_value=$10100.00  unrealized_pl=$-400.00
2026-08-31 14:53:12 [INFO] Leg market value: SPY260904P00766000     qty=-100 price=$3.7500  market_value=$-37500.00  unrealized_pl=$-2100.00
2026-08-31 14:53:12 [INFO] Combined market value: leg_total=$-60100.00  imv=$61500.00  combined=$1400.00  pnl_pct=2.28%
2026-08-31 14:53:27 [INFO] SPY live price: $765.62  (polled @ 14:53:27 ET)
2026-08-31 14:53:57 [INFO] SPY live price: $765.66  (polled @ 14:53:57 ET)
2026-08-31 14:54:12 [INFO] Leg market value: SPY260904C00766000     qty=-100 price=$3.8300  market_value=$-38300.00  unrealized_pl=$4900.00
2026-08-31 14:54:12 [INFO] Leg market value: SPY260904C00776000     qty=100  price=$0.4800  market_value=$4800.00  unrealized_pl=$-1800.00
2026-08-31 14:54:12 [INFO] Leg market value: SPY260904P00756000     qty=100  price=$0.9700  market_value=$9700.00  unrealized_pl=$-800.00
2026-08-31 14:54:12 [INFO] Leg market value: SPY260904P00766000     qty=-100 price=$3.6200  market_value=$-36200.00  unrealized_pl=$-800.00
2026-08-31 14:54:12 [INFO] Combined market value: leg_total=$-60000.00  imv=$61500.00  combined=$1500.00  pnl_pct=2.44%
2026-08-31 14:54:27 [INFO] Heartbeat [Mon 14:54 ET] — trade_executed=False  open_attempted=True  |  OPEN SUBMITTED (77565f9c-e719-4086-8223-7fb63301ed23)  |  CLOSE in 00h45m32s
2026-08-31 14:54:27 [INFO] Position monitor: 4 SPY opts  pnl=$1300.00  pnl_pct=2.1%
2026-08-31 14:54:27 [INFO] SPY live price: $765.69  (polled @ 14:54:27 ET)
2026-08-31 14:54:57 [INFO] SPY live price: $765.66  (polled @ 14:54:57 ET)
2026-08-31 14:55:12 [INFO] Leg market value: SPY260904C00766000     qty=-100 price=$3.7900  market_value=$-37900.00  unrealized_pl=$5300.00
2026-08-31 14:55:12 [INFO] Leg market value: SPY260904C00776000     qty=100  price=$0.4700  market_value=$4700.00  unrealized_pl=$-1900.00
2026-08-31 14:55:12 [INFO] Leg market value: SPY260904P00756000     qty=100  price=$0.9800  market_value=$9800.00  unrealized_pl=$-700.00
2026-08-31 14:55:12 [INFO] Leg market value: SPY260904P00766000     qty=-100 price=$3.6700  market_value=$-36700.00  unrealized_pl=$-1300.00
2026-08-31 14:55:12 [INFO] Combined market value: leg_total=$-60100.00  imv=$61500.00  combined=$1400.00  pnl_pct=2.28%
2026-08-31 14:55:27 [INFO] SPY live price: $765.58  (polled @ 14:55:27 ET)
2026-08-31 14:55:57 [INFO] SPY live price: $765.59  (polled @ 14:55:57 ET)
2026-08-31 14:56:12 [INFO] Leg market value: SPY260904C00766000     qty=-100 price=$3.8000  market_value=$-38000.00  unrealized_pl=$5200.00
2026-08-31 14:56:12 [INFO] Leg market value: SPY260904C00776000     qty=100  price=$0.4700  market_value=$4700.00  unrealized_pl=$-1900.00
2026-08-31 14:56:12 [INFO] Leg market value: SPY260904P00756000     qty=100  price=$0.9800  market_value=$9800.00  unrealized_pl=$-700.00
2026-08-31 14:56:12 [INFO] Leg market value: SPY260904P00766000     qty=-100 price=$3.6700  market_value=$-36700.00  unrealized_pl=$-1300.00
2026-08-31 14:56:12 [INFO] Combined market value: leg_total=$-60200.00  imv=$61500.00  combined=$1300.00  pnl_pct=2.11%
2026-08-31 14:56:27 [INFO] SPY live price: $765.70  (polled @ 14:56:27 ET)
2026-08-31 14:56:57 [INFO] SPY live price: $765.75  (polled @ 14:56:57 ET)
2026-08-31 14:57:12 [INFO] Leg market value: SPY260904C00766000     qty=-100 price=$3.8500  market_value=$-38500.00  unrealized_pl=$4700.00
2026-08-31 14:57:12 [INFO] Leg market value: SPY260904C00776000     qty=100  price=$0.4900  market_value=$4900.00  unrealized_pl=$-1700.00
2026-08-31 14:57:12 [INFO] Leg market value: SPY260904P00756000     qty=100  price=$0.9600  market_value=$9600.00  unrealized_pl=$-900.00
2026-08-31 14:57:12 [INFO] Leg market value: SPY260904P00766000     qty=-100 price=$3.6000  market_value=$-36000.00  unrealized_pl=$-600.00
2026-08-31 14:57:12 [INFO] Combined market value: leg_total=$-60000.00  imv=$61500.00  combined=$1500.00  pnl_pct=2.44%
2026-08-31 14:57:27 [INFO] SPY live price: $765.78  (polled @ 14:57:27 ET)
2026-08-31 14:57:57 [INFO] SPY live price: $765.71  (polled @ 14:57:57 ET)
2026-08-31 14:58:12 [INFO] Leg market value: SPY260904C00766000     qty=-100 price=$3.8300  market_value=$-38300.00  unrealized_pl=$4900.00
2026-08-31 14:58:12 [INFO] Leg market value: SPY260904C00776000     qty=100  price=$0.4800  market_value=$4800.00  unrealized_pl=$-1800.00
2026-08-31 14:58:12 [INFO] Leg market value: SPY260904P00756000     qty=100  price=$0.9700  market_value=$9700.00  unrealized_pl=$-800.00
2026-08-31 14:58:12 [INFO] Leg market value: SPY260904P00766000     qty=-100 price=$3.6200  market_value=$-36200.00  unrealized_pl=$-800.00
2026-08-31 14:58:12 [INFO] Combined market value: leg_total=$-60000.00  imv=$61500.00  combined=$1500.00  pnl_pct=2.44%
2026-08-31 14:58:27 [INFO] SPY live price: $765.71  (polled @ 14:58:27 ET)
2026-08-31 14:58:57 [INFO] SPY live price: $765.79  (polled @ 14:58:57 ET)
2026-08-31 14:59:12 [INFO] Leg market value: SPY260904C00766000     qty=-100 price=$3.8600  market_value=$-38600.00  unrealized_pl=$4600.00
2026-08-31 14:59:12 [INFO] Leg market value: SPY260904C00776000     qty=100  price=$0.4800  market_value=$4800.00  unrealized_pl=$-1800.00
2026-08-31 14:59:12 [INFO] Leg market value: SPY260904P00756000     qty=100  price=$0.9600  market_value=$9600.00  unrealized_pl=$-900.00
2026-08-31 14:59:12 [INFO] Leg market value: SPY260904P00766000     qty=-100 price=$3.5900  market_value=$-35900.00  unrealized_pl=$-500.00
2026-08-31 14:59:12 [INFO] Combined market value: leg_total=$-60100.00  imv=$61500.00  combined=$1400.00  pnl_pct=2.28%
2026-08-31 14:59:27 [INFO] Heartbeat [Mon 14:59 ET] — trade_executed=False  open_attempted=True  |  OPEN SUBMITTED (77565f9c-e719-4086-8223-7fb63301ed23)  |  CLOSE in 00h40m32s
2026-08-31 14:59:27 [INFO] Position monitor: 4 SPY opts  pnl=$1500.00  pnl_pct=2.4%
2026-08-31 14:59:27 [INFO] SPY live price: $765.80  (polled @ 14:59:27 ET)
2026-08-31 14:59:57 [INFO] SPY live price: $765.68  (polled @ 14:59:57 ET)
2026-08-31 15:00:12 [INFO] Leg market value: SPY260904C00766000     qty=-100 price=$3.8700  market_value=$-38700.00  unrealized_pl=$4500.00
2026-08-31 15:00:12 [INFO] Leg market value: SPY260904C00776000     qty=100  price=$0.4800  market_value=$4800.00  unrealized_pl=$-1800.00
2026-08-31 15:00:12 [INFO] Leg market value: SPY260904P00756000     qty=100  price=$0.9500  market_value=$9500.00  unrealized_pl=$-1000.00
2026-08-31 15:00:12 [INFO] Leg market value: SPY260904P00766000     qty=-100 price=$3.5700  market_value=$-35700.00  unrealized_pl=$-300.00
2026-08-31 15:00:12 [INFO] Combined market value: leg_total=$-60100.00  imv=$61500.00  combined=$1400.00  pnl_pct=2.28%
2026-08-31 15:00:27 [INFO] SPY live price: $765.98  (polled @ 15:00:27 ET)
2026-08-31 15:00:57 [INFO] SPY live price: $765.96  (polled @ 15:00:57 ET)
2026-08-31 15:01:12 [INFO] Leg market value: SPY260904C00766000     qty=-100 price=$3.9400  market_value=$-39400.00  unrealized_pl=$3800.00
2026-08-31 15:01:12 [INFO] Leg market value: SPY260904C00776000     qty=100  price=$0.5000  market_value=$5000.00  unrealized_pl=$-1600.00
2026-08-31 15:01:12 [INFO] Leg market value: SPY260904P00756000     qty=100  price=$0.9200  market_value=$9200.00  unrealized_pl=$-1300.00
2026-08-31 15:01:12 [INFO] Leg market value: SPY260904P00766000     qty=-100 price=$3.5000  market_value=$-35000.00  unrealized_pl=$400.00
2026-08-31 15:01:12 [INFO] Combined market value: leg_total=$-60200.00  imv=$61500.00  combined=$1300.00  pnl_pct=2.11%
2026-08-31 15:01:27 [INFO] SPY live price: $765.84  (polled @ 15:01:27 ET)
2026-08-31 15:01:57 [INFO] SPY live price: $765.82  (polled @ 15:01:57 ET)
2026-08-31 15:02:12 [INFO] Leg market value: SPY260904C00766000     qty=-100 price=$3.9000  market_value=$-39000.00  unrealized_pl=$4200.00
2026-08-31 15:02:12 [INFO] Leg market value: SPY260904C00776000     qty=100  price=$0.4900  market_value=$4900.00  unrealized_pl=$-1700.00
2026-08-31 15:02:12 [INFO] Leg market value: SPY260904P00756000     qty=100  price=$0.9400  market_value=$9400.00  unrealized_pl=$-1100.00
2026-08-31 15:02:12 [INFO] Leg market value: SPY260904P00766000     qty=-100 price=$3.5400  market_value=$-35400.00  unrealized_pl=$0.00
2026-08-31 15:02:12 [INFO] Combined market value: leg_total=$-60100.00  imv=$61500.00  combined=$1400.00  pnl_pct=2.28%
2026-08-31 15:02:27 [INFO] SPY live price: $765.91  (polled @ 15:02:27 ET)
2026-08-31 15:02:57 [INFO] SPY live price: $765.95  (polled @ 15:02:57 ET)
2026-08-31 15:03:12 [INFO] Leg market value: SPY260904C00766000     qty=-100 price=$3.9400  market_value=$-39400.00  unrealized_pl=$3800.00
2026-08-31 15:03:12 [INFO] Leg market value: SPY260904C00776000     qty=100  price=$0.5000  market_value=$5000.00  unrealized_pl=$-1600.00
2026-08-31 15:03:12 [INFO] Leg market value: SPY260904P00756000     qty=100  price=$0.9200  market_value=$9200.00  unrealized_pl=$-1300.00
2026-08-31 15:03:12 [INFO] Leg market value: SPY260904P00766000     qty=-100 price=$3.5000  market_value=$-35000.00  unrealized_pl=$400.00
2026-08-31 15:03:12 [INFO] Combined market value: leg_total=$-60200.00  imv=$61500.00  combined=$1300.00  pnl_pct=2.11%
2026-08-31 15:03:27 [INFO] SPY live price: $765.90  (polled @ 15:03:27 ET)
2026-08-31 15:03:57 [INFO] SPY live price: $765.89  (polled @ 15:03:57 ET)
2026-08-31 15:04:12 [INFO] Leg market value: SPY260904C00766000     qty=-100 price=$3.9200  market_value=$-39200.00  unrealized_pl=$4000.00
2026-08-31 15:04:12 [INFO] Leg market value: SPY260904C00776000     qty=100  price=$0.4900  market_value=$4900.00  unrealized_pl=$-1700.00
2026-08-31 15:04:12 [INFO] Leg market value: SPY260904P00756000     qty=100  price=$0.9300  market_value=$9300.00  unrealized_pl=$-1200.00
2026-08-31 15:04:12 [INFO] Leg market value: SPY260904P00766000     qty=-100 price=$3.5200  market_value=$-35200.00  unrealized_pl=$200.00
2026-08-31 15:04:12 [INFO] Combined market value: leg_total=$-60200.00  imv=$61500.00  combined=$1300.00  pnl_pct=2.11%
2026-08-31 15:04:27 [INFO] Heartbeat [Mon 15:04 ET] — trade_executed=False  open_attempted=True  |  OPEN SUBMITTED (77565f9c-e719-4086-8223-7fb63301ed23)  |  CLOSE in 00h35m32s
2026-08-31 15:04:27 [INFO] Position monitor: 4 SPY opts  pnl=$1300.00  pnl_pct=2.1%
2026-08-31 15:04:27 [INFO] SPY live price: $765.79  (polled @ 15:04:27 ET)
2026-08-31 15:04:57 [INFO] SPY live price: $765.83  (polled @ 15:04:57 ET)
2026-08-31 15:05:12 [INFO] Leg market value: SPY260904C00766000     qty=-100 price=$3.9000  market_value=$-39000.00  unrealized_pl=$4200.00
2026-08-31 15:05:12 [INFO] Leg market value: SPY260904C00776000     qty=100  price=$0.4900  market_value=$4900.00  unrealized_pl=$-1700.00
2026-08-31 15:05:12 [INFO] Leg market value: SPY260904P00756000     qty=100  price=$0.9300  market_value=$9300.00  unrealized_pl=$-1200.00
2026-08-31 15:05:12 [INFO] Leg market value: SPY260904P00766000     qty=-100 price=$3.5400  market_value=$-35400.00  unrealized_pl=$0.00
2026-08-31 15:05:12 [INFO] Combined market value: leg_total=$-60200.00  imv=$61500.00  combined=$1300.00  pnl_pct=2.11%
2026-08-31 15:05:27 [INFO] SPY live price: $765.87  (polled @ 15:05:27 ET)
2026-08-31 15:05:57 [INFO] SPY live price: $765.83  (polled @ 15:05:57 ET)
2026-08-31 15:06:12 [INFO] Leg market value: SPY260904C00766000     qty=-100 price=$3.8300  market_value=$-38300.00  unrealized_pl=$4900.00
2026-08-31 15:06:12 [INFO] Leg market value: SPY260904C00776000     qty=100  price=$0.4700  market_value=$4700.00  unrealized_pl=$-1900.00
2026-08-31 15:06:12 [INFO] Leg market value: SPY260904P00756000     qty=100  price=$0.9500  market_value=$9500.00  unrealized_pl=$-1000.00
2026-08-31 15:06:12 [INFO] Leg market value: SPY260904P00766000     qty=-100 price=$3.5900  market_value=$-35900.00  unrealized_pl=$-500.00
2026-08-31 15:06:12 [INFO] Combined market value: leg_total=$-60000.00  imv=$61500.00  combined=$1500.00  pnl_pct=2.44%
2026-08-31 15:06:27 [INFO] SPY live price: $765.76  (polled @ 15:06:27 ET)
2026-08-31 15:06:57 [INFO] SPY live price: $765.78  (polled @ 15:06:57 ET)
2026-08-31 15:07:12 [INFO] Leg market value: SPY260904C00766000     qty=-100 price=$3.8700  market_value=$-38700.00  unrealized_pl=$4500.00
2026-08-31 15:07:12 [INFO] Leg market value: SPY260904C00776000     qty=100  price=$0.4700  market_value=$4700.00  unrealized_pl=$-1900.00
2026-08-31 15:07:12 [INFO] Leg market value: SPY260904P00756000     qty=100  price=$0.9300  market_value=$9300.00  unrealized_pl=$-1200.00
2026-08-31 15:07:12 [INFO] Leg market value: SPY260904P00766000     qty=-100 price=$3.5400  market_value=$-35400.00  unrealized_pl=$0.00
2026-08-31 15:07:12 [INFO] Combined market value: leg_total=$-60100.00  imv=$61500.00  combined=$1400.00  pnl_pct=2.28%
2026-08-31 15:07:27 [INFO] SPY live price: $765.84  (polled @ 15:07:27 ET)
2026-08-31 15:07:57 [INFO] SPY live price: $765.82  (polled @ 15:07:57 ET)
2026-08-31 15:08:12 [INFO] Leg market value: SPY260904C00766000     qty=-100 price=$3.8800  market_value=$-38800.00  unrealized_pl=$4400.00
2026-08-31 15:08:12 [INFO] Leg market value: SPY260904C00776000     qty=100  price=$0.4700  market_value=$4700.00  unrealized_pl=$-1900.00
2026-08-31 15:08:12 [INFO] Leg market value: SPY260904P00756000     qty=100  price=$0.9200  market_value=$9200.00  unrealized_pl=$-1300.00
2026-08-31 15:08:12 [INFO] Leg market value: SPY260904P00766000     qty=-100 price=$3.5100  market_value=$-35100.00  unrealized_pl=$300.00
2026-08-31 15:08:12 [INFO] Combined market value: leg_total=$-60000.00  imv=$61500.00  combined=$1500.00  pnl_pct=2.44%
2026-08-31 15:08:27 [INFO] SPY live price: $765.90  (polled @ 15:08:27 ET)
2026-08-31 15:08:57 [INFO] SPY live price: $765.93  (polled @ 15:08:57 ET)
2026-08-31 15:09:12 [INFO] Leg market value: SPY260904C00766000     qty=-100 price=$3.9500  market_value=$-39500.00  unrealized_pl=$3700.00
2026-08-31 15:09:12 [INFO] Leg market value: SPY260904C00776000     qty=100  price=$0.4900  market_value=$4900.00  unrealized_pl=$-1700.00
2026-08-31 15:09:12 [INFO] Leg market value: SPY260904P00756000     qty=100  price=$0.9000  market_value=$9000.00  unrealized_pl=$-1500.00
2026-08-31 15:09:12 [INFO] Leg market value: SPY260904P00766000     qty=-100 price=$3.4500  market_value=$-34500.00  unrealized_pl=$900.00
2026-08-31 15:09:12 [INFO] Combined market value: leg_total=$-60100.00  imv=$61500.00  combined=$1400.00  pnl_pct=2.28%
2026-08-31 15:09:27 [INFO] Heartbeat [Mon 15:09 ET] — trade_executed=False  open_attempted=True  |  OPEN SUBMITTED (77565f9c-e719-4086-8223-7fb63301ed23)  |  CLOSE in 00h30m32s
2026-08-31 15:09:27 [INFO] SPY live price: $766.01  (polled @ 15:09:27 ET)
2026-08-31 15:09:27 [INFO] Position monitor: 4 SPY opts  pnl=$1300.00  pnl_pct=2.1%
2026-08-31 15:09:57 [INFO] SPY live price: $766.02  (polled @ 15:09:57 ET)
2026-08-31 15:10:12 [INFO] Leg market value: SPY260904C00766000     qty=-100 price=$4.0100  market_value=$-40100.00  unrealized_pl=$3100.00
2026-08-31 15:10:12 [INFO] Leg market value: SPY260904C00776000     qty=100  price=$0.5000  market_value=$5000.00  unrealized_pl=$-1600.00
2026-08-31 15:10:12 [INFO] Leg market value: SPY260904P00756000     qty=100  price=$0.8700  market_value=$8700.00  unrealized_pl=$-1800.00
2026-08-31 15:10:12 [INFO] Leg market value: SPY260904P00766000     qty=-100 price=$3.3900  market_value=$-33900.00  unrealized_pl=$1500.00
2026-08-31 15:10:12 [INFO] Combined market value: leg_total=$-60300.00  imv=$61500.00  combined=$1200.00  pnl_pct=1.95%
2026-08-31 15:10:27 [INFO] SPY live price: $766.15  (polled @ 15:10:27 ET)
2026-08-31 15:10:57 [INFO] SPY live price: $766.04  (polled @ 15:10:57 ET)
2026-08-31 15:11:12 [INFO] Leg market value: SPY260904C00766000     qty=-100 price=$3.9900  market_value=$-39900.00  unrealized_pl=$3300.00
2026-08-31 15:11:12 [INFO] Leg market value: SPY260904C00776000     qty=100  price=$0.4900  market_value=$4900.00  unrealized_pl=$-1700.00
2026-08-31 15:11:12 [INFO] Leg market value: SPY260904P00756000     qty=100  price=$0.8800  market_value=$8800.00  unrealized_pl=$-1700.00
2026-08-31 15:11:12 [INFO] Leg market value: SPY260904P00766000     qty=-100 price=$3.4000  market_value=$-34000.00  unrealized_pl=$1400.00
2026-08-31 15:11:12 [INFO] Combined market value: leg_total=$-60200.00  imv=$61500.00  combined=$1300.00  pnl_pct=2.11%
2026-08-31 15:11:27 [INFO] SPY live price: $766.10  (polled @ 15:11:27 ET)
2026-08-31 15:11:57 [INFO] SPY live price: $766.04  (polled @ 15:11:57 ET)
2026-08-31 15:12:12 [INFO] Leg market value: SPY260904C00766000     qty=-100 price=$3.9900  market_value=$-39900.00  unrealized_pl=$3300.00
2026-08-31 15:12:12 [INFO] Leg market value: SPY260904C00776000     qty=100  price=$0.5000  market_value=$5000.00  unrealized_pl=$-1600.00
2026-08-31 15:12:12 [INFO] Leg market value: SPY260904P00756000     qty=100  price=$0.8800  market_value=$8800.00  unrealized_pl=$-1700.00
2026-08-31 15:12:12 [INFO] Leg market value: SPY260904P00766000     qty=-100 price=$3.4000  market_value=$-34000.00  unrealized_pl=$1400.00
2026-08-31 15:12:12 [INFO] Combined market value: leg_total=$-60100.00  imv=$61500.00  combined=$1400.00  pnl_pct=2.28%
2026-08-31 15:12:27 [INFO] SPY live price: $766.08  (polled @ 15:12:27 ET)
2026-08-31 15:12:57 [INFO] SPY live price: $766.03  (polled @ 15:12:57 ET)
2026-08-31 15:13:12 [INFO] Leg market value: SPY260904C00766000     qty=-100 price=$3.9400  market_value=$-39400.00  unrealized_pl=$3800.00
2026-08-31 15:13:12 [INFO] Leg market value: SPY260904C00776000     qty=100  price=$0.4900  market_value=$4900.00  unrealized_pl=$-1700.00
2026-08-31 15:13:12 [INFO] Leg market value: SPY260904P00756000     qty=100  price=$0.8900  market_value=$8900.00  unrealized_pl=$-1600.00
2026-08-31 15:13:12 [INFO] Leg market value: SPY260904P00766000     qty=-100 price=$3.4300  market_value=$-34300.00  unrealized_pl=$1100.00
2026-08-31 15:13:12 [INFO] Combined market value: leg_total=$-59900.00  imv=$61500.00  combined=$1600.00  pnl_pct=2.60%
2026-08-31 15:13:27 [INFO] SPY live price: $765.99  (polled @ 15:13:27 ET)
2026-08-31 15:13:57 [INFO] SPY live price: $766.08  (polled @ 15:13:57 ET)
2026-08-31 15:14:12 [INFO] Leg market value: SPY260904C00766000     qty=-100 price=$4.0300  market_value=$-40300.00  unrealized_pl=$2900.00
2026-08-31 15:14:12 [INFO] Leg market value: SPY260904C00776000     qty=100  price=$0.5000  market_value=$5000.00  unrealized_pl=$-1600.00
2026-08-31 15:14:12 [INFO] Leg market value: SPY260904P00756000     qty=100  price=$0.8600  market_value=$8600.00  unrealized_pl=$-1900.00
2026-08-31 15:14:12 [INFO] Leg market value: SPY260904P00766000     qty=-100 price=$3.3600  market_value=$-33600.00  unrealized_pl=$1800.00
2026-08-31 15:14:12 [INFO] Combined market value: leg_total=$-60300.00  imv=$61500.00  combined=$1200.00  pnl_pct=1.95%
2026-08-31 15:14:27 [INFO] Heartbeat [Mon 15:14 ET] — trade_executed=False  open_attempted=True  |  OPEN SUBMITTED (77565f9c-e719-4086-8223-7fb63301ed23)  |  CLOSE in 00h25m32s
2026-08-31 15:14:27 [INFO] Position monitor: 4 SPY opts  pnl=$1200.00  pnl_pct=1.9%
2026-08-31 15:14:27 [INFO] SPY live price: $766.19  (polled @ 15:14:27 ET)
2026-08-31 15:14:57 [INFO] SPY live price: $766.18  (polled @ 15:14:57 ET)
2026-08-31 15:15:12 [INFO] Leg market value: SPY260904C00766000     qty=-100 price=$4.0300  market_value=$-40300.00  unrealized_pl=$2900.00
2026-08-31 15:15:12 [INFO] Leg market value: SPY260904C00776000     qty=100  price=$0.5000  market_value=$5000.00  unrealized_pl=$-1600.00
2026-08-31 15:15:12 [INFO] Leg market value: SPY260904P00756000     qty=100  price=$0.8500  market_value=$8500.00  unrealized_pl=$-2000.00
2026-08-31 15:15:12 [INFO] Leg market value: SPY260904P00766000     qty=-100 price=$3.3400  market_value=$-33400.00  unrealized_pl=$2000.00
2026-08-31 15:15:12 [INFO] Combined market value: leg_total=$-60200.00  imv=$61500.00  combined=$1300.00  pnl_pct=2.11%
2026-08-31 15:15:27 [INFO] SPY live price: $766.12  (polled @ 15:15:27 ET)
2026-08-31 15:15:57 [INFO] SPY live price: $766.10  (polled @ 15:15:57 ET)
2026-08-31 15:16:12 [INFO] Leg market value: SPY260904C00766000     qty=-100 price=$4.0400  market_value=$-40400.00  unrealized_pl=$2800.00
2026-08-31 15:16:12 [INFO] Leg market value: SPY260904C00776000     qty=100  price=$0.5100  market_value=$5100.00  unrealized_pl=$-1500.00
2026-08-31 15:16:12 [INFO] Leg market value: SPY260904P00756000     qty=100  price=$0.8600  market_value=$8600.00  unrealized_pl=$-1900.00
2026-08-31 15:16:12 [INFO] Leg market value: SPY260904P00766000     qty=-100 price=$3.3600  market_value=$-33600.00  unrealized_pl=$1800.00
2026-08-31 15:16:12 [INFO] Combined market value: leg_total=$-60300.00  imv=$61500.00  combined=$1200.00  pnl_pct=1.95%
2026-08-31 15:16:27 [INFO] SPY live price: $766.13  (polled @ 15:16:27 ET)
2026-08-31 15:16:57 [INFO] SPY live price: $766.17  (polled @ 15:16:57 ET)
2026-08-31 15:17:12 [INFO] Leg market value: SPY260904C00766000     qty=-100 price=$4.0400  market_value=$-40400.00  unrealized_pl=$2800.00
2026-08-31 15:17:12 [INFO] Leg market value: SPY260904C00776000     qty=100  price=$0.5100  market_value=$5100.00  unrealized_pl=$-1500.00
2026-08-31 15:17:12 [INFO] Leg market value: SPY260904P00756000     qty=100  price=$0.8700  market_value=$8700.00  unrealized_pl=$-1800.00
2026-08-31 15:17:12 [INFO] Leg market value: SPY260904P00766000     qty=-100 price=$3.3600  market_value=$-33600.00  unrealized_pl=$1800.00
2026-08-31 15:17:12 [INFO] Combined market value: leg_total=$-60200.00  imv=$61500.00  combined=$1300.00  pnl_pct=2.11%
2026-08-31 15:17:27 [INFO] SPY live price: $766.18  (polled @ 15:17:27 ET)
2026-08-31 15:17:57 [INFO] SPY live price: $766.07  (polled @ 15:17:57 ET)
2026-08-31 15:18:12 [INFO] Leg market value: SPY260904C00766000     qty=-100 price=$3.9900  market_value=$-39900.00  unrealized_pl=$3300.00
2026-08-31 15:18:12 [INFO] Leg market value: SPY260904C00776000     qty=100  price=$0.5000  market_value=$5000.00  unrealized_pl=$-1600.00
2026-08-31 15:18:12 [INFO] Leg market value: SPY260904P00756000     qty=100  price=$0.8800  market_value=$8800.00  unrealized_pl=$-1700.00
2026-08-31 15:18:12 [INFO] Leg market value: SPY260904P00766000     qty=-100 price=$3.4000  market_value=$-34000.00  unrealized_pl=$1400.00
2026-08-31 15:18:12 [INFO] Combined market value: leg_total=$-60100.00  imv=$61500.00  combined=$1400.00  pnl_pct=2.28%
2026-08-31 15:18:27 [INFO] SPY live price: $766.01  (polled @ 15:18:27 ET)
2026-08-31 15:18:57 [INFO] SPY live price: $766.10  (polled @ 15:18:57 ET)
2026-08-31 15:19:12 [INFO] Leg market value: SPY260904C00766000     qty=-100 price=$4.0200  market_value=$-40200.00  unrealized_pl=$3000.00
2026-08-31 15:19:12 [INFO] Leg market value: SPY260904C00776000     qty=100  price=$0.5100  market_value=$5100.00  unrealized_pl=$-1500.00
2026-08-31 15:19:12 [INFO] Leg market value: SPY260904P00756000     qty=100  price=$0.8900  market_value=$8900.00  unrealized_pl=$-1600.00
2026-08-31 15:19:12 [INFO] Leg market value: SPY260904P00766000     qty=-100 price=$3.4200  market_value=$-34200.00  unrealized_pl=$1200.00
2026-08-31 15:19:12 [INFO] Combined market value: leg_total=$-60400.00  imv=$61500.00  combined=$1100.00  pnl_pct=1.79%
2026-08-31 15:19:27 [INFO] Heartbeat [Mon 15:19 ET] — trade_executed=False  open_attempted=True  |  OPEN SUBMITTED (77565f9c-e719-4086-8223-7fb63301ed23)  |  CLOSE in 00h20m32s
2026-08-31 15:19:27 [INFO] Position monitor: 4 SPY opts  pnl=$1200.00  pnl_pct=1.9%
2026-08-31 15:19:27 [INFO] SPY live price: $766.08  (polled @ 15:19:27 ET)
2026-08-31 15:19:57 [INFO] SPY live price: $766.05  (polled @ 15:19:57 ET)
2026-08-31 15:20:12 [INFO] Leg market value: SPY260904C00766000     qty=-100 price=$3.9800  market_value=$-39800.00  unrealized_pl=$3400.00
2026-08-31 15:20:12 [INFO] Leg market value: SPY260904C00776000     qty=100  price=$0.5000  market_value=$5000.00  unrealized_pl=$-1600.00
2026-08-31 15:20:12 [INFO] Leg market value: SPY260904P00756000     qty=100  price=$0.8900  market_value=$8900.00  unrealized_pl=$-1600.00
2026-08-31 15:20:12 [INFO] Leg market value: SPY260904P00766000     qty=-100 price=$3.4400  market_value=$-34400.00  unrealized_pl=$1000.00
2026-08-31 15:20:12 [INFO] Combined market value: leg_total=$-60300.00  imv=$61500.00  combined=$1200.00  pnl_pct=1.95%
2026-08-31 15:20:27 [INFO] SPY live price: $766.03  (polled @ 15:20:27 ET)
2026-08-31 15:20:57 [INFO] SPY live price: $766.05  (polled @ 15:20:57 ET)
2026-08-31 15:21:12 [INFO] Leg market value: SPY260904C00766000     qty=-100 price=$3.9800  market_value=$-39800.00  unrealized_pl=$3400.00
2026-08-31 15:21:12 [INFO] Leg market value: SPY260904C00776000     qty=100  price=$0.5000  market_value=$5000.00  unrealized_pl=$-1600.00
2026-08-31 15:21:12 [INFO] Leg market value: SPY260904P00756000     qty=100  price=$0.8900  market_value=$8900.00  unrealized_pl=$-1600.00
2026-08-31 15:21:12 [INFO] Leg market value: SPY260904P00766000     qty=-100 price=$3.4200  market_value=$-34200.00  unrealized_pl=$1200.00
2026-08-31 15:21:12 [INFO] Combined market value: leg_total=$-60100.00  imv=$61500.00  combined=$1400.00  pnl_pct=2.28%
2026-08-31 15:21:27 [INFO] SPY live price: $766.01  (polled @ 15:21:27 ET)
2026-08-31 15:21:57 [INFO] SPY live price: $766.01  (polled @ 15:21:57 ET)
2026-08-31 15:22:12 [INFO] Leg market value: SPY260904C00766000     qty=-100 price=$3.9800  market_value=$-39800.00  unrealized_pl=$3400.00
2026-08-31 15:22:12 [INFO] Leg market value: SPY260904C00776000     qty=100  price=$0.4900  market_value=$4900.00  unrealized_pl=$-1700.00
2026-08-31 15:22:12 [INFO] Leg market value: SPY260904P00756000     qty=100  price=$0.8900  market_value=$8900.00  unrealized_pl=$-1600.00
2026-08-31 15:22:12 [INFO] Leg market value: SPY260904P00766000     qty=-100 price=$3.4200  market_value=$-34200.00  unrealized_pl=$1200.00
2026-08-31 15:22:12 [INFO] Combined market value: leg_total=$-60200.00  imv=$61500.00  combined=$1300.00  pnl_pct=2.11%
2026-08-31 15:22:27 [INFO] SPY live price: $766.10  (polled @ 15:22:27 ET)
2026-08-31 15:22:57 [INFO] SPY live price: $766.22  (polled @ 15:22:57 ET)
2026-08-31 15:23:12 [INFO] Leg market value: SPY260904C00766000     qty=-100 price=$4.1100  market_value=$-41100.00  unrealized_pl=$2100.00
2026-08-31 15:23:12 [INFO] Leg market value: SPY260904C00776000     qty=100  price=$0.5200  market_value=$5200.00  unrealized_pl=$-1400.00
2026-08-31 15:23:12 [INFO] Leg market value: SPY260904P00756000     qty=100  price=$0.8500  market_value=$8500.00  unrealized_pl=$-2000.00
2026-08-31 15:23:12 [INFO] Leg market value: SPY260904P00766000     qty=-100 price=$3.3000  market_value=$-33000.00  unrealized_pl=$2400.00
2026-08-31 15:23:12 [INFO] Combined market value: leg_total=$-60400.00  imv=$61500.00  combined=$1100.00  pnl_pct=1.79%
2026-08-31 15:23:27 [INFO] SPY live price: $766.40  (polled @ 15:23:27 ET)
2026-08-31 15:23:57 [INFO] SPY live price: $766.32  (polled @ 15:23:57 ET)
2026-08-31 15:24:12 [INFO] Leg market value: SPY260904C00766000     qty=-100 price=$4.1400  market_value=$-41400.00  unrealized_pl=$1800.00
2026-08-31 15:24:12 [INFO] Leg market value: SPY260904C00776000     qty=100  price=$0.5300  market_value=$5300.00  unrealized_pl=$-1300.00
2026-08-31 15:24:12 [INFO] Leg market value: SPY260904P00756000     qty=100  price=$0.8500  market_value=$8500.00  unrealized_pl=$-2000.00
2026-08-31 15:24:12 [INFO] Leg market value: SPY260904P00766000     qty=-100 price=$3.2800  market_value=$-32800.00  unrealized_pl=$2600.00
2026-08-31 15:24:12 [INFO] Combined market value: leg_total=$-60400.00  imv=$61500.00  combined=$1100.00  pnl_pct=1.79%
2026-08-31 15:24:27 [INFO] Heartbeat [Mon 15:24 ET] — trade_executed=False  open_attempted=True  |  OPEN SUBMITTED (77565f9c-e719-4086-8223-7fb63301ed23)  |  CLOSE in 00h15m32s
2026-08-31 15:24:27 [INFO] Position monitor: 4 SPY opts  pnl=$1000.00  pnl_pct=1.6%
2026-08-31 15:24:27 [INFO] SPY live price: $766.37  (polled @ 15:24:27 ET)
2026-08-31 15:24:57 [INFO] SPY live price: $766.41  (polled @ 15:24:57 ET)
2026-08-31 15:25:12 [INFO] Leg market value: SPY260904C00766000     qty=-100 price=$4.1800  market_value=$-41800.00  unrealized_pl=$1400.00
2026-08-31 15:25:12 [INFO] Leg market value: SPY260904C00776000     qty=100  price=$0.5500  market_value=$5500.00  unrealized_pl=$-1100.00
2026-08-31 15:25:12 [INFO] Leg market value: SPY260904P00756000     qty=100  price=$0.8400  market_value=$8400.00  unrealized_pl=$-2100.00
2026-08-31 15:25:12 [INFO] Leg market value: SPY260904P00766000     qty=-100 price=$3.2700  market_value=$-32700.00  unrealized_pl=$2700.00
2026-08-31 15:25:12 [INFO] Combined market value: leg_total=$-60600.00  imv=$61500.00  combined=$900.00  pnl_pct=1.46%
2026-08-31 15:25:27 [INFO] SPY live price: $766.39  (polled @ 15:25:27 ET)
2026-08-31 15:25:57 [INFO] SPY live price: $766.36  (polled @ 15:25:57 ET)
2026-08-31 15:26:12 [INFO] Leg market value: SPY260904C00766000     qty=-100 price=$4.1300  market_value=$-41300.00  unrealized_pl=$1900.00
2026-08-31 15:26:12 [INFO] Leg market value: SPY260904C00776000     qty=100  price=$0.5300  market_value=$5300.00  unrealized_pl=$-1300.00
2026-08-31 15:26:12 [INFO] Leg market value: SPY260904P00756000     qty=100  price=$0.8600  market_value=$8600.00  unrealized_pl=$-1900.00
2026-08-31 15:26:12 [INFO] Leg market value: SPY260904P00766000     qty=-100 price=$3.3200  market_value=$-33200.00  unrealized_pl=$2200.00
2026-08-31 15:26:12 [INFO] Combined market value: leg_total=$-60600.00  imv=$61500.00  combined=$900.00  pnl_pct=1.46%
2026-08-31 15:26:27 [INFO] SPY live price: $766.36  (polled @ 15:26:27 ET)
2026-08-31 15:26:57 [INFO] SPY live price: $766.42  (polled @ 15:26:57 ET)
2026-08-31 15:27:12 [INFO] Leg market value: SPY260904C00766000     qty=-100 price=$4.1800  market_value=$-41800.00  unrealized_pl=$1400.00
2026-08-31 15:27:12 [INFO] Leg market value: SPY260904C00776000     qty=100  price=$0.5500  market_value=$5500.00  unrealized_pl=$-1100.00
2026-08-31 15:27:12 [INFO] Leg market value: SPY260904P00756000     qty=100  price=$0.8500  market_value=$8500.00  unrealized_pl=$-2000.00
2026-08-31 15:27:12 [INFO] Leg market value: SPY260904P00766000     qty=-100 price=$3.2700  market_value=$-32700.00  unrealized_pl=$2700.00
2026-08-31 15:27:12 [INFO] Combined market value: leg_total=$-60500.00  imv=$61500.00  combined=$1000.00  pnl_pct=1.63%
2026-08-31 15:27:27 [INFO] SPY live price: $766.42  (polled @ 15:27:27 ET)
2026-08-31 15:27:57 [INFO] SPY live price: $766.58  (polled @ 15:27:57 ET)
2026-08-31 15:28:12 [INFO] Leg market value: SPY260904C00766000     qty=-100 price=$4.3700  market_value=$-43700.00  unrealized_pl=$-500.00
2026-08-31 15:28:12 [INFO] Leg market value: SPY260904C00776000     qty=100  price=$0.5900  market_value=$5900.00  unrealized_pl=$-700.00
2026-08-31 15:28:12 [INFO] Leg market value: SPY260904P00756000     qty=100  price=$0.8000  market_value=$8000.00  unrealized_pl=$-2500.00
2026-08-31 15:28:12 [INFO] Leg market value: SPY260904P00766000     qty=-100 price=$3.1300  market_value=$-31300.00  unrealized_pl=$4100.00
2026-08-31 15:28:12 [INFO] Combined market value: leg_total=$-61100.00  imv=$61500.00  combined=$400.00  pnl_pct=0.65%
2026-08-31 15:28:27 [INFO] SPY live price: $766.61  (polled @ 15:28:27 ET)
2026-08-31 15:28:57 [INFO] SPY live price: $766.56  (polled @ 15:28:57 ET)
2026-08-31 15:29:12 [INFO] Leg market value: SPY260904C00766000     qty=-100 price=$4.3000  market_value=$-43000.00  unrealized_pl=$200.00
2026-08-31 15:29:12 [INFO] Leg market value: SPY260904C00776000     qty=100  price=$0.5700  market_value=$5700.00  unrealized_pl=$-900.00
2026-08-31 15:29:12 [INFO] Leg market value: SPY260904P00756000     qty=100  price=$0.8300  market_value=$8300.00  unrealized_pl=$-2200.00
2026-08-31 15:29:12 [INFO] Leg market value: SPY260904P00766000     qty=-100 price=$3.2000  market_value=$-32000.00  unrealized_pl=$3400.00
2026-08-31 15:29:12 [INFO] Combined market value: leg_total=$-61000.00  imv=$61500.00  combined=$500.00  pnl_pct=0.81%
2026-08-31 15:29:27 [INFO] Heartbeat [Mon 15:29 ET] — trade_executed=False  open_attempted=True  |  OPEN SUBMITTED (77565f9c-e719-4086-8223-7fb63301ed23)  |  CLOSE in 00h10m32s
2026-08-31 15:29:27 [INFO] Position monitor: 4 SPY opts  pnl=$400.00  pnl_pct=0.6%
2026-08-31 15:29:27 [INFO] SPY live price: $766.59  (polled @ 15:29:27 ET)
2026-08-31 15:29:57 [INFO] SPY live price: $766.67  (polled @ 15:29:57 ET)
2026-08-31 15:30:12 [INFO] Leg market value: SPY260904C00766000     qty=-100 price=$4.2500  market_value=$-42500.00  unrealized_pl=$700.00
2026-08-31 15:30:12 [INFO] Leg market value: SPY260904C00776000     qty=100  price=$0.5600  market_value=$5600.00  unrealized_pl=$-1000.00
2026-08-31 15:30:12 [INFO] Leg market value: SPY260904P00756000     qty=100  price=$0.8400  market_value=$8400.00  unrealized_pl=$-2100.00
2026-08-31 15:30:12 [INFO] Leg market value: SPY260904P00766000     qty=-100 price=$3.2400  market_value=$-32400.00  unrealized_pl=$3000.00
2026-08-31 15:30:12 [INFO] Combined market value: leg_total=$-60900.00  imv=$61500.00  combined=$600.00  pnl_pct=0.98%
2026-08-31 15:30:27 [INFO] SPY live price: $766.39  (polled @ 15:30:27 ET)
2026-08-31 15:30:57 [INFO] SPY live price: $766.39  (polled @ 15:30:57 ET)
2026-08-31 15:31:12 [INFO] Leg market value: SPY260904C00766000     qty=-100 price=$4.2100  market_value=$-42100.00  unrealized_pl=$1100.00
2026-08-31 15:31:12 [INFO] Leg market value: SPY260904C00776000     qty=100  price=$0.5500  market_value=$5500.00  unrealized_pl=$-1100.00
2026-08-31 15:31:12 [INFO] Leg market value: SPY260904P00756000     qty=100  price=$0.8500  market_value=$8500.00  unrealized_pl=$-2000.00
2026-08-31 15:31:12 [INFO] Leg market value: SPY260904P00766000     qty=-100 price=$3.2800  market_value=$-32800.00  unrealized_pl=$2600.00
2026-08-31 15:31:12 [INFO] Combined market value: leg_total=$-60900.00  imv=$61500.00  combined=$600.00  pnl_pct=0.98%
2026-08-31 15:31:27 [INFO] SPY live price: $766.42  (polled @ 15:31:27 ET)
2026-08-31 15:31:57 [INFO] SPY live price: $766.28  (polled @ 15:31:57 ET)
2026-08-31 15:32:12 [INFO] Leg market value: SPY260904C00766000     qty=-100 price=$4.1700  market_value=$-41700.00  unrealized_pl=$1500.00
2026-08-31 15:32:12 [INFO] Leg market value: SPY260904C00776000     qty=100  price=$0.5400  market_value=$5400.00  unrealized_pl=$-1200.00
2026-08-31 15:32:12 [INFO] Leg market value: SPY260904P00756000     qty=100  price=$0.8600  market_value=$8600.00  unrealized_pl=$-1900.00
2026-08-31 15:32:12 [INFO] Leg market value: SPY260904P00766000     qty=-100 price=$3.3100  market_value=$-33100.00  unrealized_pl=$2300.00
2026-08-31 15:32:12 [INFO] Combined market value: leg_total=$-60800.00  imv=$61500.00  combined=$700.00  pnl_pct=1.14%
2026-08-31 15:32:27 [INFO] SPY live price: $766.32  (polled @ 15:32:27 ET)
2026-08-31 15:32:57 [INFO] SPY live price: $766.29  (polled @ 15:32:57 ET)
2026-08-31 15:33:12 [INFO] Leg market value: SPY260904C00766000     qty=-100 price=$4.1200  market_value=$-41200.00  unrealized_pl=$2000.00
2026-08-31 15:33:12 [INFO] Leg market value: SPY260904C00776000     qty=100  price=$0.5300  market_value=$5300.00  unrealized_pl=$-1300.00
2026-08-31 15:33:12 [INFO] Leg market value: SPY260904P00756000     qty=100  price=$0.8600  market_value=$8600.00  unrealized_pl=$-1900.00
2026-08-31 15:33:12 [INFO] Leg market value: SPY260904P00766000     qty=-100 price=$3.3100  market_value=$-33100.00  unrealized_pl=$2300.00
2026-08-31 15:33:12 [INFO] Combined market value: leg_total=$-60400.00  imv=$61500.00  combined=$1100.00  pnl_pct=1.79%
2026-08-31 15:33:27 [INFO] SPY live price: $766.25  (polled @ 15:33:27 ET)
2026-08-31 15:33:57 [INFO] SPY live price: $766.32  (polled @ 15:33:57 ET)
2026-08-31 15:34:12 [INFO] Leg market value: SPY260904C00766000     qty=-100 price=$4.1300  market_value=$-41300.00  unrealized_pl=$1900.00
2026-08-31 15:34:12 [INFO] Leg market value: SPY260904C00776000     qty=100  price=$0.5300  market_value=$5300.00  unrealized_pl=$-1300.00
2026-08-31 15:34:12 [INFO] Leg market value: SPY260904P00756000     qty=100  price=$0.8500  market_value=$8500.00  unrealized_pl=$-2000.00
2026-08-31 15:34:12 [INFO] Leg market value: SPY260904P00766000     qty=-100 price=$3.2900  market_value=$-32900.00  unrealized_pl=$2500.00
2026-08-31 15:34:12 [INFO] Combined market value: leg_total=$-60400.00  imv=$61500.00  combined=$1100.00  pnl_pct=1.79%
2026-08-31 15:34:27 [INFO] Heartbeat [Mon 15:34 ET] — trade_executed=False  open_attempted=True  |  OPEN SUBMITTED (77565f9c-e719-4086-8223-7fb63301ed23)  |  CLOSE in 00h05m32s
2026-08-31 15:34:27 [INFO] SPY live price: $766.30  (polled @ 15:34:27 ET)
2026-08-31 15:34:27 [INFO] Position monitor: 4 SPY opts  pnl=$1100.00  pnl_pct=1.8%
2026-08-31 15:34:57 [INFO] SPY live price: $766.43  (polled @ 15:34:57 ET)
2026-08-31 15:35:12 [INFO] Leg market value: SPY260904C00766000     qty=-100 price=$4.1700  market_value=$-41700.00  unrealized_pl=$1500.00
2026-08-31 15:35:12 [INFO] Leg market value: SPY260904C00776000     qty=100  price=$0.5400  market_value=$5400.00  unrealized_pl=$-1200.00
2026-08-31 15:35:12 [INFO] Leg market value: SPY260904P00756000     qty=100  price=$0.8400  market_value=$8400.00  unrealized_pl=$-2100.00
2026-08-31 15:35:12 [INFO] Leg market value: SPY260904P00766000     qty=-100 price=$3.2500  market_value=$-32500.00  unrealized_pl=$2900.00
2026-08-31 15:35:12 [INFO] Combined market value: leg_total=$-60400.00  imv=$61500.00  combined=$1100.00  pnl_pct=1.79%
2026-08-31 15:35:27 [INFO] SPY live price: $766.41  (polled @ 15:35:27 ET)
2026-08-31 15:35:57 [INFO] SPY live price: $766.49  (polled @ 15:35:57 ET)
2026-08-31 15:36:12 [INFO] Leg market value: SPY260904C00766000     qty=-100 price=$4.2400  market_value=$-42400.00  unrealized_pl=$800.00
2026-08-31 15:36:12 [INFO] Leg market value: SPY260904C00776000     qty=100  price=$0.5600  market_value=$5600.00  unrealized_pl=$-1000.00
2026-08-31 15:36:12 [INFO] Leg market value: SPY260904P00756000     qty=100  price=$0.8300  market_value=$8300.00  unrealized_pl=$-2200.00
2026-08-31 15:36:12 [INFO] Leg market value: SPY260904P00766000     qty=-100 price=$3.2100  market_value=$-32100.00  unrealized_pl=$3300.00
2026-08-31 15:36:12 [INFO] Combined market value: leg_total=$-60600.00  imv=$61500.00  combined=$900.00  pnl_pct=1.46%
2026-08-31 15:36:27 [INFO] SPY live price: $766.63  (polled @ 15:36:27 ET)
2026-08-31 15:36:57 [INFO] SPY live price: $766.56  (polled @ 15:36:57 ET)
2026-08-31 15:37:12 [INFO] Leg market value: SPY260904C00766000     qty=-100 price=$4.2700  market_value=$-42700.00  unrealized_pl=$500.00
2026-08-31 15:37:12 [INFO] Leg market value: SPY260904C00776000     qty=100  price=$0.5600  market_value=$5600.00  unrealized_pl=$-1000.00
2026-08-31 15:37:12 [INFO] Leg market value: SPY260904P00756000     qty=100  price=$0.8200  market_value=$8200.00  unrealized_pl=$-2300.00
2026-08-31 15:37:12 [INFO] Leg market value: SPY260904P00766000     qty=-100 price=$3.1900  market_value=$-31900.00  unrealized_pl=$3500.00
2026-08-31 15:37:12 [INFO] Combined market value: leg_total=$-60800.00  imv=$61500.00  combined=$700.00  pnl_pct=1.14%
2026-08-31 15:37:27 [INFO] SPY live price: $766.60  (polled @ 15:37:27 ET)
2026-08-31 15:37:57 [INFO] SPY live price: $766.64  (polled @ 15:37:57 ET)
2026-08-31 15:38:12 [INFO] Leg market value: SPY260904C00766000     qty=-100 price=$4.3200  market_value=$-43200.00  unrealized_pl=$0.00
2026-08-31 15:38:12 [INFO] Leg market value: SPY260904C00776000     qty=100  price=$0.5700  market_value=$5700.00  unrealized_pl=$-900.00
2026-08-31 15:38:12 [INFO] Leg market value: SPY260904P00756000     qty=100  price=$0.8200  market_value=$8200.00  unrealized_pl=$-2300.00
2026-08-31 15:38:12 [INFO] Leg market value: SPY260904P00766000     qty=-100 price=$3.1600  market_value=$-31600.00  unrealized_pl=$3800.00
2026-08-31 15:38:12 [INFO] Combined market value: leg_total=$-60900.00  imv=$61500.00  combined=$600.00  pnl_pct=0.98%
2026-08-31 15:38:27 [INFO] SPY live price: $766.66  (polled @ 15:38:27 ET)
2026-08-31 15:38:57 [INFO] SPY live price: $766.63  (polled @ 15:38:57 ET)
2026-08-31 15:39:12 [INFO] Leg market value: SPY260904C00766000     qty=-100 price=$4.3300  market_value=$-43300.00  unrealized_pl=$-100.00
2026-08-31 15:39:12 [INFO] Leg market value: SPY260904C00776000     qty=100  price=$0.5800  market_value=$5800.00  unrealized_pl=$-800.00
2026-08-31 15:39:12 [INFO] Leg market value: SPY260904P00756000     qty=100  price=$0.8100  market_value=$8100.00  unrealized_pl=$-2400.00
2026-08-31 15:39:12 [INFO] Leg market value: SPY260904P00766000     qty=-100 price=$3.1600  market_value=$-31600.00  unrealized_pl=$3800.00
2026-08-31 15:39:12 [INFO] Combined market value: leg_total=$-61000.00  imv=$61500.00  combined=$500.00  pnl_pct=0.81%
2026-08-31 15:39:27 [INFO] Heartbeat [Mon 15:39 ET] — trade_executed=False  open_attempted=True  |  OPEN SUBMITTED (77565f9c-e719-4086-8223-7fb63301ed23)  |  CLOSE in 00h00m32s
2026-08-31 15:39:27 [INFO] SPY live price: $766.63  (polled @ 15:39:27 ET)
2026-08-31 15:39:27 [INFO] Position monitor: 4 SPY opts  pnl=$600.00  pnl_pct=1.0%
2026-08-31 15:39:57 [INFO] SPY live price: $766.62  (polled @ 15:39:57 ET)
2026-08-31 15:40:12 [INFO] ═══ Iron Butterfly SPY: CLOSE (scheduled) ═══
2026-08-31 15:40:12 [INFO] Leg market value: SPY260904C00766000     qty=-100 price=$4.3400  market_value=$-43400.00  unrealized_pl=$-200.00
2026-08-31 15:40:12 [INFO] Leg market value: SPY260904C00776000     qty=100  price=$0.5800  market_value=$5800.00  unrealized_pl=$-800.00
2026-08-31 15:40:12 [INFO] Leg market value: SPY260904P00756000     qty=100  price=$0.8200  market_value=$8200.00  unrealized_pl=$-2300.00
2026-08-31 15:40:12 [INFO] Leg market value: SPY260904P00766000     qty=-100 price=$3.1500  market_value=$-31500.00  unrealized_pl=$3900.00
2026-08-31 15:40:12 [INFO] Combined market value: leg_total=$-60900.00  imv=$61500.00  combined=$600.00  pnl_pct=0.98%
2026-08-31 15:40:12 [INFO] Found 4 SPY option position(s) to close.
2026-08-31 15:40:12 [INFO] Sending 1 close order(s) …
2026-08-31 15:40:12 [INFO] Close order 1/1: expiry=260904 qty=100 legs=4
2026-08-31 15:40:13 [INFO] Close order 1 submitted: id=d97b0e6d-6d52-465e-954f-76ab2bb2f0e6  status=pending_new
2026-08-31 15:40:16 [INFO] butterfly-close-1: order filled ✓
2026-08-31 15:40:16 [INFO] Iron Butterfly SPY CLOSE complete. unrealized_pnl=$600.00  reason=scheduled
2026-08-31 15:40:16 [INFO] CSV close row written → /Users/danielsavage/Desktop/Folders/VisualStudio/trade-iron-butterfly-weekly/csv-files/weekly_trading_spy_trades_log.csv  pnl=$600.00  reason=scheduled
2026-08-31 15:40:16 [INFO] Cumulative: 1 liquidations  total_pnl=$600.00  win_rate=100.0%
2026-08-31 15:40:26 [INFO] Short-leg cleanup: no positions remain — fully flat.
2026-08-31 15:40:26 [INFO] Trading week complete — process will exit once the scheduler loop notices.
2026-08-31 15:40:27 [INFO] Iron Butterfly SPY (Weekly Dynamic Live) scheduler stopped.
2026-08-31 15:40:27 [INFO] Cumulative: 1 liquidations  total_pnl=$600.00  win_rate=100.0%
2026-08-31 15:40:27 [INFO] Exiting.
